{
"type": "FeatureCollection",
"name": "rail_line",
"crs": { "type": "name", "properties": { "name": "urn:ogc:def:crs:OGC:1.3:CRS84" } },
"features": [
{ "type": "Feature", "properties": { "name": "Skyline guideway" }, "geometry": { "type": "Polygon", "coordinates": [ [ [ -157.886313575325971, 21.332012714989155 ], [ -157.886349807766464, 21.332029168735961 ], [ -157.886386050434737, 21.332045607658099 ], [ -157.886422260971784, 21.332061325799959 ], [ -157.886458805463832, 21.3320771693854 ], [ -157.886495304813991, 21.33209229367019 ], [ -157.886532137746059, 21.332107537896412 ], [ -157.886568911877049, 21.332122061872312 ], [ -157.886606024012423, 21.332136701897504 ], [ -157.886643063563866, 21.33215062244275 ], [ -157.886680443187515, 21.332164653668627 ], [ -157.886717734739847, 21.332177965939024 ], [ -157.886755371383714, 21.332191383346558 ], [ -157.886792906436085, 21.332204085359759 ], [ -157.886830784311854, 21.332216884175892 ], [ -157.886868551865746, 21.332228969800294 ], [ -157.886906663348071, 21.332241148637415 ], [ -157.886944647858599, 21.33225261418194 ], [ -157.886982982044003, 21.3322641675162 ], [ -157.887021175603593, 21.332275011365983 ], [ -157.887059717144098, 21.332285935903602 ], [ -157.887098106384343, 21.332296153032068 ], [ -157.887137142905658, 21.332306524448519 ], [ -157.887144251036261, 21.332308341951435 ], [ -157.887151656613611, 21.33231023172101 ], [ -157.887159072873146, 21.332312103248924 ], [ -157.887166496403637, 21.332313973709041 ], [ -157.887173923357295, 21.3323158251943 ], [ -157.887181348537126, 21.332317673103919 ], [ -157.887188787515583, 21.332319503954988 ], [ -157.88719623210045, 21.332321334830787 ], [ -157.887203674034851, 21.332323145239375 ], [ -157.887211125965166, 21.332324955411078 ], [ -157.887218581362362, 21.33232674837916 ], [ -157.887226042743208, 21.332328539888643 ], [ -157.887233508893672, 21.332330315388809 ], [ -157.887240977270039, 21.332332088522762 ], [ -157.887248455743276, 21.332333847119578 ], [ -157.887255937981706, 21.332335604819225 ], [ -157.887263424989698, 21.332337347374583 ], [ -157.887270906966194, 21.3323390869772 ], [ -157.887278398753836, 21.332340811716605 ], [ -157.887285901862384, 21.332342538169375 ], [ -157.887293408792686, 21.332344250346164 ], [ -157.887300910670461, 21.332345960478349 ], [ -157.887308421416606, 21.332347656592603 ], [ -157.887315937218602, 21.332349353848297 ], [ -157.88732345684474, 21.332351036818519 ], [ -157.887330981535627, 21.332352720921872 ], [ -157.887338506188229, 21.332354390766131 ], [ -157.88734604000544, 21.332356061960645 ], [ -157.887353570205988, 21.332357719891853 ], [ -157.887361108814957, 21.332359377675743 ], [ -157.887368655587892, 21.332361026092673 ], [ -157.887376206250821, 21.332362674463436 ], [ -157.887383754711209, 21.332364311883481 ], [ -157.887391303176088, 21.332365947513644 ], [ -157.887398864673997, 21.332367575488778 ], [ -157.887406426176852, 21.332369203464676 ], [ -157.887413986633931, 21.332370820745233 ], [ -157.887421556294015, 21.332372439301302 ], [ -157.887429127681088, 21.332374049541965 ], [ -157.887436701368415, 21.332375659374495 ], [ -157.887444279950671, 21.332377261965647 ], [ -157.887451863445222, 21.332378865392901 ], [ -157.887459450007867, 21.332380461878756 ], [ -157.887467036571167, 21.332382058364164 ], [ -157.887474621101745, 21.332383646837613 ], [ -157.887482219946008, 21.332385237609273 ], [ -157.887489819581958, 21.332386823648676 ], [ -157.887497415253506, 21.332388407961353 ], [ -157.887505015856931, 21.332389987706005 ], [ -157.887512623648377, 21.332391568745283 ], [ -157.887520231436383, 21.332393145282776 ], [ -157.88752784529413, 21.332394722878966 ], [ -157.887535454051886, 21.332396295817514 ], [ -157.887543073968487, 21.33239786996289 ], [ -157.88755069500769, 21.332399442536765 ], [ -157.887558314929436, 21.33240101397832 ], [ -157.887565935814564, 21.332402583617643 ], [ -157.887573562920011, 21.332404153635739 ], [ -157.887581195125676, 21.332405723800701 ], [ -157.887588832433352, 21.332407295014889 ], [ -157.887596464638904, 21.332408865178731 ], [ -157.887604096698993, 21.332410434409756 ], [ -157.888876315126424, 21.332672006283278 ], [ -157.89014855955665, 21.332933572922069 ], [ -157.89015689552528, 21.332935286550729 ], [ -157.890165220938201, 21.332936997585453 ], [ -157.890173543869111, 21.332938707207298 ], [ -157.89018186110107, 21.33294041475623 ], [ -157.890190179296951, 21.33294212050258 ], [ -157.890198488138907, 21.332943823429634 ], [ -157.890206802622629, 21.332945523711217 ], [ -157.890215103070261, 21.332947221121977 ], [ -157.890223404480253, 21.332948912235999 ], [ -157.890231704874736, 21.332950603142663 ], [ -157.890240002512684, 21.332952286804492 ], [ -157.890248286104963, 21.332953966718254 ], [ -157.890256576302335, 21.332955638603515 ], [ -157.890264866454828, 21.332957311184362 ], [ -157.89027314920412, 21.332958971314639 ], [ -157.890281431914303, 21.332960631245545 ], [ -157.890289712850659, 21.332962279680451 ], [ -157.890297983405759, 21.332963925153081 ], [ -157.890306260545998, 21.332965558825723 ], [ -157.890314530245064, 21.332967190841487 ], [ -157.89032279716298, 21.332968807622997 ], [ -157.890331064060007, 21.332970423319363 ], [ -157.890339333836749, 21.332972024712806 ], [ -157.890347590466178, 21.332973622483141 ], [ -157.890355850920827, 21.3329752034786 ], [ -157.890364109463093, 21.332976783214736 ], [ -157.890372364316192, 21.332978344395602 ], [ -157.890380618211111, 21.332979902898977 ], [ -157.890388875935855, 21.33298144428959 ], [ -157.890397119526767, 21.332982980371234 ], [ -157.890405372602373, 21.332984497744878 ], [ -157.890413616241545, 21.332986011603904 ], [ -157.890421864643599, 21.332987504119231 ], [ -157.890430108318384, 21.332988994000626 ], [ -157.890438352018805, 21.332990460819161 ], [ -157.890446590978996, 21.332991924129576 ], [ -157.890454833809997, 21.332993364202661 ], [ -157.890463068127985, 21.33299479996262 ], [ -157.890471308063326, 21.332996211043525 ], [ -157.890479547135214, 21.332997619315151 ], [ -157.890487782413004, 21.332999001167565 ], [ -157.890496008189842, 21.333000377001003 ], [ -157.890504244407623, 21.333001727074649 ], [ -157.890512475870025, 21.333003072829111 ], [ -157.890520707448815, 21.333004390268034 ], [ -157.890528936030108, 21.333005702657509 ], [ -157.890537170133058, 21.333006986892631 ], [ -157.89054539310888, 21.333008264978421 ], [ -157.890553617940867, 21.333009512337153 ], [ -157.890561843546294, 21.333010754519186 ], [ -157.8905700700316, 21.333011966004282 ], [ -157.890578291716821, 21.333013170613366 ], [ -157.890586517612661, 21.333014344177474 ], [ -157.890594737278093, 21.333015510424094 ], [ -157.890602955913351, 21.333016643444193 ], [ -157.890611180529703, 21.333017769989738 ], [ -157.890619400274431, 21.33301886357966 ], [ -157.89062761296239, 21.33301994720042 ], [ -157.890635834216852, 21.333020998069134 ], [ -157.890644047075682, 21.333022039727872 ], [ -157.890652264659707, 21.333023046291746 ], [ -157.890660464482664, 21.333024042572603 ], [ -157.890666169938214, 21.333024708559012 ], [ -157.890675385642965, 21.333025784492644 ], [ -157.89070034415829, 21.333028442841144 ], [ -157.890725430422577, 21.333031085530088 ], [ -157.890750199938935, 21.333033314873884 ], [ -157.890775328337725, 21.333035546993148 ], [ -157.890800135961683, 21.333037370479872 ], [ -157.890825303360941, 21.333039191466749 ], [ -157.890850141151759, 21.333040609189162 ], [ -157.890875338812805, 21.33304201887557 ], [ -157.890900197114604, 21.333043029798166 ], [ -157.890925418784803, 21.333044026577475 ], [ -157.890950294472788, 21.333044631751285 ], [ -157.890975778146668, 21.333045222111171 ], [ -157.89098380929525, 21.333045329372641 ], [ -157.890992098288905, 21.333045432177762 ], [ -157.891000383361245, 21.333045499833336 ], [ -157.891008678285857, 21.333045558786406 ], [ -157.891016978127738, 21.333045584379892 ], [ -157.891025277971295, 21.333045602063898 ], [ -157.8910335827415, 21.333045586344372 ], [ -157.89104189732646, 21.333045563563182 ], [ -157.891050211897891, 21.333045509089509 ], [ -157.891058530470133, 21.333045447535454 ], [ -157.891066850018859, 21.333045355151455 ], [ -157.891075178370698, 21.333045255603 ], [ -157.891083506733622, 21.333045126951884 ], [ -157.891091839048187, 21.333044991164915 ], [ -157.891100176388761, 21.333044827041835 ], [ -157.891108513640006, 21.333044656739716 ], [ -157.891116859763031, 21.333044457949601 ], [ -157.891125210785873, 21.333044254619928 ], [ -157.891133560885663, 21.333044023870116 ], [ -157.891141915888056, 21.333043788559561 ], [ -157.891150274694553, 21.333043526549528 ], [ -157.891158637609635, 21.333043260835879 ], [ -157.891166995843179, 21.333042969590444 ], [ -157.891175368395949, 21.333042673410556 ], [ -157.891183743950421, 21.333042353979209 ], [ -157.89119211992346, 21.333042030981254 ], [ -157.891200495715282, 21.333041684912892 ], [ -157.891208880118086, 21.333041334894101 ], [ -157.891217263577431, 21.333040963548051 ], [ -157.891225651210817, 21.333040588417571 ], [ -157.891234048642758, 21.333040192374689 ], [ -157.891242444870272, 21.333039794562488 ], [ -157.891250840681209, 21.333039376249609 ], [ -157.891259246975238, 21.333038955679701 ], [ -157.891267655715581, 21.33303851616563 ], [ -157.891276064039857, 21.333038075730855 ], [ -157.891284472669668, 21.333037616553064 ], [ -157.891292895383003, 21.333037155712475 ], [ -157.891301311607407, 21.333036679051599 ], [ -157.891309738556089, 21.333036200049897 ], [ -157.891318163609384, 21.333035706745406 ], [ -157.891326599382069, 21.333035211079629 ], [ -157.891335032936894, 21.333034702903372 ], [ -157.891343467129929, 21.333034192898555 ], [ -157.891351905893657, 21.333033670082258 ], [ -157.891360353126856, 21.33303314578454 ], [ -157.89136880461669, 21.333032610399552 ], [ -157.891377257739833, 21.333032074971886 ], [ -157.891385708918506, 21.333031528843556 ], [ -157.891394169200737, 21.333030982063907 ], [ -157.891402629845032, 21.333030426280821 ], [ -157.89141110512773, 21.333029870434792 ], [ -157.891419570329447, 21.333029307164075 ], [ -157.891428044289171, 21.333028743245563 ], [ -157.891436518622527, 21.333028173005253 ], [ -157.891445012103361, 21.333027602377154 ], [ -157.891453490353371, 21.333027028207006 ], [ -157.891461984194791, 21.3330264521448 ], [ -157.891470476716222, 21.333025874302752 ], [ -157.891478974830363, 21.333025295177585 ], [ -157.89148747355037, 21.333024715174844 ], [ -157.891495975823204, 21.333024133960212 ], [ -157.891600661503219, 21.333016983024567 ], [ -157.891705341476921, 21.333009831443277 ], [ -157.8917133821069, 21.333009282597679 ], [ -157.891721417240149, 21.333008734127013 ], [ -157.891729462697555, 21.333008185855039 ], [ -157.891737497830064, 21.333007638286855 ], [ -157.891745563931522, 21.333007091322347 ], [ -157.891753599062838, 21.333006546462816 ], [ -157.891761682366706, 21.333006002929988 ], [ -157.891769713296014, 21.333005462030791 ], [ -157.891777816498859, 21.33300492260965 ], [ -157.891785847422938, 21.333004387125335 ], [ -157.891793966122066, 21.333003853050126 ], [ -157.891802002205196, 21.333003324446086 ], [ -157.891810124288185, 21.333002797576153 ], [ -157.891818170936119, 21.333002276477913 ], [ -157.891818264620071, 21.333002270458714 ], [ -157.891826302617687, 21.333001758111909 ], [ -157.891834349275229, 21.333001246054476 ], [ -157.891834464330117, 21.333001238804819 ], [ -157.891842503283726, 21.333000737295901 ], [ -157.891850552569764, 21.33300023604582 ], [ -157.891850676578457, 21.333000228407062 ], [ -157.891858715524052, 21.332999738638748 ], [ -157.891866776780603, 21.332999249378926 ], [ -157.891866900813397, 21.332999241934665 ], [ -157.891874940712995, 21.332998764810636 ], [ -157.891883001286288, 21.332998288267945 ], [ -157.891883157665148, 21.332998279155671 ], [ -157.89189119948179, 21.332997817386037 ], [ -157.891899250034385, 21.332997355962171 ], [ -157.891899416751215, 21.332997346557605 ], [ -157.891907459519814, 21.332996900141854 ], [ -157.891915521389507, 21.332996454419817 ], [ -157.891915698452266, 21.332996444800656 ], [ -157.891923742172878, 21.332996015545096 ], [ -157.891931806580033, 21.332995586993711 ], [ -157.891932003174276, 21.33299557675625 ], [ -157.891940046880904, 21.332995166466588 ], [ -157.891948102468547, 21.332994756524066 ], [ -157.891948320363156, 21.3329947456931 ], [ -157.891956365981741, 21.332994355273819 ], [ -157.891964432301535, 21.33299396565813 ], [ -157.891964639882474, 21.332993955865312 ], [ -157.891972686451055, 21.33299358531573 ], [ -157.891980775908308, 21.332993216457719 ], [ -157.891980993368094, 21.332993206798637 ], [ -157.891989040883715, 21.332992858828238 ], [ -157.89199712982591, 21.332992512687987 ], [ -157.891997358643977, 21.332992503180325 ], [ -157.892005408071583, 21.332992178692916 ], [ -157.892013497519798, 21.33299185617398 ], [ -157.892013757422944, 21.332991846177915 ], [ -157.892021807795544, 21.332991547882383 ], [ -157.892029889252797, 21.332991251149377 ], [ -157.892030148744453, 21.332991241986036 ], [ -157.892038200061052, 21.3329909689792 ], [ -157.892046303202449, 21.332990698745093 ], [ -157.892046572752037, 21.332990690149373 ], [ -157.892054624048654, 21.332990445140222 ], [ -157.892062728491311, 21.33299020307394 ], [ -157.892063008782117, 21.332990195127522 ], [ -157.892071061985689, 21.332989979020454 ], [ -157.892079167037338, 21.332989766051973 ], [ -157.89207946809276, 21.332989758631978 ], [ -157.892087522237347, 21.332989573232695 ], [ -157.892095628242089, 21.332989391169601 ], [ -157.892095939684339, 21.332989384699321 ], [ -157.892103994769883, 21.332989230911018 ], [ -157.892112110923051, 21.332989081377221 ], [ -157.892112422401823, 21.332989076163486 ], [ -157.892120477463379, 21.332988954888663 ], [ -157.89212859591359, 21.332988838114304 ], [ -157.89212892796553, 21.332988833934621 ], [ -157.892136983966026, 21.332988746980377 ], [ -157.892145122980963, 21.332988666392264 ], [ -157.892145444707751, 21.332988663767249 ], [ -157.892153500683349, 21.33298861203599 ], [ -157.892161639683906, 21.33298856703378 ], [ -157.892161982201117, 21.3329885657751 ], [ -157.892170038148691, 21.332988551073228 ], [ -157.89217013158185, 21.332988550949857 ], [ -157.892178188487378, 21.332988544376864 ], [ -157.892178530997285, 21.332988544730998 ], [ -157.892186586917859, 21.332988567961706 ], [ -157.89218668029676, 21.332988568278076 ], [ -157.892194737175288, 21.332988599637563 ], [ -157.89219510048008, 21.332988601764498 ], [ -157.892203156370641, 21.332988664734181 ], [ -157.892203260154815, 21.33298866560359 ], [ -157.892211316039379, 21.332988737604566 ], [ -157.89221289443762, 21.332988765171851 ], [ -157.892347152368501, 21.332992255278917 ], [ -157.892351652800585, 21.33299248201045 ], [ -157.892485535814956, 21.333002500824438 ], [ -157.892490018045066, 21.3330029463106 ], [ -157.892623164690605, 21.333019467409475 ], [ -157.892624726704213, 21.333019674785412 ], [ -157.892632692172924, 21.33302080161782 ], [ -157.892632795176894, 21.333020816248517 ], [ -157.892640759675572, 21.333021952111615 ], [ -157.892641122311318, 21.333022004564686 ], [ -157.892649081968045, 21.33302317203546 ], [ -157.89265712327915, 21.333024358887684 ], [ -157.892657466962731, 21.3330244102773 ], [ -157.892665419844406, 21.333025614773167 ], [ -157.892665512505801, 21.33302562885531 ], [ -157.892673464417555, 21.333026841478759 ], [ -157.892673807860604, 21.333026894514887 ], [ -157.89268175396731, 21.333028136939031 ], [ -157.892689771474807, 21.333029397029414 ], [ -157.892690102867533, 21.333029449733459 ], [ -157.892698043165296, 21.333030727376979 ], [ -157.892706054790921, 21.333032023004197 ], [ -157.892706367505497, 21.333032074129299 ], [ -157.892714301030225, 21.333033385185296 ], [ -157.892722315883447, 21.333034717103921 ], [ -157.892722616520501, 21.333034767577256 ], [ -157.892730544238219, 21.333036112046237 ], [ -157.892738533955907, 21.333037472798058 ], [ -157.892738832521218, 21.333037524154228 ], [ -157.892746754431954, 21.333038900229891 ], [ -157.892754738327284, 21.333040292848619 ], [ -157.892755018438123, 21.33304034215497 ], [ -157.892762933579917, 21.333041748030421 ], [ -157.892770908828936, 21.333043170021917 ], [ -157.892771180606047, 21.333043218901658 ], [ -157.892779089942849, 21.333044653674186 ], [ -157.892787050266691, 21.333046102401429 ], [ -157.892787319945995, 21.333046151897296 ], [ -157.892795223479766, 21.333047614663808 ], [ -157.892803167977235, 21.333049088812608 ], [ -157.892803425480366, 21.33304913697377 ], [ -157.89281132417517, 21.333050625928472 ], [ -157.892819264849066, 21.333052126782768 ], [ -157.892819502213143, 21.333052171970124 ], [ -157.892827395106963, 21.333053685306218 ], [ -157.892835328916959, 21.333055210294319 ], [ -157.892835566088507, 21.333055256205618 ], [ -157.892843454144327, 21.333056793923603 ], [ -157.892851364298224, 21.333058338133394 ], [ -157.892851589287147, 21.333058382347065 ], [ -157.892859472508007, 21.333059941737432 ], [ -157.892867387794297, 21.333061510566854 ], [ -157.892867602660033, 21.333061553420343 ], [ -157.892875481044882, 21.333063134483105 ], [ -157.892883370507604, 21.333064718865305 ], [ -157.892883579564511, 21.333064761101287 ], [ -157.892891452153407, 21.333066361126342 ], [ -157.892899343387967, 21.333067966553717 ], [ -157.892899532515486, 21.333068005237791 ], [ -157.892907401235334, 21.333069623323123 ], [ -157.8929152897596, 21.333071247289329 ], [ -157.892915466743233, 21.333071283905646 ], [ -157.892923331595142, 21.333072919148165 ], [ -157.892931216229698, 21.333074560312145 ], [ -157.892931373355765, 21.333074593160916 ], [ -157.892939234340645, 21.333076243754132 ], [ -157.892947115090976, 21.333077900305831 ], [ -157.892947260058889, 21.333077930900672 ], [ -157.892955118141799, 21.333079595942184 ], [ -157.89296298609753, 21.333081263978915 ], [ -157.892963123370691, 21.333081293191086 ], [ -157.892970977588618, 21.333082970873789 ], [ -157.892978850258856, 21.333084654100443 ], [ -157.892978967766055, 21.333084679304744 ], [ -157.892986819083944, 21.333086368726143 ], [ -157.892994688824956, 21.333088063712712 ], [ -157.892994796456946, 21.33308808696215 ], [ -157.893002643738669, 21.333089786972678 ], [ -157.893010491988434, 21.333091486984422 ], [ -157.89301059505047, 21.333091509370764 ], [ -157.893018442499397, 21.33309321865806 ], [ -157.893026301117033, 21.333094931491402 ], [ -157.893034227682023, 21.333096666608824 ], [ -157.893042074529774, 21.333098384524639 ], [ -157.893049989297964, 21.333100123872882 ], [ -157.893057832884438, 21.333101847607544 ], [ -157.893065733063651, 21.333103589429044 ], [ -157.893073570951827, 21.33310531684732 ], [ -157.893081461775523, 21.333107060462329 ], [ -157.893089304774037, 21.333108793735654 ], [ -157.8930971749582, 21.333110535731674 ], [ -157.893105015642249, 21.333112271202765 ], [ -157.893112872229096, 21.333114012001449 ], [ -157.893120708192669, 21.333115747542347 ], [ -157.893688766285521, 21.333241593338876 ], [ -157.894256827212246, 21.333367437945384 ], [ -157.894264898013716, 21.333369225833327 ], [ -157.894272959526319, 21.333371011663132 ], [ -157.894281021041138, 21.333372795688209 ], [ -157.894289081434437, 21.333374579465023 ], [ -157.894297138013599, 21.333376360381763 ], [ -157.894305181383658, 21.333378137477979 ], [ -157.894313229531292, 21.333379911125956 ], [ -157.894321278943067, 21.333381685741582 ], [ -157.894329319302074, 21.333383452542364 ], [ -157.894337353919127, 21.333385217392188 ], [ -157.894345394123405, 21.33338697675331 ], [ -157.894353424764773, 21.333388734021387 ], [ -157.894361456216956, 21.33339048296487 ], [ -157.894369484966489, 21.33339223111161 ], [ -157.894377509885572, 21.33339396924416 ], [ -157.894385525083777, 21.333395704168368 ], [ -157.894393546987828, 21.333397429372347 ], [ -157.894401565070154, 21.333399153548875 ], [ -157.894409580274299, 21.333400865055694 ], [ -157.8944175905566, 21.333402574412741 ], [ -157.894425604799068, 21.333404271476066 ], [ -157.894433608367564, 21.333405965384923 ], [ -157.894441616833575, 21.333407645223431 ], [ -157.89444961846533, 21.333409322934067 ], [ -157.894457623814816, 21.333410985245461 ], [ -157.894465625427102, 21.333412645887794 ], [ -157.89447362123633, 21.333414288489699 ], [ -157.894481615996312, 21.333415928201017 ], [ -157.894489615530944, 21.333417551872504 ], [ -157.894497606467013, 21.333419171126778 ], [ -157.894505600179457, 21.333420772367681 ], [ -157.894513589007403, 21.333422369771206 ], [ -157.894521583621099, 21.33342394869803 ], [ -157.894529569576463, 21.33342552324752 ], [ -157.894537552487009, 21.333427076024812 ], [ -157.894545537306669, 21.333428625252893 ], [ -157.894553525941404, 21.333430154061013 ], [ -157.89456150680121, 21.333431677471459 ], [ -157.894569492433988, 21.333433178893426 ], [ -157.894577468335456, 21.333434674764451 ], [ -157.894585453835191, 21.333436147615338 ], [ -157.894593429637723, 21.333437615847874 ], [ -157.894601407213685, 21.333439057705508 ], [ -157.894609384779187, 21.333440496021375 ], [ -157.894617362242286, 21.33344190765817 ], [ -157.894625341572748, 21.333443315037041 ], [ -157.894633315878167, 21.333444695086687 ], [ -157.894641285351156, 21.333446067958786 ], [ -157.894649265388296, 21.333447415185219 ], [ -157.894657236615387, 21.333448755473267 ], [ -157.894665208628254, 21.333450066738333 ], [ -157.894673177530137, 21.333451371169865 ], [ -157.894681150303342, 21.333452646395575 ], [ -157.894689120064555, 21.333453914676831 ], [ -157.894697089642477, 21.333455152267529 ], [ -157.894705061108169, 21.333456382821481 ], [ -157.894713032380309, 21.333457582725654 ], [ -157.894720995702187, 21.333458773247312 ], [ -157.89472896373104, 21.33345993215703 ], [ -157.894736928714963, 21.33346108245264 ], [ -157.894744898407794, 21.333462200278756 ], [ -157.894752953489757, 21.333463321834593 ], [ -157.894754421397778, 21.333463522857187 ], [ -157.894777823243658, 21.33346653444422 ], [ -157.894802857171385, 21.333469739748676 ], [ -157.894827563620396, 21.333472521634473 ], [ -157.894852629071636, 21.333475315165263 ], [ -157.894877382050907, 21.333477691961164 ], [ -157.894902496831378, 21.333480075274512 ], [ -157.89492729160628, 21.333482047243187 ], [ -157.89495244629407, 21.333484020139313 ], [ -157.894977271441405, 21.333485586050621 ], [ -157.895002459307761, 21.333487146019369 ], [ -157.895027312967727, 21.333488306335383 ], [ -157.895052525326349, 21.333489454994442 ], [ -157.895077394491096, 21.33349020851081 ], [ -157.895102625370782, 21.333490944181033 ], [ -157.895127507203085, 21.333491291041828 ], [ -157.895152745343211, 21.333491614555239 ], [ -157.895177628789185, 21.333491553819595 ], [ -157.895202872308431, 21.333491464326343 ], [ -157.895227750399044, 21.333490997763207 ], [ -157.895252987642891, 21.33349049525561 ], [ -157.895277852581614, 21.333489621995895 ], [ -157.895303075549123, 21.333488706480662 ], [ -157.895327922955204, 21.333487426371043 ], [ -157.895353124906819, 21.333486099625134 ], [ -157.895377942119126, 21.333484412921873 ], [ -157.895403117781228, 21.333482673869167 ], [ -157.89542790118702, 21.333480582152951 ], [ -157.895453038375905, 21.33347843190657 ], [ -157.895477777987963, 21.333475935312951 ], [ -157.895502871701893, 21.333473373754483 ], [ -157.895527562882364, 21.333470472855758 ], [ -157.89555260357497, 21.333467501971121 ], [ -157.895577236069158, 21.333464196947887 ], [ -157.895602221264824, 21.333460816992208 ], [ -157.895626786506625, 21.333457110775253 ], [ -157.895651702541954, 21.333453322433769 ], [ -157.895676197736577, 21.333449214300998 ], [ -157.895701040068104, 21.333445019771297 ], [ -157.895725453133309, 21.333440512230339 ], [ -157.895750213439953, 21.333435911807388 ], [ -157.895774538862696, 21.333431005399024 ], [ -157.895799210621476, 21.333426000285474 ], [ -157.895823441954349, 21.333420697406723 ], [ -157.895848014710481, 21.333415290350082 ], [ -157.895872143251296, 21.333409591247406 ], [ -157.895896612959461, 21.333403783056703 ], [ -157.895920631316955, 21.333397690336636 ], [ -157.895944989146699, 21.333391483051134 ], [ -157.895968890567701, 21.333384998519712 ], [ -157.895993129907254, 21.333378393644104 ], [ -157.896016905207887, 21.333371520426844 ], [ -157.896041016829997, 21.333364519301401 ], [ -157.896064662700581, 21.333357257935386 ], [ -157.896088639385141, 21.333349864005296 ], [ -157.896112148070785, 21.333342216551213 ], [ -157.89613598351832, 21.333334432376013 ], [ -157.896159343024976, 21.33332640264948 ], [ -157.896183029983519, 21.33331822902673 ], [ -157.896206237397109, 21.333309818091134 ], [ -157.896229768809405, 21.333301258705799 ], [ -157.896252815832526, 21.333292469257934 ], [ -157.896276184762343, 21.333283526182591 ], [ -157.896299064756306, 21.333274361410549 ], [ -157.896322263007164, 21.333265037892797 ], [ -157.896344967704408, 21.333255500743007 ], [ -157.8963679888098, 21.333245799001507 ], [ -157.896390514344887, 21.333235891354477 ], [ -157.896413586737225, 21.333225711193755 ], [ -157.896420602764294, 21.333222532924573 ], [ -157.89642784734076, 21.333219240233106 ], [ -157.8964350870815, 21.333215913944638 ], [ -157.896442323087882, 21.333212580623982 ], [ -157.896449548164384, 21.333209216431875 ], [ -157.896456773518736, 21.333205844207857 ], [ -157.896463985900027, 21.333202442890194 ], [ -157.896471199504191, 21.333199033507512 ], [ -157.896478402110233, 21.333195594926913 ], [ -157.896485605884351, 21.33319214915651 ], [ -157.896492794622361, 21.333188676957707 ], [ -157.896499992620591, 21.333185193626964 ], [ -157.896507175392827, 21.333181686589338 ], [ -157.896514354393048, 21.333178174260684 ], [ -157.896521528342532, 21.333174633222477 ], [ -157.896528702289402, 21.333171086838025 ], [ -157.896535863940812, 21.333167515684121 ], [ -157.896543030856833, 21.333163936953142 ], [ -157.896550183715476, 21.333160336124262 ], [ -157.896557340418752, 21.333156727983056 ], [ -157.896564487803232, 21.3331530966177 ], [ -157.896571639288823, 21.333149458661694 ], [ -157.896578778490692, 21.333145800315663 ], [ -157.89658591793372, 21.333142137329968 ], [ -157.89659304991406, 21.333138451944169 ], [ -157.896600189872714, 21.333134758790795 ], [ -157.896607317273435, 21.333131048094728 ], [ -157.896614445659026, 21.33312733273765 ], [ -157.896621567921386, 21.333123597353943 ], [ -157.896628689250491, 21.333119859295032 ], [ -157.896635807815471, 21.333116099404069 ], [ -157.896642929249481, 21.333112336605144 ], [ -157.896650036417583, 21.333108558914926 ], [ -157.896657154599609, 21.333104773081132 ], [ -157.896664265869504, 21.333100971211287 ], [ -157.896671375221899, 21.333097168456558 ], [ -157.896678480369985, 21.333093348199966 ], [ -157.896685596899147, 21.333089520930038 ], [ -157.896692698886369, 21.333085684368076 ], [ -157.896699802101097, 21.333081844841463 ], [ -157.896706903664665, 21.333077989567784 ], [ -157.896714014966193, 21.333074128112187 ], [ -157.896721117401114, 21.333070257102836 ], [ -157.896728218875893, 21.333066385200976 ], [ -157.896735319624327, 21.333062499299981 ], [ -157.896742430082838, 21.33305860808418 ], [ -157.896749531056344, 21.333054709954876 ], [ -157.896756639527098, 21.333050806812331 ], [ -157.89676374225445, 21.333046896488799 ], [ -157.896770849396859, 21.333042982837028 ], [ -157.896777954245579, 21.333039061153173 ], [ -157.8967850640866, 21.333035136182804 ], [ -157.896792173264657, 21.333031203696702 ], [ -157.896799291436338, 21.333027266234772 ], [ -157.896806404240607, 21.333023326015056 ], [ -157.896813520226573, 21.333019383665789 ], [ -157.896820634844573, 21.333015436873602 ], [ -157.896827755413995, 21.333011486780148 ], [ -157.89683487405469, 21.333007533984937 ], [ -157.896842005544187, 21.333003574589693 ], [ -157.896849130682398, 21.332999616748634 ], [ -157.896856267720182, 21.332995652832832 ], [ -157.896963772366007, 21.332935938632428 ], [ -157.897071276652696, 21.332876223442188 ], [ -157.897078412548723, 21.332872260144306 ], [ -157.897085543616924, 21.332868298991858 ], [ -157.89709269665488, 21.332864328515811 ], [ -157.897099824954438, 21.332860370338128 ], [ -157.89710699235377, 21.332856394236813 ], [ -157.897114133913391, 21.332852433013638 ], [ -157.897121306288028, 21.332848458854258 ], [ -157.897128444383043, 21.332844503698627 ], [ -157.897135641360023, 21.332840522594868 ], [ -157.89714279077802, 21.332836568727259 ], [ -157.89714999372967, 21.332832592300448 ], [ -157.897157143936454, 21.332828645552123 ], [ -157.89715722147713, 21.332828602802199 ], [ -157.897164371123125, 21.332824665716736 ], [ -157.897171526143183, 21.332820726203156 ], [ -157.89717161123275, 21.332820679414304 ], [ -157.897178765691734, 21.332816750459749 ], [ -157.897185933018989, 21.332812815871858 ], [ -157.897186034508053, 21.332812760244806 ], [ -157.897193195707985, 21.332808841228651 ], [ -157.897200369776783, 21.332804916601077 ], [ -157.89720047887451, 21.33280485701809 ], [ -157.897207646813484, 21.332800948843531 ], [ -157.897214814753994, 21.332797040667817 ], [ -157.897214955339251, 21.332796964181661 ], [ -157.897222130980197, 21.332793068655601 ], [ -157.897229306623586, 21.332789173127985 ], [ -157.897229447364936, 21.332789096887012 ], [ -157.897236630707823, 21.332785214009544 ], [ -157.897243826951154, 21.332781325584666 ], [ -157.897243979791483, 21.332781243192642 ], [ -157.897251172763418, 21.332777374771268 ], [ -157.897258380900212, 21.332773500001483 ], [ -157.897258538294182, 21.332773415598385 ], [ -157.897265740895051, 21.332769562536313 ], [ -157.897272958695112, 21.332765703150212 ], [ -157.897273139129567, 21.332765606939255 ], [ -157.897280351356386, 21.332761771945876 ], [ -157.897287581799247, 21.332757929197228 ], [ -157.897287758165788, 21.332757835719061 ], [ -157.897294980983645, 21.332754017891972 ], [ -157.897302237307827, 21.332750186090632 ], [ -157.897302430266308, 21.332750084500184 ], [ -157.897309665601114, 21.332746286549902 ], [ -157.897316921543592, 21.332742480097011 ], [ -157.897317134480176, 21.332742368759032 ], [ -157.897324382331959, 21.332738591588747 ], [ -157.897331658525928, 21.332734802864881 ], [ -157.897331871838048, 21.332734692160535 ], [ -157.897339132205843, 21.332730936673432 ], [ -157.89734643394587, 21.332727164408123 ], [ -157.897346655383501, 21.332727050401875 ], [ -157.897353929229268, 21.332723318404962 ], [ -157.897361236767381, 21.332719572827699 ], [ -157.89736147840901, 21.332719449437509 ], [ -157.897368766696729, 21.332715741834491 ], [ -157.897376096519451, 21.332712017707763 ], [ -157.897376350678996, 21.33271188908779 ], [ -157.897383654371652, 21.33270820768567 ], [ -157.897390999684603, 21.332704509901333 ], [ -157.897391250150406, 21.332704384306787 ], [ -157.897398568283023, 21.332700729104957 ], [ -157.897405948982993, 21.332697049543491 ], [ -157.897406216235424, 21.332696916868528 ], [ -157.897413551699003, 21.332693290578288 ], [ -157.897420936845606, 21.332689645212874 ], [ -157.897421216318719, 21.332689507871411 ], [ -157.897428567185301, 21.332685911394655 ], [ -157.897435978069041, 21.332682291980444 ], [ -157.8974362661356, 21.33268215193354 ], [ -157.897443634331154, 21.332678586174783 ], [ -157.897451065510978, 21.332674996780781 ], [ -157.897451370490103, 21.332674850185384 ], [ -157.897458756977642, 21.332671316951416 ], [ -157.897466214600541, 21.332667757430865 ], [ -157.897466520298025, 21.332667612235003 ], [ -157.897473925076469, 21.332664112428922 ], [ -157.897481401184905, 21.332660586633661 ], [ -157.897481715655488, 21.332660439076072 ], [ -157.897489138724922, 21.332656973601189 ], [ -157.897489227542451, 21.332656932195931 ], [ -157.897496654461889, 21.332653474851636 ], [ -157.89749696972757, 21.332653328836503 ], [ -157.897504412050949, 21.332649899499806 ], [ -157.897504509238047, 21.332649854787672 ], [ -157.897511955410437, 21.332646434484666 ], [ -157.897512279631542, 21.33264628634052 ], [ -157.897519741207901, 21.332642894948215 ], [ -157.897519834482324, 21.332642852618136 ], [ -157.897527300871673, 21.332639469357023 ], [ -157.897529321502702, 21.332638583599842 ], [ -157.897656671758824, 21.33258461784623 ], [ -157.897660445690207, 21.3325831182146 ], [ -157.897790376312855, 21.332534849357604 ], [ -157.897794221960908, 21.332533518352896 ], [ -157.897926440804554, 21.332491055493392 ], [ -157.897930348701863, 21.332489896373332 ], [ -157.898064560739954, 21.332453333257082 ], [ -157.898068524200511, 21.332452348069221 ], [ -157.898204430560753, 21.33242176850613 ], [ -157.898208437628085, 21.332420960211351 ], [ -157.898345734628947, 21.332396429945156 ], [ -157.898349779116757, 21.332395799755052 ], [ -157.898488159229856, 21.332377375497 ], [ -157.898492230595025, 21.332376925105731 ], [ -157.898631385339058, 21.332364647309806 ], [ -157.898635474535013, 21.332364377669759 ], [ -157.89877509351075, 21.33235827324247 ], [ -157.898779192721378, 21.332358184912266 ], [ -157.898918962644302, 21.332358269018133 ], [ -157.898923060536646, 21.332358362228003 ], [ -157.899062671030634, 21.332364632873912 ], [ -157.89906489496903, 21.33236475960268 ], [ -157.899073165447447, 21.332365330859886 ], [ -157.89907326572299, 21.332365337840862 ], [ -157.899081536196434, 21.332365918129465 ], [ -157.899081909350457, 21.332365945069984 ], [ -157.899090176908913, 21.33236655877397 ], [ -157.899090267873675, 21.332366565571427 ], [ -157.899098534462098, 21.332367187402916 ], [ -157.899098897463745, 21.332367215427496 ], [ -157.899107161138204, 21.332367869771158 ], [ -157.899107252081279, 21.332367877017465 ], [ -157.899115514786729, 21.332368539488726 ], [ -157.899115866737816, 21.332368568383355 ], [ -157.899124127494275, 21.332369262464095 ], [ -157.899132468124094, 21.332369970678986 ], [ -157.899132809871816, 21.332370000337548 ], [ -157.899141066746296, 21.332370732348565 ], [ -157.899149403534892, 21.33237147879057 ], [ -157.899149727032892, 21.332371508329793 ], [ -157.899157979062352, 21.332372276464099 ], [ -157.899166310959515, 21.332373059293257 ], [ -157.899166633315133, 21.332373090151656 ], [ -157.899174882428611, 21.332373894410438 ], [ -157.899183191454796, 21.332374710043307 ], [ -157.899183504757985, 21.332374741337702 ], [ -157.899191749028461, 21.332375579010275 ], [ -157.899200043125234, 21.332376426274863 ], [ -157.899200355202822, 21.33237645869055 ], [ -157.899208596559305, 21.332377328874998 ], [ -157.899216887845284, 21.332378208962322 ], [ -157.899217179858113, 21.332378240428426 ], [ -157.899225417338613, 21.332379141317663 ], [ -157.899233704745228, 21.332380052301975 ], [ -157.899233986668577, 21.332380083730893 ], [ -157.899242220272157, 21.332381014421699 ], [ -157.899250493623953, 21.332381953226633 ], [ -157.899250766679558, 21.332381984623169 ], [ -157.89925899640906, 21.332382943309366 ], [ -157.899267265852984, 21.332383910243284 ], [ -157.899267518966866, 21.332383940194021 ], [ -157.89927574482337, 21.332384925069103 ], [ -157.899284010361896, 21.332385918316653 ], [ -157.8992842621102, 21.332385948919722 ], [ -157.899292485056662, 21.332386959984401 ], [ -157.899300727826358, 21.332387975294754 ], [ -157.899300970866193, 21.332388005558894 ], [ -157.899309189940766, 21.332389040102957 ], [ -157.899317428823736, 21.332390078948627 ], [ -157.899317660552185, 21.332390108465489 ], [ -157.899325876719701, 21.332391165586429 ], [ -157.899334112679242, 21.332392227062183 ], [ -157.899334324521448, 21.332392254614476 ], [ -157.899342537783014, 21.332393332505902 ], [ -157.899350771237948, 21.332394414981888 ], [ -157.899350961853571, 21.33239444024484 ], [ -157.899359172210126, 21.332395537100368 ], [ -157.899367412210154, 21.332396640630304 ], [ -157.899367594264817, 21.332396665196384 ], [ -157.899375801717383, 21.332397781016102 ], [ -157.89938401950792, 21.332398899275244 ], [ -157.899384190222406, 21.332398922668169 ], [ -157.899392394771951, 21.332400054742575 ], [ -157.899400619057644, 21.332401191348264 ], [ -157.899400769964075, 21.332401212330808 ], [ -157.899408972575657, 21.332402359757189 ], [ -157.899417194911166, 21.332403511750908 ], [ -157.899417337385415, 21.332403531825701 ], [ -157.89942553709497, 21.33240469370029 ], [ -157.899433736805292, 21.332405855574549 ], [ -157.899433877770178, 21.332405875659887 ], [ -157.899442075544755, 21.332407050176972 ], [ -157.899450282636451, 21.332408226794865 ], [ -157.89945039551381, 21.332408243048896 ], [ -157.899458591352385, 21.332409428402169 ], [ -157.899466797039452, 21.332410616083166 ], [ -157.899466897025349, 21.332410630610958 ], [ -157.899475091893947, 21.332411825897726 ], [ -157.899483286764394, 21.332413021184617 ], [ -157.899483388254652, 21.332413036045445 ], [ -157.899491576270378, 21.332414239638922 ], [ -157.899499764285707, 21.332415442329424 ], [ -157.899508036514533, 21.33241666479223 ], [ -157.899516228482412, 21.332417875429591 ], [ -157.899524484972289, 21.33241910209027 ], [ -157.899532671055226, 21.332420317415206 ], [ -157.899540911043346, 21.33242154541535 ], [ -157.899549101260305, 21.332422765869037 ], [ -157.899557322351313, 21.332423993781234 ], [ -157.899565512979649, 21.332425217291814 ], [ -157.899573711282358, 21.332426442708648 ], [ -157.899581910171435, 21.332427669260461 ], [ -157.900749962332895, 21.332602364116926 ], [ -157.901918007308979, 21.332777049616613 ], [ -157.90192291728826, 21.332777783477813 ], [ -157.901927831138977, 21.332778518819239 ], [ -157.901932728600627, 21.332779249909134 ], [ -157.901937650642424, 21.332779985571328 ], [ -157.901942548103335, 21.332780716660665 ], [ -157.901947444266, 21.332781446656238 ], [ -157.901952349585486, 21.332782176972295 ], [ -157.901957248344104, 21.332782906453922 ], [ -157.901962137274211, 21.332783632532664 ], [ -157.901967027498529, 21.332784357904693 ], [ -157.901971916433411, 21.332785081288328 ], [ -157.90197680633122, 21.332785803774353 ], [ -157.901981697517101, 21.332786524653088 ], [ -157.901986572298682, 21.332787242218203 ], [ -157.901991454001546, 21.332787957214077 ], [ -157.90199632846037, 21.332788671009375 ], [ -157.902001204194136, 21.332789380512622 ], [ -157.90200608685862, 21.332790091919538 ], [ -157.902010954074655, 21.332790795574816 ], [ -157.902015829498055, 21.332791500416288 ], [ -157.902020697674288, 21.332792199602782 ], [ -157.902025557639433, 21.332792896717226 ], [ -157.90203042677453, 21.332793589646759 ], [ -157.902035287694417, 21.332794281406958 ], [ -157.902040141355627, 21.332794965762421 ], [ -157.902045003231592, 21.332795650383634 ], [ -157.902049866062271, 21.332796329650701 ], [ -157.902054720670066, 21.332797006878003 ], [ -157.902059568006564, 21.332797676732689 ], [ -157.902064414142018, 21.332798344642917 ], [ -157.902069271613129, 21.332799007617407 ], [ -157.902074119899879, 21.332799668577945 ], [ -157.902078968905926, 21.332800322264763 ], [ -157.902083801465892, 21.332800972848151 ], [ -157.902088644169424, 21.332801615665726 ], [ -157.902093488233817, 21.332802258789076 ], [ -157.902098323644765, 21.33280289165107 ], [ -157.902103168444143, 21.332803524853844 ], [ -157.902107997696902, 21.332804147937349 ], [ -157.902112825818193, 21.332804768220793 ], [ -157.902117664093339, 21.332805381590639 ], [ -157.902122495225598, 21.33280599228501 ], [ -157.902127326204266, 21.332806593993894 ], [ -157.902132141625856, 21.33280719188491 ], [ -157.902136967328886, 21.332807780335251 ], [ -157.902141800220193, 21.332808368777275 ], [ -157.902146618480685, 21.332808945511093 ], [ -157.902151428481659, 21.332809518615704 ], [ -157.902156248645611, 21.332810082127761 ], [ -157.902161069827031, 21.332810643994826 ], [ -157.902165890935493, 21.332811195164069 ], [ -157.902170704716696, 21.332811743628163 ], [ -157.902175512142662, 21.332812279836958 ], [ -157.902180318572135, 21.332812813298556 ], [ -157.902185125939639, 21.332813335236818 ], [ -157.902189936159289, 21.332813854747034 ], [ -157.902194745436816, 21.332814362732719 ], [ -157.902199548301468, 21.33281486721296 ], [ -157.902204343768972, 21.332815358655203 ], [ -157.902209146683646, 21.33281584725707 ], [ -157.902213944079875, 21.332816323725414 ], [ -157.902218662282706, 21.332816788022495 ], [ -157.902226299962962, 21.332817507930788 ], [ -157.902236003753529, 21.332818422121843 ], [ -157.902259732683149, 21.332820397732707 ], [ -157.902283602211583, 21.332822367610856 ], [ -157.902307143287032, 21.332823940751958 ], [ -157.902331043083592, 21.332825519964473 ], [ -157.902354609832912, 21.332826707150822 ], [ -157.902378839505246, 21.332827910153128 ], [ -157.902383357241035, 21.332828093354966 ], [ -157.902388185389015, 21.332828285635347 ], [ -157.902393005782102, 21.332828466186697 ], [ -157.902397827779396, 21.33282864238474 ], [ -157.902402665605166, 21.332828807770188 ], [ -157.90240749567684, 21.332828970227162 ], [ -157.902412326040064, 21.332829120411848 ], [ -157.902417172917865, 21.332829268469101 ], [ -157.902422012364212, 21.332829405725882 ], [ -157.902426852058966, 21.332829539474513 ], [ -157.902431700143097, 21.332829662890809 ], [ -157.902436548013753, 21.33282978366077 ], [ -157.902441405440868, 21.332829894063572 ], [ -157.902446253517212, 21.332830002513841 ], [ -157.902451110757255, 21.332830099685026 ], [ -157.902455976580256, 21.332830196144307 ], [ -157.902460834006774, 21.332830281854964 ], [ -157.902465699821676, 21.332830365946784 ], [ -157.902470573908005, 21.332830440447893 ], [ -157.902475440682963, 21.332830513939847 ], [ -157.902480306516594, 21.332830576830908 ], [ -157.902485190089578, 21.332830639052901 ], [ -157.902490064321995, 21.332830692318446 ], [ -157.902494947820173, 21.332830743902569 ], [ -157.902499831414588, 21.332830787509824 ], [ -157.902504715065277, 21.332830829344594 ], [ -157.902509597698554, 21.332830863200517 ], [ -157.902514489638776, 21.332830895338912 ], [ -157.902519381638285, 21.332830920374164 ], [ -157.902524282040588, 21.332830943673272 ], [ -157.902529182447239, 21.332830960746147 ], [ -157.90253407445104, 21.332830976013749 ], [ -157.90253898326327, 21.332830984205813 ], [ -157.902543892075954, 21.332830992397763 ], [ -157.90254879249045, 21.332830993459904 ], [ -157.902553701307653, 21.332830993632776 ], [ -157.902558618531828, 21.332830987558264 ], [ -157.902563535729115, 21.332830981483689 ], [ -157.9025684519668, 21.332830969161016 ], [ -157.902573369249183, 21.332830956838407 ], [ -157.902578286483731, 21.332830938268351 ], [ -157.902583220519716, 21.332830920528693 ], [ -157.902588137758329, 21.332830896603301 ], [ -157.902593080201569, 21.332830873450732 ], [ -157.902598005845817, 21.332830845014094 ], [ -157.902602948228179, 21.332830816480623 ], [ -157.902607881312406, 21.332830784412455 ], [ -157.902612823826388, 21.332830751392489 ], [ -157.902617766279434, 21.332830715681641 ], [ -157.902622708655969, 21.332830679074071 ], [ -157.902627658471857, 21.332830639707872 ], [ -157.902632609482907, 21.332830600340301 ], [ -157.902637551857282, 21.332830558349961 ], [ -157.902642510153868, 21.332830515315443 ], [ -157.902647477898228, 21.332830471305989 ], [ -157.902652428759239, 21.332830427445916 ], [ -157.90265737962207, 21.332830380889959 ], [ -157.902662363034494, 21.332830334921344 ], [ -157.902667322293723, 21.332830288286143 ], [ -157.902672288900959, 21.332830240670322 ], [ -157.902677265152136, 21.332830192971894 ], [ -157.902682240494045, 21.332830145281893 ], [ -157.903033135255271, 21.332826776013629 ], [ -157.903384030728091, 21.33282340600573 ], [ -157.903387346035885, 21.332823374520533 ], [ -157.903390650354993, 21.332823342230814 ], [ -157.903393992612365, 21.332823310476858 ], [ -157.903397309666985, 21.33282327896567 ], [ -157.903400626723936, 21.332823247454456 ], [ -157.903403943778187, 21.332823215943172 ], [ -157.903407260831187, 21.332823184431785 ], [ -157.903410590488789, 21.332823153703774 ], [ -157.903413894941394, 21.332823122311989 ], [ -157.90341723720087, 21.332823091467588 ], [ -157.903420567948984, 21.332823061645424 ], [ -157.903423872272839, 21.332823031154398 ], [ -157.903427214531519, 21.332823001219854 ], [ -157.90343053158341, 21.332822971514371 ], [ -157.903433873841294, 21.332822942489692 ], [ -157.903437190896085, 21.332822913687277 ], [ -157.903440533154338, 21.332822885572554 ], [ -157.903443850205292, 21.332822857673175 ], [ -157.90344719349315, 21.332822830468274 ], [ -157.903450510480326, 21.332822803472492 ], [ -157.903453852733861, 21.332822777177519 ], [ -157.903457169789647, 21.33282275108429 ], [ -157.903460524645169, 21.332822726506659 ], [ -157.903463829095358, 21.332822701412148 ], [ -157.903467197627492, 21.33282267765879 ], [ -157.903470514568681, 21.332822654275553 ], [ -157.90347386942662, 21.332822632438177 ], [ -157.903477173870783, 21.332822610042594 ], [ -157.903480541332414, 21.332822589039957 ], [ -157.903483859527853, 21.332822568364602 ], [ -157.903487226803435, 21.332822549196759 ], [ -157.903490543849671, 21.332822530328173 ], [ -157.903493911311813, 21.332822512992898 ], [ -157.903497229472379, 21.332822495930316 ], [ -157.903500584174395, 21.332822480487472 ], [ -157.903503888615489, 21.332822464389576 ], [ -157.903507281281691, 21.332822450602251 ], [ -157.903510599410993, 21.332822437152348 ], [ -157.903513979348702, 21.332822426177501 ], [ -157.9035172837863, 21.33282241457805 ], [ -157.903520651242019, 21.332822404577385 ], [ -157.903523994543406, 21.332822395572119 ], [ -157.903527361909937, 21.332822388322285 ], [ -157.903530678950744, 21.332822381194269 ], [ -157.903534071611006, 21.332822376644046 ], [ -157.903537389663683, 21.33282237222587 ], [ -157.90354075706307, 21.332822369560088 ], [ -157.903544099307709, 21.33282236783436 ], [ -157.903547467738917, 21.332822367919704 ], [ -157.903550784758806, 21.332822368016682 ], [ -157.903550885591301, 21.332822368074542 ], [ -157.903554190014518, 21.332822371770025 ], [ -157.90355749540376, 21.332822374566245 ], [ -157.903560888066352, 21.332822380176911 ], [ -157.903564230304255, 21.332822386641144 ], [ -157.903567597750367, 21.332822394977619 ], [ -157.903570940893076, 21.33282240417228 ], [ -157.90357433360208, 21.332822416249233 ], [ -157.903577650628051, 21.332822428086907 ], [ -157.903581044139656, 21.332822442935012 ], [ -157.903584386472403, 21.332822458499717 ], [ -157.90358775390817, 21.332822476004733 ], [ -157.903591096140445, 21.332822494299002 ], [ -157.903592885946779, 21.332822521402957 ], [ -157.903796195363554, 21.332827566516752 ], [ -157.903798829439751, 21.332827669429662 ], [ -157.904001881581735, 21.332838500796203 ], [ -157.904004511095735, 21.332838678657627 ], [ -157.904207118018377, 21.332855286236018 ], [ -157.904209740897613, 21.33285553892042 ], [ -157.904411715624292, 21.332877908154877 ], [ -157.904413506399464, 21.332878124215863 ], [ -157.904416779946047, 21.332878551672188 ], [ -157.904420053493453, 21.332878978228685 ], [ -157.90442015583838, 21.33287899162287 ], [ -157.90442344078258, 21.332879423402524 ], [ -157.904426725723454, 21.332879855181506 ], [ -157.90443008482535, 21.332880299448707 ], [ -157.904433394478843, 21.332880738112639 ], [ -157.904436731371732, 21.332881182339701 ], [ -157.904440040054652, 21.33288162373313 ], [ -157.904443398145702, 21.332882074461622 ], [ -157.90444668212001, 21.332882515271855 ], [ -157.904450018066314, 21.332882965009389 ], [ -157.904453323187141, 21.332883411382614 ], [ -157.904456683825543, 21.332883868129468 ], [ -157.904459966826806, 21.332884314357074 ], [ -157.904463301827974, 21.332884769605354 ], [ -157.904466605930537, 21.332885221425766 ], [ -157.904469953264424, 21.332885682024177 ], [ -157.90447322296842, 21.332886131073707 ], [ -157.904476579028454, 21.332886594723163 ], [ -157.904479861069518, 21.332887048176548 ], [ -157.904483195113983, 21.332887510769513 ], [ -157.904486500858127, 21.332887970358019 ], [ -157.904489806594938, 21.332888430855391 ], [ -157.904493109639333, 21.3328888917531 ], [ -157.904496444556344, 21.332889359191732 ], [ -157.904499723792412, 21.332889818709017 ], [ -157.904503055045154, 21.33289028747086 ], [ -157.904506334271844, 21.33289074879216 ], [ -157.904509679690193, 21.332891222292957 ], [ -157.904512947473023, 21.332891683938488 ], [ -157.904516276869145, 21.33289215610829 ], [ -157.904519556971223, 21.332892621300516 ], [ -157.904522864474302, 21.332893091422672 ], [ -157.90452616549203, 21.332893561396631 ], [ -157.904529483454127, 21.332894035736093 ], [ -157.904532749366467, 21.332894501613659 ], [ -157.904536081514323, 21.332894978898786 ], [ -157.904539360650944, 21.332895448606134 ], [ -157.904542664423019, 21.332895922749024 ], [ -157.904545968182617, 21.332896397799914 ], [ -157.904549250120738, 21.332896869854533 ], [ -157.904552550118524, 21.332897345274446 ], [ -157.90455585479927, 21.33289782241685 ], [ -157.9045591320467, 21.332898295464233 ], [ -157.904562424417406, 21.332898771736296 ], [ -157.90456568934917, 21.332899243005759 ], [ -157.9045690205472, 21.332899725801106 ], [ -157.904572298719501, 21.332900200926883 ], [ -157.904575589195815, 21.332900678739048 ], [ -157.904578855056172, 21.332901152080144 ], [ -157.904582170149979, 21.332901634370195 ], [ -157.904585436009995, 21.332902108610838 ], [ -157.904588738799532, 21.332902589120867 ], [ -157.904592016966262, 21.332903066051824 ], [ -157.904595295137739, 21.332903542983527 ], [ -157.904598598858712, 21.332904024679017 ], [ -157.904601862814246, 21.332904500441668 ], [ -157.904605128675627, 21.332904975582061 ], [ -157.904608431457802, 21.332905457000599 ], [ -157.904611710571402, 21.332905935112439 ], [ -157.904614986831007, 21.332906412668262 ], [ -157.904618279561333, 21.332906893528627 ], [ -157.904908538340834, 21.332949216779454 ], [ -157.90519881009925, 21.332991540977261 ], [ -157.905205368198381, 21.332992497921232 ], [ -157.905211912238684, 21.332993451772495 ], [ -157.905218461462908, 21.332994405616745 ], [ -157.905225004550744, 21.332995358427326 ], [ -157.905231548589342, 21.332996309572888 ], [ -157.905238086474185, 21.33299725982393 ], [ -157.905244624357493, 21.332998207372217 ], [ -157.905251161294075, 21.332999155682753 ], [ -157.90525768688326, 21.33300009771466 ], [ -157.9052642186318, 21.333001040635395 ], [ -157.905270746128252, 21.333001979208163 ], [ -157.905277259405722, 21.33300291497606 ], [ -157.90528377982659, 21.333003846108213 ], [ -157.905290301160505, 21.33300477840373 ], [ -157.905296810230169, 21.333005701504838 ], [ -157.905303333476553, 21.33300662751352 ], [ -157.905309837314746, 21.333007543603561 ], [ -157.905316341188438, 21.333008458669088 ], [ -157.905322852189641, 21.333009367433373 ], [ -157.905329352738448, 21.33301027460573 ], [ -157.905335853291376, 21.333011172831934 ], [ -157.905342347714765, 21.333012070079928 ], [ -157.905348844001139, 21.333012957621705 ], [ -157.90535533939385, 21.333013845041418 ], [ -157.905361830526886, 21.333014721798413 ], [ -157.905368316367714, 21.333015596948261 ], [ -157.905374796105804, 21.333016460453141 ], [ -157.90538128211341, 21.333017322883254 ], [ -157.905387771769369, 21.333018175733173 ], [ -157.905394241059497, 21.333019024251769 ], [ -157.905400724723449, 21.333019861808911 ], [ -157.905407203898875, 21.333020698785703 ], [ -157.905413670809054, 21.333021520727598 ], [ -157.905420137838973, 21.333022340787434 ], [ -157.905426607606358, 21.333023147626196 ], [ -157.905433076562133, 21.333023952586739 ], [ -157.905439542989683, 21.333024743564554 ], [ -157.905446008462235, 21.333025531877535 ], [ -157.90545246979255, 21.33302630603929 ], [ -157.905458919508391, 21.333027075268589 ], [ -157.905465383521971, 21.333027830901631 ], [ -157.905471840563621, 21.333028583947648 ], [ -157.905478294252731, 21.333029320342614 ], [ -157.905484742480269, 21.3330300534613 ], [ -157.905491191862723, 21.333030769697697 ], [ -157.905497635989747, 21.333031482596038 ], [ -157.905504082729209, 21.333032177906901 ], [ -157.905510529445337, 21.333032870564516 ], [ -157.905516971132926, 21.333033544830467 ], [ -157.905523413777843, 21.333034215568517 ], [ -157.905529852097033, 21.333034868028328 ], [ -157.905536285142972, 21.333035515454743 ], [ -157.905542720729699, 21.333036144450297 ], [ -157.905549149429561, 21.333036768372715 ], [ -157.905555580967899, 21.333037372940161 ], [ -157.90556201312134, 21.333037973165066 ], [ -157.905568440308855, 21.333038553412802 ], [ -157.90557486220635, 21.333039127829228 ], [ -157.905581292249906, 21.33303968258863 ], [ -157.905587711296732, 21.333040231931545 ], [ -157.905594131273944, 21.333040759338282 ], [ -157.90560057500295, 21.33304128421663 ], [ -157.905601738324037, 21.333041375568577 ], [ -157.905605558038133, 21.333041676985705 ], [ -157.905630684759899, 21.333043440509833 ], [ -157.905655857345522, 21.333045184633765 ], [ -157.905680699688077, 21.333046519458609 ], [ -157.905705903070896, 21.333047851608821 ], [ -157.905730766952189, 21.333048780645132 ], [ -157.905755990058822, 21.333049700606153 ], [ -157.905780866177253, 21.333050222912167 ], [ -157.905806102929745, 21.333050729868216 ], [ -157.905830986805853, 21.333050845490469 ], [ -157.90585622950087, 21.333050940304318 ], [ -157.905881108616143, 21.333050649235801 ], [ -157.905906349551657, 21.33305033015009 ], [ -157.905931222543074, 21.333049632317941 ], [ -157.905956452086144, 21.333048901093999 ], [ -157.905981308187989, 21.333047796542466 ], [ -157.906006520457424, 21.333046653203183 ], [ -157.906031350862463, 21.333045141961321 ], [ -157.906056539000645, 21.333043586427753 ], [ -157.906081338494374, 21.333041669288082 ], [ -157.906106493748041, 21.333039702429517 ], [ -157.906131253114182, 21.333037380405678 ], [ -157.906156365973203, 21.33303500239137 ], [ -157.906181078339245, 21.33303227534401 ], [ -157.906206145636304, 21.333029486719514 ], [ -157.906230803910034, 21.333026356451843 ], [ -157.906255814947087, 21.333023158316589 ], [ -157.906280410628142, 21.333019625714837 ], [ -157.906305357886794, 21.333016018958052 ], [ -157.906329883277692, 21.333012084934154 ], [ -157.90635475935423, 21.3330080704282 ], [ -157.906379208979558, 21.333003735677657 ], [ -157.906404006525179, 21.332999314990129 ], [ -157.906428373228493, 21.332994581174301 ], [ -157.906453082009023, 21.332989756748511 ], [ -157.906477355316866, 21.33298462426168 ], [ -157.906502251699806, 21.332979336784792 ], [ -157.906508244271805, 21.332978005409416 ], [ -157.906514515160069, 21.332976605640805 ], [ -157.906520781374155, 21.332975186563079 ], [ -157.906527045722555, 21.332973761340075 ], [ -157.906533318752679, 21.332972313726167 ], [ -157.906539583451661, 21.332970863426009 ], [ -157.90654584697171, 21.332969391877413 ], [ -157.90655212343222, 21.332967913321298 ], [ -157.906558384319794, 21.332966419081071 ], [ -157.906564653655579, 21.33296491708969 ], [ -157.906570925725504, 21.332963396558313 ], [ -157.906577190968477, 21.332961873048028 ], [ -157.906583455872578, 21.332960330841303 ], [ -157.906589720440849, 21.332958784725029 ], [ -157.906595993029811, 21.332957218026348 ], [ -157.906602262137341, 21.332955649958354 ], [ -157.906608523831977, 21.33295406490565 ], [ -157.906614797305167, 21.332952474217517 ], [ -157.906621068724519, 21.332950866921458 ], [ -157.906627341453003, 21.332949257033391 ], [ -157.90663360551568, 21.332947632718916 ], [ -157.906639870284863, 21.332946005075595 ], [ -157.906646139436845, 21.332944359996787 ], [ -157.906652421929664, 21.332942709640928 ], [ -157.906658693162655, 21.332941047940349 ], [ -157.906664961785367, 21.3329393840196 ], [ -157.906671227337341, 21.33293770634927 ], [ -157.906677506218585, 21.33293602244304 ], [ -157.906683785453652, 21.332934325857675 ], [ -157.906690059607683, 21.332932628610219 ], [ -157.906696330933499, 21.332930918911714 ], [ -157.906702611226763, 21.332929204727822 ], [ -157.906708889420855, 21.332927479390307 ], [ -157.906715173415165, 21.332925750675695 ], [ -157.906721453607958, 21.332924012152613 ], [ -157.906727728007581, 21.332922273451786 ], [ -157.906734010188785, 21.332920520830594 ], [ -157.906740299881818, 21.332918766113529 ], [ -157.906746586721738, 21.332917001566699 ], [ -157.906752873569843, 21.332915237017374 ], [ -157.906759155819515, 21.332913463131263 ], [ -157.906765450405345, 21.332911685491219 ], [ -157.906771744836334, 21.332909899298045 ], [ -157.906778037509469, 21.332908113602866 ], [ -157.906784327327642, 21.332906319849055 ], [ -157.906790630435466, 21.332904522305078 ], [ -157.906796925870594, 21.332902720130694 ], [ -157.906803227068934, 21.332900915409333 ], [ -157.906809532117194, 21.332899103649538 ], [ -157.906815837165681, 21.332897291889683 ], [ -157.90682214029539, 21.332895474743214 ], [ -157.906828456716624, 21.332893654663568 ], [ -157.906834758891023, 21.332891833027347 ], [ -157.906841079147711, 21.332890005885975 ], [ -157.906847399405876, 21.332888176043095 ], [ -157.906853718693924, 21.332886346201722 ], [ -157.906860032238541, 21.332884515324935 ], [ -157.906866356321075, 21.332882680211156 ], [ -157.906872687938744, 21.332880842008564 ], [ -157.906879019555248, 21.332879003806099 ], [ -157.906885351170956, 21.332877164701173 ], [ -157.906891686548335, 21.332875324503433 ], [ -157.907011422362217, 21.332840539631103 ], [ -157.907131161995295, 21.332805753205676 ], [ -157.907140217251339, 21.332803122813761 ], [ -157.907149273125242, 21.332800492522885 ], [ -157.907158338562738, 21.332797861260428 ], [ -157.907167387909453, 21.332795233766912 ], [ -157.907176476927162, 21.332792598653779 ], [ -157.907185531260183, 21.332789973603727 ], [ -157.907194636782009, 21.33278733970506 ], [ -157.907203689009435, 21.332784720337006 ], [ -157.907212812571657, 21.332782088136213 ], [ -157.907221866723518, 21.332779475087282 ], [ -157.907231007757503, 21.332776845965835 ], [ -157.907240076883767, 21.332774238468652 ], [ -157.907249220830892, 21.332771618458857 ], [ -157.907258300912645, 21.332769018594735 ], [ -157.907258397088754, 21.332768991114111 ], [ -157.90726746392258, 21.332766405807256 ], [ -157.90727653417926, 21.332763819799041 ], [ -157.907276657074391, 21.33276378485369 ], [ -157.907285728718193, 21.332761212192935 ], [ -157.907294808444988, 21.332758638143009 ], [ -157.907294941934765, 21.332758600409118 ], [ -157.907304018388601, 21.332756042200856 ], [ -157.907313102933443, 21.332753482615221 ], [ -157.907313244583065, 21.33275344282853 ], [ -157.907322325847872, 21.332750899975863 ], [ -157.907331426690348, 21.332748353718948 ], [ -157.907331582216273, 21.332748310353949 ], [ -157.907340668289038, 21.332745785566459 ], [ -157.907349769211805, 21.332743258092552 ], [ -157.90734994347693, 21.332743209882295 ], [ -157.907359036284703, 21.33274070406431 ], [ -157.907368145326643, 21.332738195579338 ], [ -157.907368332629318, 21.332738144213589 ], [ -157.907377432170051, 21.332735659171398 ], [ -157.907386539842321, 21.332733172811526 ], [ -157.907386751671282, 21.332733115256662 ], [ -157.907395857946028, 21.332730652796457 ], [ -157.907404983822261, 21.332728187104493 ], [ -157.907405195808963, 21.332728130101902 ], [ -157.907414309779654, 21.332725691127592 ], [ -157.907423448216036, 21.332723248318153 ], [ -157.907423670870202, 21.33272318910107 ], [ -157.907432792536866, 21.332720775418952 ], [ -157.907441938706995, 21.332718357964815 ], [ -157.907442186074292, 21.332718292952837 ], [ -157.90745131543494, 21.332715907272394 ], [ -157.907460472594352, 21.332713517292493 ], [ -157.907460720174385, 21.332713453045269 ], [ -157.907469858192002, 21.332711095367117 ], [ -157.907479032229418, 21.332708732263544 ], [ -157.907479296452721, 21.332708664623762 ], [ -157.907488443125317, 21.332706337657193 ], [ -157.907497629058099, 21.332704004814374 ], [ -157.907497899550378, 21.332703936559987 ], [ -157.90750705488, 21.33270164120831 ], [ -157.907516257704657, 21.332699338960101 ], [ -157.907516549383558, 21.332699266500892 ], [ -157.907525715294099, 21.332697005474795 ], [ -157.907534925591193, 21.332694738263754 ], [ -157.907535225829832, 21.332694664894831 ], [ -157.90754440135737, 21.332692439096821 ], [ -157.907553621326656, 21.332690207278265 ], [ -157.907553940564128, 21.332690130608711 ], [ -157.907563126671675, 21.332687941845691 ], [ -157.907572357280372, 21.332685747235644 ], [ -157.907572691348662, 21.332685668471321 ], [ -157.907581887071188, 21.33268351854927 ], [ -157.907591138693988, 21.332681361444287 ], [ -157.90759147316615, 21.332681284120003 ], [ -157.907600679466668, 21.332679173942328 ], [ -157.90760995004041, 21.332677055819378 ], [ -157.907610303596641, 21.332676975775847 ], [ -157.907619521438107, 21.332674908052862 ], [ -157.907628800645227, 21.332672833123212 ], [ -157.907629162972739, 21.332672752873407 ], [ -157.907638391390179, 21.332670728507601 ], [ -157.907647692560602, 21.332668695859503 ], [ -157.907648063670621, 21.332668615563954 ], [ -157.907657303627019, 21.33266663636233 ], [ -157.907666624799077, 21.332664648341712 ], [ -157.907666994448618, 21.332664570299517 ], [ -157.907676244979001, 21.332662637164567 ], [ -157.907676341190324, 21.332662617112504 ], [ -157.907685593642697, 21.332660693913056 ], [ -157.907685975883652, 21.332660615308281 ], [ -157.907695238913988, 21.332658730950708 ], [ -157.907695333428052, 21.332658711775615 ], [ -157.907704597416398, 21.332656837352943 ], [ -157.907707965496087, 21.332656220943655 ], [ -157.90785405608267, 21.332632284735276 ], [ -157.90785734960258, 21.332631806010109 ], [ -157.908004314065977, 21.332613145601751 ], [ -157.908007624976051, 21.332612785754641 ], [ -157.908155246422638, 21.332599429023951 ], [ -157.908158570178074, 21.332599188588507 ], [ -157.908306629788399, 21.332591156187593 ], [ -157.908309959695345, 21.332591035609124 ], [ -157.908458238657886, 21.332588337352473 ], [ -157.908461667247707, 21.332588338458613 ], [ -157.908471143950464, 21.332588517028878 ], [ -157.908471241128154, 21.332588518911034 ], [ -157.908480716860964, 21.332588707415081 ], [ -157.908481113854066, 21.33258871616442 ], [ -157.9084905885978, 21.332588945310452 ], [ -157.908490676758674, 21.332588947484638 ], [ -157.90850015149644, 21.33258918566176 ], [ -157.908500539592723, 21.332589196232181 ], [ -157.908510013342521, 21.332589474148094 ], [ -157.908519565717, 21.332589762560595 ], [ -157.908519944932067, 21.332589774789458 ], [ -157.908529416724832, 21.332590099668337 ], [ -157.908538967162826, 21.332590435439645 ], [ -157.908539328668013, 21.332590448858014 ], [ -157.908548798504768, 21.332590818893571 ], [ -157.908558338788623, 21.332591198933716 ], [ -157.908558700552959, 21.33259121405457 ], [ -157.908568168434755, 21.332591628343508 ], [ -157.90857769737886, 21.332592051688803 ], [ -157.908578041045644, 21.332592067597869 ], [ -157.908587506974385, 21.332592523430776 ], [ -157.908597033976747, 21.332592988593412 ], [ -157.908597359919099, 21.332593005084696 ], [ -157.908606823893905, 21.332593500655182 ], [ -157.908616348479796, 21.332594005842534 ], [ -157.908616665525614, 21.332594023205047 ], [ -157.908626126585403, 21.332594557609411 ], [ -157.908635640381448, 21.332595100426492 ], [ -157.908635949591144, 21.332595118588525 ], [ -157.908645407735918, 21.332595690020462 ], [ -157.908654918592447, 21.332596270070972 ], [ -157.908655210193558, 21.332596288317927 ], [ -157.908664665425363, 21.33259689497104 ], [ -157.908674164925117, 21.332597508928927 ], [ -157.908674447680596, 21.332597527638846 ], [ -157.908683900963382, 21.332598167707342 ], [ -157.908693389350105, 21.332598813771735 ], [ -157.908693672066278, 21.332598833457268 ], [ -157.908703122437061, 21.332599506037557 ], [ -157.908712599121685, 21.332600183203336 ], [ -157.908712863562414, 21.332600202480354 ], [ -157.908722311987191, 21.332600904863224 ], [ -157.9087317867114, 21.332601611914075 ], [ -157.90873203424826, 21.332601630720752 ], [ -157.908741479764046, 21.332602361099511 ], [ -157.908750960570558, 21.332603097751768 ], [ -157.908751191274206, 21.332603115967924 ], [ -157.908760633881002, 21.332603873439268 ], [ -157.908770094222888, 21.332604634063895 ], [ -157.908770323388353, 21.332604652775977 ], [ -157.908779765016163, 21.3326054355346 ], [ -157.908789223957115, 21.332606221615702 ], [ -157.908789435570782, 21.332606239446555 ], [ -157.908798874292586, 21.332607045685169 ], [ -157.908808330512699, 21.332607855226108 ], [ -157.908808524570844, 21.332607872045301 ], [ -157.908817961351673, 21.332608699958016 ], [ -157.908827406877208, 21.33260952954101 ], [ -157.908827592148157, 21.332609546000885 ], [ -157.908837026988948, 21.332610393781376 ], [ -157.908846479311393, 21.332611244940161 ], [ -157.908846638323439, 21.332611259397318 ], [ -157.90885607122425, 21.332612125239198 ], [ -157.908865521599949, 21.332612994492457 ], [ -157.908865663114, 21.332613007618793 ], [ -157.908875094077814, 21.332613889715777 ], [ -157.908884542510435, 21.332614775254108 ], [ -157.908884684007063, 21.332614788625431 ], [ -157.908894112585187, 21.332615686934744 ], [ -157.908903542140138, 21.33261658524518 ], [ -157.90890367577623, 21.332616598074036 ], [ -157.908913102420314, 21.332617509928379 ], [ -157.908922530023801, 21.332618421782275 ], [ -157.908922635665135, 21.332618432061331 ], [ -157.908932062748988, 21.332619354795884 ], [ -157.908941498558903, 21.332620279287674 ], [ -157.90894158764587, 21.332620288059719 ], [ -157.908951012795683, 21.332621220727056 ], [ -157.908960446671301, 21.332622155161083 ], [ -157.908969941610223, 21.332623102895841 ], [ -157.908979375439827, 21.332624045556518 ], [ -157.908988860676033, 21.332624999696897 ], [ -157.908998284854164, 21.332625947715265 ], [ -157.909007761325739, 21.332626906524812 ], [ -157.909017184535969, 21.332627859960482 ], [ -157.909026633906166, 21.332628818755982 ], [ -157.909036057090049, 21.332629774994906 ], [ -157.909045496797887, 21.332630734620707 ], [ -157.909054919982452, 21.332631692665274 ], [ -157.909523560340944, 21.332679355426755 ], [ -157.909992188260929, 21.33272701597641 ], [ -157.909996893299905, 21.332727493902986 ], [ -157.910001620469529, 21.332727974884655 ], [ -157.910006332075767, 21.332728454283789 ], [ -157.91001104368695, 21.332728933683338 ], [ -157.910015755273236, 21.332729413177834 ], [ -157.910020465944143, 21.332729892481503 ], [ -157.910025187214302, 21.332730373766822 ], [ -157.910029890084758, 21.332730852374024 ], [ -157.910034617246168, 21.332731334260043 ], [ -157.910039329778158, 21.332731814753647 ], [ -157.910044048218793, 21.332732296654868 ], [ -157.910048751110509, 21.332732776067743 ], [ -157.910053489801498, 21.332733261037987 ], [ -157.910058191727501, 21.332733741351241 ], [ -157.91006292854658, 21.332734226940499 ], [ -157.910067631421157, 21.332734708252261 ], [ -157.910072358557102, 21.332735192951429 ], [ -157.910077069210899, 21.332735675863827 ], [ -157.910081807908341, 21.332736163559858 ], [ -157.910086509832865, 21.332736646576855 ], [ -157.910091255346117, 21.332737135884596 ], [ -157.9100959659892, 21.332737621603432 ], [ -157.910100694064255, 21.332738110024458 ], [ -157.910105405656054, 21.332738596843395 ], [ -157.910110140531117, 21.332739087777973 ], [ -157.910114842457489, 21.332739574400581 ], [ -157.910119596673439, 21.332740069254235 ], [ -157.910124297634468, 21.332740557579424 ], [ -157.910129044096749, 21.332741052544552 ], [ -157.910133753771106, 21.332741543680601 ], [ -157.910138498307617, 21.332742040265352 ], [ -157.91014320798061, 21.332742533207558 ], [ -157.910147952507572, 21.332743031610772 ], [ -157.910152662181758, 21.332743526359309 ], [ -157.910157406702751, 21.332744026581469 ], [ -157.910162117361551, 21.332744523341091 ], [ -157.910166869616035, 21.332745027105371 ], [ -157.910171570590762, 21.332745524647017 ], [ -157.910176331566021, 21.332746031263628 ], [ -157.910181040270317, 21.332746532332763 ], [ -157.91018578381761, 21.332747038922847 ], [ -157.910190509936143, 21.332747544562856 ], [ -157.910195253499239, 21.332748053986993 ], [ -157.910199961213266, 21.332748559465514 ], [ -157.910204705769871, 21.332749070816583 ], [ -157.91020943092488, 21.332749580988942 ], [ -157.910214190899751, 21.3327500976471 ], [ -157.910218899678625, 21.332750608867158 ], [ -157.910223649935801, 21.332751127205533 ], [ -157.910228349009259, 21.332751639175079 ], [ -157.91023312435405, 21.332752162988069 ], [ -157.91023783315029, 21.332752679631163 ], [ -157.910242600892701, 21.332753206480607 ], [ -157.91024729793574, 21.332753724538012 ], [ -157.910252065668828, 21.332754254131391 ], [ -157.910256762708997, 21.332754774892393 ], [ -157.910261540160803, 21.332755308316148 ], [ -157.910266264459295, 21.33275583684533 ], [ -157.910271020375177, 21.332756371529939 ], [ -157.910275727287029, 21.332756900826777 ], [ -157.910280484300159, 21.332757438482005 ], [ -157.910285206525884, 21.33275797312524 ], [ -157.910286310759915, 21.332758104886032 ], [ -157.910432593226346, 21.332776454149204 ], [ -157.910577856830827, 21.332794675388261 ], [ -157.910578976142205, 21.332794822750778 ], [ -157.91058365461538, 21.332795467843926 ], [ -157.910588334054239, 21.332796112036331 ], [ -157.910593094349139, 21.332796771266789 ], [ -157.910597781456033, 21.332797420258913 ], [ -157.910602540479971, 21.332798082983366 ], [ -157.910607227886658, 21.332798735762506 ], [ -157.910611967085458, 21.332799398479139 ], [ -157.910616671752138, 21.332800057286509 ], [ -157.91062139528313, 21.332800720685583 ], [ -157.910626098985176, 21.332801382212271 ], [ -157.910630837189871, 21.332802051317618 ], [ -157.9106355252583, 21.332802713493351 ], [ -157.910640262492478, 21.332803385338185 ], [ -157.9106449635768, 21.332804052839109 ], [ -157.910649686492405, 21.332804725528447 ], [ -157.910654370660353, 21.332805392570702 ], [ -157.910659109521617, 21.332806070264361 ], [ -157.910663794029972, 21.33280674020131 ], [ -157.910668530267316, 21.332807420260867 ], [ -157.910673214769673, 21.332808092906429 ], [ -157.91067794368999, 21.332808774650381 ], [ -157.91068261993297, 21.332809448051126 ], [ -157.910687355185871, 21.332810132674073 ], [ -157.910692038728854, 21.332810809835646 ], [ -157.910696766677745, 21.332811496137733 ], [ -157.910701441967063, 21.332812174048058 ], [ -157.910706174535903, 21.332812862847547 ], [ -157.910710859777197, 21.33281354491189 ], [ -157.910715576804591, 21.332814233416428 ], [ -157.910720259377939, 21.332814916898524 ], [ -157.910724959178765, 21.332815603800082 ], [ -157.910729660688474, 21.332816291998576 ], [ -157.910734375026749, 21.332816983748721 ], [ -157.910739059319695, 21.332817671236658 ], [ -157.910743758148641, 21.332818361762719 ], [ -157.910748456976506, 21.332819053195127 ], [ -157.910753155799313, 21.332819745533087 ], [ -157.910757837407488, 21.332820435336291 ], [ -157.910762553446062, 21.332821132025558 ], [ -157.910767236791798, 21.33282182403363 ], [ -157.910771932903231, 21.332822518690254 ], [ -157.910776616252178, 21.332823211602239 ], [ -157.910781314106487, 21.332823907565032 ], [ -157.910786010213513, 21.332824604032879 ], [ -157.910790693563229, 21.332825298752066 ], [ -157.910795391415263, 21.332825996527301 ], [ -157.910800073811856, 21.332826692151357 ], [ -157.910804768937908, 21.332827390427926 ], [ -157.910809449578153, 21.332828086551302 ], [ -157.910814147423736, 21.332828786138162 ], [ -157.910818828459384, 21.33282948336651 ], [ -157.910823507735216, 21.33283018018949 ], [ -157.910828197376475, 21.332830879602149 ], [ -157.910832868044679, 21.332831575143008 ], [ -157.910837574898494, 21.332832278025649 ], [ -157.910842245564851, 21.332832974467451 ], [ -157.910846936567481, 21.332833674988045 ], [ -157.910851607635067, 21.33283437163211 ], [ -157.910856302753729, 21.332835072624452 ], [ -157.910860985156887, 21.33283577186274 ], [ -157.910865663466552, 21.332836470489578 ], [ -157.910870342732579, 21.332837169115717 ], [ -157.911905487398769, 21.332991749224615 ], [ -157.912940626110441, 21.333146321747119 ], [ -157.912945067300996, 21.333146984393142 ], [ -157.912949523261659, 21.333147650289263 ], [ -157.912953959197125, 21.333148312150911 ], [ -157.912958407539179, 21.333148976006893 ], [ -157.91296286159033, 21.333149641474716 ], [ -157.912967297999273, 21.33315030354974 ], [ -157.912971742990436, 21.333150966761885 ], [ -157.912976181803401, 21.333151629052203 ], [ -157.912980619650568, 21.33315229043977 ], [ -157.912985072265514, 21.333152954787955 ], [ -157.912989509638265, 21.333153615961486 ], [ -157.912993956545137, 21.33315427869881 ], [ -157.912998392482564, 21.333154939658417 ], [ -157.913002829856481, 21.333155599930475 ], [ -157.913007276289335, 21.333156261550382 ], [ -157.913011713661405, 21.333156921821946 ], [ -157.913016151034356, 21.333157581191934 ], [ -157.913020597470052, 21.333158242810132 ], [ -157.913025025782474, 21.333158899934052 ], [ -157.913029470785034, 21.333159559534661 ], [ -157.913033909125232, 21.333160218004036 ], [ -157.913038346496535, 21.333160875570563 ], [ -157.913042784836108, 21.333161533138277 ], [ -157.913047222210224, 21.333162189803478 ], [ -157.913051660548831, 21.333162846469484 ], [ -157.913056088859889, 21.333163500893676 ], [ -157.913060525773517, 21.333164155546211 ], [ -157.913064964111697, 21.333164810408991 ], [ -157.913069402448457, 21.333165464369817 ], [ -157.913073840788087, 21.333166118331103 ], [ -157.913078268645677, 21.333166769848443 ], [ -157.913082706530957, 21.3331674217991 ], [ -157.913087146284738, 21.333168074164721 ], [ -157.913091567454245, 21.333168722761801 ], [ -157.913095998136896, 21.333169371094929 ], [ -157.913100443681259, 21.333170022363536 ], [ -157.913104873916808, 21.333170669591375 ], [ -157.913109304151931, 21.333171316819069 ], [ -157.913113732982964, 21.333171962043014 ], [ -157.913118164175785, 21.333172607471621 ], [ -157.91312259581008, 21.333173251303919 ], [ -157.913127034670282, 21.333173896946445 ], [ -157.913131457231572, 21.333174537664345 ], [ -157.913135894701782, 21.333175181302785 ], [ -157.913140316826315, 21.333175820023506 ], [ -157.913144755698369, 21.33317646116301 ], [ -157.913149187853094, 21.333177100294431 ], [ -157.913153609973705, 21.333177737218705 ], [ -157.913158040740768, 21.333178373451844 ], [ -157.913162472897397, 21.333179009884411 ], [ -157.913166905052549, 21.333179644517656 ], [ -157.913171335823165, 21.333180278952284 ], [ -157.9131757598646, 21.333180910491194 ], [ -157.913180182940692, 21.333181541130909 ], [ -157.913184614679125, 21.333182171070526 ], [ -157.913189047791604, 21.333182801205222 ], [ -157.913193470460186, 21.333183428060451 ], [ -157.913197895454289, 21.333184054212122 ], [ -157.913202328565234, 21.333184679848543 ], [ -157.913206752198789, 21.333185304012662 ], [ -157.913211177190163, 21.333185925674975 ], [ -157.91321535401454, 21.333186512472484 ], [ -157.913304196542299, 21.333198447843539 ], [ -157.91339368039084, 21.333210468955546 ], [ -157.913397858290239, 21.333211004966913 ], [ -157.913402290647383, 21.333211572604611 ], [ -157.913406733361114, 21.333212139769302 ], [ -157.913411166957417, 21.333212705770045 ], [ -157.913415600551218, 21.333213269077241 ], [ -157.913420042031873, 21.333213833386292 ], [ -157.913424475357772, 21.333214394742992 ], [ -157.913428911136378, 21.33321495551213 ], [ -157.913433353849086, 21.333215515479736 ], [ -157.913437795079062, 21.333216075139678 ], [ -157.913442238499243, 21.333216633156532 ], [ -157.913446674269437, 21.333217190332398 ], [ -157.913451108566193, 21.333217744510936 ], [ -157.913455562574939, 21.333218302171787 ], [ -157.913459996872632, 21.333218854555295 ], [ -157.913464441505482, 21.333219408226139 ], [ -157.913468886138389, 21.33321996009764 ], [ -157.913473338697742, 21.333220513852641 ], [ -157.913477773964644, 21.333221062647635 ], [ -157.9134822198005, 21.333221612868691 ], [ -157.913486664197166, 21.333222160994595 ], [ -157.9134911189212, 21.333222710393972 ], [ -157.913495564516779, 21.333223257767916 ], [ -157.913500010113125, 21.333223804242245 ], [ -157.913504455706857, 21.333224349816756 ], [ -157.913508901296467, 21.333224894490929 ], [ -157.913513354831139, 21.333225439237204 ], [ -157.913517810524297, 21.333225984130323 ], [ -157.913522256118682, 21.333226527005646 ], [ -157.913526702671248, 21.333227068981628 ], [ -157.913531157399404, 21.333227611169189 ], [ -157.913535611906326, 21.333228153213387 ], [ -157.913540058461308, 21.333228693390126 ], [ -157.913544514151255, 21.333229233775128 ], [ -157.913548969838672, 21.333229774159747 ], [ -157.913553415221486, 21.333230312395006 ], [ -157.913557870703102, 21.333230850836074 ], [ -157.913562337870133, 21.333231390805025 ], [ -157.913566792388508, 21.333231929244981 ], [ -157.913571239904059, 21.333232465823333 ], [ -157.913575695596165, 21.333233002602142 ], [ -157.913580152245999, 21.333233539380849 ], [ -157.913584607940209, 21.333234075258243 ], [ -157.913589063425064, 21.333234610995319 ], [ -157.913593520077995, 21.333235145971262 ], [ -157.913597986070812, 21.333235683084506 ], [ -157.91360243242147, 21.333236215924188 ], [ -157.913606907348566, 21.333236753091516 ], [ -157.913611364002435, 21.333237287165609 ], [ -157.913615820657327, 21.333237821239933 ], [ -157.913620277309008, 21.333238354412096 ], [ -157.91362474310364, 21.333238888678096 ], [ -157.913629208894235, 21.333239422943397 ], [ -157.91363367468648, 21.3332399572088 ], [ -157.913638131339894, 21.333240490380764 ], [ -157.913642587993849, 21.333241022651247 ], [ -157.913647061766397, 21.333241557869229 ], [ -157.913651518223759, 21.333242090001672 ], [ -157.91365598633584, 21.333242623640299 ], [ -157.913660452127601, 21.333243157001611 ], [ -157.913664917923057, 21.333243690363393 ], [ -157.913669383619265, 21.333244223713105 ], [ -157.913778175083365, 21.333257216625348 ], [ -157.913886967672738, 21.33327020948478 ], [ -157.913891433808914, 21.333270742880906 ], [ -157.913895899604171, 21.333271276236232 ], [ -157.91390036539886, 21.333271809591366 ], [ -157.913904831194031, 21.333272342946465 ], [ -157.913909296989232, 21.333272876301479 ], [ -157.913913762784148, 21.33327340965635 ], [ -157.913918245496035, 21.333273945821531 ], [ -157.913922704472697, 21.333274479263487 ], [ -157.913927161130175, 21.333275011526666 ], [ -157.91393164520187, 21.333275547968903 ], [ -157.913936120132576, 21.333276084222536 ], [ -157.913940576788633, 21.333276617386492 ], [ -157.913945060860271, 21.333277154735335 ], [ -157.913949526652203, 21.333277689895276 ], [ -157.913954001786408, 21.33327822719296 ], [ -157.913958457276323, 21.333278761118152 ], [ -157.913962950480169, 21.333279301372695 ], [ -157.913967407139097, 21.333279836339237 ], [ -157.913971891411421, 21.333280375640619 ], [ -157.913976356032265, 21.333280912465558 ], [ -157.913980840095888, 21.333281452533242 ], [ -157.913985307261811, 21.333281990683016 ], [ -157.913989788986328, 21.333282531375655 ], [ -157.913994256155632, 21.333283070429314 ], [ -157.91399874838956, 21.333283614317679 ], [ -157.914003204081041, 21.333284152887391 ], [ -157.914007685796491, 21.333284695391402 ], [ -157.914012152970173, 21.333285236252451 ], [ -157.914016654336137, 21.333285783067275 ], [ -157.914021120555446, 21.333286325736328 ], [ -157.914025601288586, 21.333286870956815 ], [ -157.914030066114464, 21.333287414242985 ], [ -157.914034549204246, 21.333287960656463 ], [ -157.914039033697833, 21.333288508265372 ], [ -157.914043514415198, 21.333289056202926 ], [ -157.914047980647553, 21.333289602487728 ], [ -157.914052462770826, 21.333290151621206 ], [ -157.914056944892309, 21.333290701661269 ], [ -157.914061436142561, 21.333291254633473 ], [ -157.914065890872962, 21.33329180221525 ], [ -157.914070391244479, 21.333292357220898 ], [ -157.914074874792902, 21.333292911183154 ], [ -157.914079354505333, 21.333293465459644 ], [ -157.914083819799743, 21.333294018072255 ], [ -157.914088317999244, 21.333294576570491 ], [ -157.914092780650833, 21.333295130543053 ], [ -157.914097291828369, 21.333295693500212 ], [ -157.914101744384055, 21.333296248140545 ], [ -157.914106252895266, 21.33329681247168 ], [ -157.914110706661347, 21.3332973690652 ], [ -157.91411522576405, 21.333297936671904 ], [ -157.914119687684632, 21.333298497114015 ], [ -157.914124186099258, 21.333299063953696 ], [ -157.914128648023222, 21.333299626202461 ], [ -157.914133156777666, 21.333300197073918 ], [ -157.914137609840424, 21.33330076012988 ], [ -157.914142134375879, 21.333301335735872 ], [ -157.914146587447107, 21.333301901497624 ], [ -157.914151103115529, 21.333302477938503 ], [ -157.914155564071478, 21.333303047411469 ], [ -157.914160063015117, 21.333303623671366 ], [ -157.914164539713994, 21.333304197871641 ], [ -157.914165201076997, 21.333304285132598 ], [ -157.914273152122917, 21.333318925598959 ], [ -157.91438179340301, 21.33333365938249 ], [ -157.914382470930036, 21.333333753827976 ], [ -157.914386912164588, 21.33333438972771 ], [ -157.914391353400845, 21.333335024725834 ], [ -157.914395858168348, 21.333335671533934 ], [ -157.914400308479486, 21.333336310539149 ], [ -157.914404813652055, 21.333336960286864 ], [ -157.914409262573258, 21.333337601801098 ], [ -157.914413750993106, 21.333338250964392 ], [ -157.914418218480648, 21.333338898013672 ], [ -157.914422687802784, 21.333339546375338 ], [ -157.914427152485445, 21.333340194831369 ], [ -157.914431639947225, 21.3333408485517 ], [ -157.914436106463512, 21.333341500134249 ], [ -157.914440572976815, 21.333342152623128 ], [ -157.914445039490829, 21.333342806019054 ], [ -157.914449505995577, 21.333343460320197 ], [ -157.914453974369394, 21.333344115943365 ], [ -157.914458456172582, 21.333344775211231 ], [ -157.914462906419715, 21.333345429984561 ], [ -157.914467371959972, 21.333346087913021 ], [ -157.914471837499406, 21.333346746748287 ], [ -157.914476321617798, 21.33334741028246 ], [ -157.914480767603379, 21.333348068040316 ], [ -157.914485235022767, 21.333348730016688 ], [ -157.914489699593616, 21.333349392478574 ], [ -157.914494164158953, 21.333350055846424 ], [ -157.914498610605222, 21.333350716523796 ], [ -157.91450309328377, 21.333351384398402 ], [ -157.914507539729811, 21.333352046881977 ], [ -157.914512004286621, 21.333352712968747 ], [ -157.91451647075985, 21.333353380392314 ], [ -157.914520932915764, 21.333354048077869 ], [ -157.914525377917585, 21.333354713054781 ], [ -157.914529844386522, 21.33335538229224 ], [ -157.914534289868556, 21.333356048387614 ], [ -157.91453877156772, 21.33335672172344 ], [ -157.914543217041853, 21.333357389623725 ], [ -157.914547664453181, 21.333358057959497 ], [ -157.914552125143132, 21.333358729050786 ], [ -157.914556588723713, 21.333359401483104 ], [ -157.914561036141407, 21.333360071627162 ], [ -157.914565488255846, 21.333360743381778 ], [ -157.914569923228072, 21.333361411505813 ], [ -157.914574406854086, 21.333362088919149 ], [ -157.914578851369271, 21.333362760431942 ], [ -157.914583304932137, 21.333363434214689 ], [ -157.914587740392449, 21.333364104359099 ], [ -157.914592212057812, 21.333364781783644 ], [ -157.914596647519062, 21.333365452829355 ], [ -157.914601110131969, 21.333366128887818 ], [ -157.914605554642065, 21.333366802205443 ], [ -157.914609999155942, 21.333367475523641 ], [ -157.914614461767115, 21.333368152488472 ], [ -157.914618906771409, 21.333368826929597 ], [ -157.914623349826115, 21.33336950092939 ], [ -157.914627794333455, 21.333370175149202 ], [ -157.91463224080411, 21.333370849812624 ], [ -157.914636700490462, 21.333371527239887 ], [ -157.914641136451962, 21.333372201210267 ], [ -157.914645570451853, 21.333372873835724 ], [ -157.914650033060724, 21.333373551706082 ], [ -157.914654478071469, 21.333374227050928 ], [ -157.914658920852133, 21.333374901911007 ], [ -157.915451542098282, 21.333495294803868 ], [ -157.916244157118115, 21.333615683574813 ], [ -157.916248592811741, 21.333616356412623 ], [ -157.916253055932089, 21.33361703446182 ], [ -157.916257498997851, 21.333617709320635 ], [ -157.916261934973392, 21.333618383248137 ], [ -157.916266368987124, 21.333619055830631 ], [ -157.916270813516206, 21.333619730008213 ], [ -157.916275258533631, 21.333620404405448 ], [ -157.916279692554298, 21.333621076988695 ], [ -157.916284128031663, 21.333621748891439 ], [ -157.916288563505844, 21.33362242079334 ], [ -157.916292998983977, 21.333623091794482 ], [ -157.91629743446174, 21.333623762795479 ], [ -157.916301869937769, 21.333624432894752 ], [ -157.916306305411524, 21.333625102993327 ], [ -157.916310739432788, 21.333625771971402 ], [ -157.916315166818691, 21.333626439803822 ], [ -157.916319594692226, 21.333627106054234 ], [ -157.916324028234811, 21.333627773913065 ], [ -157.916328446566268, 21.333628436788331 ], [ -157.916332892063593, 21.333629104640554 ], [ -157.916337319449667, 21.333629767974706 ], [ -157.916341745388024, 21.333630431091599 ], [ -157.916346164675815, 21.333631091273396 ], [ -157.916350592060923, 21.333631751908094 ], [ -157.916355028028562, 21.333632412779266 ], [ -157.91635944731226, 21.333633071164762 ], [ -157.916363866594708, 21.33363372685654 ], [ -157.916368293512818, 21.333634383681225 ], [ -157.916372721391753, 21.333635038707857 ], [ -157.916377142099577, 21.333635692814795 ], [ -157.916381560917557, 21.333636343808603 ], [ -157.916385979737441, 21.333636994802358 ], [ -157.916390399523607, 21.333637643105433 ], [ -157.916394821177533, 21.333638291822517 ], [ -157.91639924096205, 21.333638937432944 ], [ -157.916403660751882, 21.333639583043798 ], [ -157.916408081507967, 21.33364022596416 ], [ -157.916412495031494, 21.333640867970782 ], [ -157.916416906715682, 21.333641505989117 ], [ -157.916421327473785, 21.333642146215062 ], [ -157.916425731051049, 21.333642779348182 ], [ -157.916430163657594, 21.333643417689881 ], [ -157.916434574920714, 21.333644049241713 ], [ -157.916438980834698, 21.333644679891549 ], [ -157.916443387159205, 21.333645306264643 ], [ -157.916447817553347, 21.333645936820826 ], [ -157.916452231170751, 21.333646561408116 ], [ -157.916456636666794, 21.333647184711531 ], [ -157.916461043524833, 21.333647803737293 ], [ -157.916465458106643, 21.333648423847897 ], [ -157.916469873649334, 21.333649040377214 ], [ -157.916474280495606, 21.333649655824768 ], [ -157.916478678819601, 21.333650265357505 ], [ -157.916483095701267, 21.333650876698105 ], [ -157.916487512206743, 21.333651485167906 ], [ -157.916491910533296, 21.333652090241177 ], [ -157.916496318909992, 21.333652692097338 ], [ -157.916500718195977, 21.333653292712182 ], [ -157.916505118440227, 21.333653887976773 ], [ -157.916509537232571, 21.333654486772804 ], [ -157.916513937128087, 21.333655077403566 ], [ -157.91651819074221, 21.333655648520676 ], [ -157.916548246439731, 21.333659546774641 ], [ -157.916578896895686, 21.333663522166521 ], [ -157.916641941817602, 21.333670923934637 ], [ -157.916705151281434, 21.333678339492824 ], [ -157.91676813093909, 21.333684689613889 ], [ -157.916831470283711, 21.333691069876867 ], [ -157.916894560001737, 21.333696390129521 ], [ -157.916958350919913, 21.333701763031929 ], [ -157.916962432370184, 21.333702070653423 ], [ -157.916966882088047, 21.333702406853838 ], [ -157.916971314823456, 21.333702736420026 ], [ -157.916975747549515, 21.333703065985425 ], [ -157.916980180273413, 21.333703390198146 ], [ -157.916984639974515, 21.333703717279494 ], [ -157.916989072944659, 21.333704037873069 ], [ -157.916993515857627, 21.33370435829173 ], [ -157.916997958766729, 21.333704675134328 ], [ -157.917002401670118, 21.333704991082438 ], [ -157.917006853116135, 21.333705304055357 ], [ -157.917011296976824, 21.333705616428208 ], [ -157.917015739884107, 21.333705924330935 ], [ -157.917020192300896, 21.333706232826831 ], [ -157.917024645398072, 21.333706537786657 ], [ -157.917029088590539, 21.333706842067926 ], [ -157.917033532747411, 21.333707141881458 ], [ -157.917038004981151, 21.333707444550711 ], [ -157.917042449138563, 21.333707741682712 ], [ -157.917046903193096, 21.333708038580408 ], [ -157.917051357891665, 21.333708332833261 ], [ -157.917055810339633, 21.333708626104315 ], [ -157.917060273313069, 21.333708917251236 ], [ -157.917064737878832, 21.333709208563906 ], [ -157.917069191294075, 21.333709496461985 ], [ -157.917073654918909, 21.333709784060989 ], [ -157.917078119799953, 21.333710069945326 ], [ -157.917082573846756, 21.333710354300749 ], [ -157.91708703747733, 21.333710636514741 ], [ -157.917091501729203, 21.333710918767821 ], [ -157.917095965982469, 21.333711198328047 ], [ -157.917100439478247, 21.333711478466867 ], [ -157.917104903121867, 21.333711756193665 ], [ -157.917109368334962, 21.333712033061211 ], [ -157.917113841839267, 21.333712308702765 ], [ -157.917118307047758, 21.333712583774531 ], [ -157.91712277129696, 21.33371285615279 ], [ -157.917127254413799, 21.333713129623781 ], [ -157.917131729468679, 21.333713401703346 ], [ -157.917136193719841, 21.33371367228607 ], [ -157.9171406675882, 21.333713941595089 ], [ -157.917145151299877, 21.333714211496485 ], [ -157.917149625762335, 21.333714479941634 ], [ -157.917154100222604, 21.333714747486962 ], [ -157.917158574684009, 21.333715014132725 ], [ -157.917163058396483, 21.333715280428382 ], [ -157.917167541527505, 21.333715546689369 ], [ -157.917172016952549, 21.333715811536514 ], [ -157.917176501244455, 21.333716076063318 ], [ -157.917180984954257, 21.33371634055559 ], [ -157.91718545884217, 21.333716603568995 ], [ -157.917189942944532, 21.333716866225465 ], [ -157.917194437055286, 21.333717129524114 ], [ -157.917198920195204, 21.333717392179846 ], [ -157.917203404300352, 21.333717653934954 ], [ -157.917207897836079, 21.333717917197362 ], [ -157.91721237269212, 21.333718177512932 ], [ -157.917216875476413, 21.333718440411822 ], [ -157.917221359582982, 21.33371870126523 ], [ -157.917225853123995, 21.333718962722944 ], [ -157.917230346475151, 21.333719224113903 ], [ -157.917234850006594, 21.333719487055941 ], [ -157.917666559840285, 21.333744607246864 ], [ -157.918098278903187, 21.333769726857749 ], [ -157.918102115172871, 21.333769950324687 ], [ -157.918105936017298, 21.333770172837639 ], [ -157.918109756570487, 21.333770394488333 ], [ -157.918113586935647, 21.333770617553345 ], [ -157.91811739693614, 21.333770837638422 ], [ -157.918121228335622, 21.333771059915183 ], [ -157.918125037669029, 21.333771279063534 ], [ -157.918128870028738, 21.333771500437273 ], [ -157.918132679060875, 21.333771718724861 ], [ -157.918136488402638, 21.33377193697542 ], [ -157.918140298403358, 21.333772153467653 ], [ -157.918144108398394, 21.333772369959469 ], [ -157.91814791839505, 21.333772584654991 ], [ -157.918151717539445, 21.333772798738948 ], [ -157.918155516683441, 21.333773010136291 ], [ -157.918159326042485, 21.333773222101836 ], [ -157.91816312614759, 21.333773431708622 ], [ -157.918166914440036, 21.333773639822887 ], [ -157.918170713919011, 21.333773845813461 ], [ -157.91817451368351, 21.333774051870744 ], [ -157.918178302311759, 21.333774254594378 ], [ -157.918182091559402, 21.33377445645808 ], [ -157.918185880804884, 21.333774655642731 ], [ -157.918189659188613, 21.333774853365913 ], [ -157.91819344842898, 21.333775048085322 ], [ -157.918197226801624, 21.333775242246059 ], [ -157.918201004596909, 21.333775431925801 ], [ -157.918204783365667, 21.333775621607057 ], [ -157.918208552406441, 21.333775806360016 ], [ -157.918212330776754, 21.333775990725925 ], [ -157.918216109549945, 21.333776171504347 ], [ -157.918219877480681, 21.333776350876352 ], [ -157.918223646902163, 21.333776525835376 ], [ -157.918227415370609, 21.333776699905737 ], [ -157.918231173911494, 21.33377686904792 ], [ -157.918234931499512, 21.333777036418518 ], [ -157.918238700404572, 21.333777199812893 ], [ -157.918242458941535, 21.333777361872354 ], [ -157.918246216999194, 21.333777518600137 ], [ -157.918249976486294, 21.333777674463136 ], [ -157.918253724153487, 21.333777824578441 ], [ -157.918257472313201, 21.333777972910791 ], [ -157.918261231802518, 21.333778116379861 ], [ -157.918264980403251, 21.333778258550645 ], [ -157.918268718125432, 21.333778394147593 ], [ -157.918272466712608, 21.333778528373287 ], [ -157.918276214904751, 21.333778657289134 ], [ -157.91827994231312, 21.333778783703249 ], [ -157.918283680985468, 21.333778903458164 ], [ -157.918287430526135, 21.333779022678371 ], [ -157.91829115830069, 21.333779135063502 ], [ -157.918294886060266, 21.333779244815286 ], [ -157.918298624387461, 21.333779348717627 ], [ -157.918302353093509, 21.333779450571921 ], [ -157.918306080858258, 21.333779545404827 ], [ -157.918309809285603, 21.333779638476226 ], [ -157.918313527112218, 21.333779724282824 ], [ -157.918317244927493, 21.333779807464083 ], [ -157.918320973623594, 21.333779883868171 ], [ -157.918324691219709, 21.33377995829477 ], [ -157.918328409980404, 21.333780024851329 ], [ -157.918332021751894, 21.333780087808762 ], [ -157.918340103831611, 21.333780193017073 ], [ -157.918349857281498, 21.333780319576388 ], [ -157.91837239152332, 21.333780362271369 ], [ -157.918395069485626, 21.333780390762737 ], [ -157.918417387106416, 21.333780067893162 ], [ -157.918440061331893, 21.333779725808828 ], [ -157.918462369605606, 21.333779037784065 ], [ -157.918485035088707, 21.333778325079773 ], [ -157.918507324650932, 21.333777272866968 ], [ -157.918529973857005, 21.333776188715589 ], [ -157.918552243062237, 21.333774772071049 ], [ -157.918574869142589, 21.333773318137595 ], [ -157.918597107839304, 21.333771538131398 ], [ -157.918620020864694, 21.333769688829321 ], [ -157.918623393394114, 21.333769386772605 ], [ -157.918627094103812, 21.333769051739182 ], [ -157.918630805609553, 21.33376870958671 ], [ -157.918634505395943, 21.333768365803653 ], [ -157.918638205188586, 21.333768015021118 ], [ -157.918641904057807, 21.333767661612622 ], [ -157.918645624486032, 21.33376729910486 ], [ -157.918649333200221, 21.333766936769308 ], [ -157.918653031152559, 21.333766567611555 ], [ -157.918656748532413, 21.333766194660942 ], [ -157.918660467309678, 21.333765815313892 ], [ -157.918664175107637, 21.333765435427956 ], [ -157.918667890588949, 21.333765047524341 ], [ -157.918671608481077, 21.333764658488761 ], [ -157.918675325173069, 21.333764262539312 ], [ -157.918679050425851, 21.333763864694703 ], [ -157.918682775967653, 21.3337634605411 ], [ -157.918686502775898, 21.333763055367093 ], [ -157.918690217594673, 21.333762645337099 ], [ -157.918693942216464, 21.333762232355564 ], [ -157.918697677576972, 21.333761812873355 ], [ -157.918701411986888, 21.333761392506126 ], [ -157.918705146397429, 21.333760966828883 ], [ -157.918708869128807, 21.333760541492424 ], [ -157.91871260392648, 21.333760108580119 ], [ -157.918716348126821, 21.333759674577713 ], [ -157.918720079304791, 21.333759236666783 ], [ -157.91872382295449, 21.333758796292347 ], [ -157.91872755685074, 21.333758352750312 ], [ -157.918731297779317, 21.333757906485342 ], [ -157.918735049837778, 21.333757455218525 ], [ -157.918738803281855, 21.333757002894469 ], [ -157.918742544629652, 21.333756548477975 ], [ -157.918746285025321, 21.333756092286354 ], [ -157.918750048246551, 21.333755629739041 ], [ -157.918753800773601, 21.333755168506091 ], [ -157.918757551888802, 21.333754702996099 ], [ -157.918761312747478, 21.333754236158235 ], [ -157.918765062898558, 21.33375376708911 ], [ -157.918768824236764, 21.333753295607956 ], [ -157.918772586537528, 21.333752821447121 ], [ -157.918776346439074, 21.333752346575508 ], [ -157.918780117028291, 21.333751867668376 ], [ -157.918783886659639, 21.333751388761055 ], [ -157.918787648521459, 21.333750908160873 ], [ -157.918791420580931, 21.333750425484823 ], [ -157.918795199436204, 21.333749940021395 ], [ -157.918798969576869, 21.333749455554237 ], [ -157.918802740677535, 21.333748968400297 ], [ -157.918806520032092, 21.333748480055867 ], [ -157.918810300865232, 21.333747989724138 ], [ -157.918814084154434, 21.333747499198733 ], [ -157.918817862017761, 21.333747007457355 ], [ -157.918821641897949, 21.333746515328219 ], [ -157.918825424231869, 21.333746021207912 ], [ -157.918829235633865, 21.33374552419302 ], [ -157.918833015515617, 21.333745030267352 ], [ -157.918836807038502, 21.333744534045753 ], [ -157.918840606791775, 21.333744036620381 ], [ -157.918844399819875, 21.333743540201755 ], [ -157.918848188885732, 21.333743043275085 ], [ -157.918851994103449, 21.333742544357143 ], [ -157.919309290881301, 21.333682614924459 ], [ -157.919766577015366, 21.333622685846866 ], [ -157.919769855998794, 21.33362225564554 ], [ -157.919773161762464, 21.333621822709279 ], [ -157.919776450705911, 21.333621392105069 ], [ -157.919779736184637, 21.333620961954573 ], [ -157.91978304638036, 21.333620529474352 ], [ -157.91978633185775, 21.333620100227005 ], [ -157.919789644747794, 21.333619668431496 ], [ -157.919792928493962, 21.333619240312707 ], [ -157.919796263429816, 21.333618807339864 ], [ -157.919799553305353, 21.333618380356171 ], [ -157.919802864472018, 21.333617951515727 ], [ -157.919806171250968, 21.333617524027208 ], [ -157.919809525616216, 21.333617093372769 ], [ -157.919812797978238, 21.333616672258838 ], [ -157.919816158642732, 21.333616242521398 ], [ -157.919819474171675, 21.33361581961692 ], [ -157.919822811059248, 21.333615395812235 ], [ -157.919826123204643, 21.333614976069864 ], [ -157.919829484870633, 21.333614552795257 ], [ -157.919832801317881, 21.333614136273528 ], [ -157.919832900371148, 21.333614123887703 ], [ -157.919836176344205, 21.333613716052522 ], [ -157.91983945231874, 21.3336133073174 ], [ -157.919839576176997, 21.333613291948957 ], [ -157.919842864531262, 21.333612886184667 ], [ -157.919846181893746, 21.3336124778676 ], [ -157.919846281024803, 21.333612465720641 ], [ -157.919849570341086, 21.333612064472646 ], [ -157.919852888633898, 21.333611660715153 ], [ -157.919852984583713, 21.333611649091448 ], [ -157.919856273896983, 21.333611252359137 ], [ -157.919859596329928, 21.333610852773987 ], [ -157.919859717152065, 21.333610838323832 ], [ -157.919863007426329, 21.333610447010926 ], [ -157.919866326625424, 21.333610053280335 ], [ -157.919866478623931, 21.333610035377898 ], [ -157.919869769266569, 21.333609650570018 ], [ -157.919873058941221, 21.33360926576195 ], [ -157.919873214063244, 21.3336092477496 ], [ -157.919876507223478, 21.333608868179095 ], [ -157.919879821180558, 21.333608487005531 ], [ -157.919879973247077, 21.333608469642542 ], [ -157.919883266403303, 21.333608096394027 ], [ -157.919886613220655, 21.333607718994916 ], [ -157.919886737451264, 21.333607705071948 ], [ -157.919890031567519, 21.333607338146027 ], [ -157.919893375399766, 21.33360696750227 ], [ -157.919893552374134, 21.333606948059114 ], [ -157.919896847450389, 21.333606589262079 ], [ -157.919900167397685, 21.333606228663381 ], [ -157.919900344409371, 21.333606209609901 ], [ -157.919903640445597, 21.333605858038666 ], [ -157.919906961366706, 21.333605504719618 ], [ -157.919907163302014, 21.333605483459991 ], [ -157.919910460297245, 21.333605140017664 ], [ -157.919913785927264, 21.333604794600625 ], [ -157.919913982430955, 21.333604774403327 ], [ -157.919917279423203, 21.333604439089399 ], [ -157.919920633587481, 21.333604099980857 ], [ -157.919920808006054, 21.333604082515009 ], [ -157.919924106920291, 21.333603755330476 ], [ -157.9199274806262, 21.333603423468343 ], [ -157.91992765778383, 21.333603406215719 ], [ -157.919930957657101, 21.333603088063285 ], [ -157.919934332364818, 21.333602765435916 ], [ -157.919934512066305, 21.333602748434895 ], [ -157.919937813863527, 21.333602439314951 ], [ -157.919937911201799, 21.333602430253897 ], [ -157.919941212033052, 21.333602124746257 ], [ -157.91994138926492, 21.33360210851469 ], [ -157.919944691056145, 21.33360180932965 ], [ -157.919944793361111, 21.333601800116803 ], [ -157.91994809611532, 21.333601504544749 ], [ -157.919948270981934, 21.333601489062854 ], [ -157.919951573732163, 21.333601199812996 ], [ -157.919951673702599, 21.333601191112411 ], [ -157.919954976450839, 21.333600905475254 ], [ -157.9199551810066, 21.333600888013137 ], [ -157.919958485678762, 21.333600609602186 ], [ -157.919958583453564, 21.333600601417132 ], [ -157.919961887159786, 21.333600326618367 ], [ -157.919962116689021, 21.333600307814198 ], [ -157.919965422318228, 21.33360004114493 ], [ -157.919968803001353, 21.33359977116104 ], [ -157.919969028268184, 21.333599753450102 ], [ -157.919972333892417, 21.333599497618732 ], [ -157.9199724361074, 21.333599489765032 ], [ -157.919975742692571, 21.33359923754675 ], [ -157.919977331079565, 21.333599130130388 ], [ -157.920081923285636, 21.333592960620834 ], [ -157.920088260950337, 21.333592804285232 ], [ -157.92019305555857, 21.333593808731433 ], [ -157.920199387397076, 21.333594086428427 ], [ -157.920303823391635, 21.333602258241914 ], [ -157.920305393919278, 21.3336023946128 ], [ -157.920308694414473, 21.333602709579704 ], [ -157.920308821691805, 21.333602721814675 ], [ -157.920312121220036, 21.333603041297103 ], [ -157.920312345608409, 21.333603063300256 ], [ -157.92031564513357, 21.333603390911058 ], [ -157.920319021106565, 21.333603728950418 ], [ -157.920319223118383, 21.333603749404258 ], [ -157.920322520709561, 21.33360408694897 ], [ -157.920322647980811, 21.333604100065639 ], [ -157.92032594460602, 21.33360444212574 ], [ -157.920326118894906, 21.333604460377192 ], [ -157.920329415516079, 21.333604808759496 ], [ -157.920329517876411, 21.333604819634459 ], [ -157.920332813531616, 21.333605171628864 ], [ -157.920333012549349, 21.333605193103217 ], [ -157.920336308200575, 21.333605552323018 ], [ -157.920339680377111, 21.333605922731198 ], [ -157.9203398821858, 21.333605945124901 ], [ -157.92034317590398, 21.333606314278491 ], [ -157.920346544171309, 21.333606694527774 ], [ -157.92034674589047, 21.333606717526646 ], [ -157.920350038638645, 21.333607096614625 ], [ -157.92035338313292, 21.333607483592271 ], [ -157.920353581712533, 21.333607506787924 ], [ -157.920356873492722, 21.333607894907104 ], [ -157.920360217049648, 21.333608291066003 ], [ -157.920360415471322, 21.333608314794581 ], [ -157.920363706282558, 21.333608711944954 ], [ -157.920367048901142, 21.333609117285359 ], [ -157.920367200846442, 21.333609135839463 ], [ -157.920370489725656, 21.333609540214134 ], [ -157.920370588834061, 21.333609552454149 ], [ -157.920373877712279, 21.333609960441525 ], [ -157.920374004844945, 21.333609976302025 ], [ -157.920377292755148, 21.333610388804786 ], [ -157.92038065729929, 21.333610813785331 ], [ -157.920380805827733, 21.333610832670079 ], [ -157.920384092769922, 21.333611253300734 ], [ -157.920387429196865, 21.333611682083966 ], [ -157.920387581001023, 21.333611701721807 ], [ -157.920390866976248, 21.333612129577265 ], [ -157.920394204878733, 21.333612566141095 ], [ -157.920394353207115, 21.333612585663968 ], [ -157.920397638213359, 21.333613020744323 ], [ -157.920400950451352, 21.333613460466044 ], [ -157.920401098691428, 21.333613480268401 ], [ -157.920404382730652, 21.333613921670349 ], [ -157.920407718737806, 21.333614372008288 ], [ -157.920407817504639, 21.333614385395933 ], [ -157.920411100577894, 21.333614832216387 ], [ -157.920414433018493, 21.333615287575796 ], [ -157.920414588293625, 21.33361530892833 ], [ -157.920417867622348, 21.333615762722257 ], [ -157.920421147912492, 21.333616216516404 ], [ -157.920421274872695, 21.333616234169963 ], [ -157.920424556011909, 21.333616692730505 ], [ -157.920427861809202, 21.333617155643804 ], [ -157.920427964109507, 21.333617170027541 ], [ -157.920431244281787, 21.333617633103479 ], [ -157.92043457374362, 21.333618104957758 ], [ -157.920437930599235, 21.33361858358743 ], [ -157.920441259082025, 21.33361906002521 ], [ -157.920444612168495, 21.33361954273844 ], [ -157.920447918812556, 21.333620019842073 ], [ -157.920451270914128, 21.333620506249204 ], [ -157.920454573769263, 21.33362098644713 ], [ -157.920454676033586, 21.333621001373864 ], [ -157.920457939090142, 21.333621479525142 ], [ -157.920461203109312, 21.333621956778153 ], [ -157.920461309206701, 21.333621972354361 ], [ -157.920464583581918, 21.333622455012957 ], [ -157.920467858926031, 21.33362293767275 ], [ -157.92047121094771, 21.333623434515307 ], [ -157.920474486280142, 21.333623919881479 ], [ -157.920477815642357, 21.333624415218747 ], [ -157.920481091949057, 21.333624902678093 ], [ -157.920484420362385, 21.333625399855194 ], [ -157.920487717336897, 21.333625893113808 ], [ -157.920491019213699, 21.333626388158994 ], [ -157.920494293556345, 21.333626878936748 ], [ -157.920497597389584, 21.333627375186389 ], [ -157.920500872725796, 21.333627867160047 ], [ -157.920504184925335, 21.333628366484021 ], [ -157.920507447975353, 21.33362885751195 ], [ -157.920510723311622, 21.33362935038863 ], [ -157.920514018535471, 21.333629847163365 ], [ -157.920997738300343, 21.33370271968078 ], [ -157.921481501757427, 21.333775596945074 ], [ -157.921486424215516, 21.333776339460979 ], [ -157.921491329039867, 21.333777078416819 ], [ -157.921496260101094, 21.333777822375438 ], [ -157.921501186862912, 21.333778566446441 ], [ -157.921506134307151, 21.333779315600818 ], [ -157.921511046354794, 21.333780059402098 ], [ -157.921516033414377, 21.333780819109446 ], [ -157.921520937636728, 21.333781565478709 ], [ -157.921525930575768, 21.333782329903407 ], [ -157.921530874388878, 21.333783088656581 ], [ -157.921530961566503, 21.333783102079018 ], [ -157.921535870716895, 21.333783860329238 ], [ -157.92154079450259, 21.33378462159579 ], [ -157.921540914401334, 21.333784640214205 ], [ -157.921545822582686, 21.333785405689131 ], [ -157.92155076346495, 21.333786178076259 ], [ -157.921550880621254, 21.333786196468211 ], [ -157.92155578783462, 21.333786970070935 ], [ -157.921560745853327, 21.333787754559122 ], [ -157.921560879298028, 21.333787775774301 ], [ -157.921565784579371, 21.333788559310715 ], [ -157.921570722521835, 21.333789349876813 ], [ -157.921570910475623, 21.333789380167779 ], [ -157.921575812857981, 21.33379017544398 ], [ -157.921580746012609, 21.333790977367425 ], [ -157.921580933921945, 21.33379100811322 ], [ -157.921585834370347, 21.333791815129523 ], [ -157.921590767417655, 21.333792629326389 ], [ -157.9215909849882, 21.333792665504308 ], [ -157.921595883501567, 21.333793486067002 ], [ -157.921600832808764, 21.333794318024175 ], [ -157.921601050239815, 21.333794354841935 ], [ -157.921605945854196, 21.333795189853809 ], [ -157.921610890258393, 21.333796035910581 ], [ -157.921611146017, 21.333796080046444 ], [ -157.92161603776637, 21.333796931313422 ], [ -157.92162097824604, 21.33379779378345 ], [ -157.921621227811272, 21.333797837705493 ], [ -157.921626117623674, 21.333798705228453 ], [ -157.921626204861582, 21.333798720749044 ], [ -157.921631092744946, 21.333799592786704 ], [ -157.921631345206151, 21.33379963819112 ], [ -157.921636230189534, 21.333800523775068 ], [ -157.921636327360062, 21.333800541444724 ], [ -157.921641212340461, 21.333801432447476 ], [ -157.921641483912282, 21.333801482402603 ], [ -157.921646365029716, 21.333802387854249 ], [ -157.921651329230002, 21.333803313452936 ], [ -157.921651629701159, 21.333803369996865 ], [ -157.921656506952559, 21.333804296219494 ], [ -157.921656610333599, 21.333804315913564 ], [ -157.921661485653004, 21.333805247554203 ], [ -157.921661769684903, 21.333805302294248 ], [ -157.921666642104356, 21.333806249287367 ], [ -157.92166679375552, 21.333806278894318 ], [ -157.921671664242922, 21.333807234014937 ], [ -157.921671935241449, 21.333807287582001 ], [ -157.921676801864862, 21.333808257151507 ], [ -157.921676966012853, 21.333808290010008 ], [ -157.921681831668309, 21.333809268610707 ], [ -157.921682118432329, 21.333809326761369 ], [ -157.921686980223768, 21.333810320714164 ], [ -157.921687151104607, 21.333810355818493 ], [ -157.921692009999049, 21.333811358801491 ], [ -157.92169230893731, 21.333811421027523 ], [ -157.92169716493072, 21.333812440266211 ], [ -157.921697351647168, 21.333812479659393 ], [ -157.921702204744605, 21.333813508831472 ], [ -157.921702506836937, 21.333813573426319 ], [ -157.921707356069447, 21.333814618853694 ], [ -157.921707558550906, 21.333814662745251 ], [ -157.921712404885398, 21.33381571900922 ], [ -157.921712722463127, 21.333815788815642 ], [ -157.921717564932635, 21.333816862237999 ], [ -157.921717783023524, 21.333816910860765 ], [ -157.921722622596008, 21.333817996023008 ], [ -157.921722943460821, 21.333818068574544 ], [ -157.921727778203319, 21.333819170894579 ], [ -157.921727995960708, 21.333819220822555 ], [ -157.921732827805243, 21.333820334882493 ], [ -157.921733164029234, 21.333820413071834 ], [ -157.921737991044751, 21.333821545192855 ], [ -157.921738240000138, 21.333821603949421 ], [ -157.92174306411664, 21.33382274961664 ], [ -157.921743387996401, 21.333822827156609 ], [ -157.92174820631891, 21.333823989981212 ], [ -157.921748474594608, 21.333824055153592 ], [ -157.921753289055147, 21.333825232427195 ], [ -157.921753624068344, 21.333825315017322 ], [ -157.921758433698898, 21.333826510352022 ], [ -157.921758717104893, 21.333826581267523 ], [ -157.921763522870435, 21.33382779195431 ], [ -157.921763861386381, 21.333827877922474 ], [ -157.921768661359948, 21.333829106669846 ], [ -157.921768964046919, 21.333829184706591 ], [ -157.921773759191495, 21.333830429708758 ], [ -157.921774077151696, 21.333830512874059 ], [ -157.921778867467253, 21.333831775034216 ], [ -157.921779220553617, 21.333831868821605 ], [ -157.921784005075267, 21.333833149945651 ], [ -157.921784326727249, 21.333833236701842 ], [ -157.921789105456838, 21.333834534983382 ], [ -157.921789453208476, 21.333834630198343 ], [ -157.921794227107085, 21.333835947444182 ], [ -157.921797347620725, 21.333836868742978 ], [ -157.921886829659627, 21.333865036162049 ], [ -157.921893279177965, 21.333867337723643 ], [ -157.921980089475056, 21.333902081683703 ], [ -157.92198632356849, 21.33390485649133 ], [ -157.922069909889672, 21.333945956365774 ], [ -157.922075889013229, 21.333949186889086 ], [ -157.922155723243407, 21.333996383226761 ], [ -157.922161408828572, 21.334000048584805 ], [ -157.922236986004265, 21.334053042206552 ], [ -157.922242342799478, 21.334057119632682 ], [ -157.922313183039165, 21.334115574341055 ], [ -157.922318176583389, 21.334120037583343 ], [ -157.922383833759369, 21.334183584682822 ], [ -157.922388433508246, 21.334188406546719 ], [ -157.922448489462482, 21.334256643034216 ], [ -157.922452664857445, 21.334261791501589 ], [ -157.922506740970761, 21.334334285490623 ], [ -157.922510466733968, 21.334339729362906 ], [ -157.922558220061944, 21.334416022791356 ], [ -157.92256147164403, 21.334421726184292 ], [ -157.922602599745204, 21.334501333912819 ], [ -157.922605357276126, 21.334507261868097 ], [ -157.922639600126587, 21.334589681616311 ], [ -157.92264072348317, 21.334592543101635 ], [ -157.922642353202207, 21.334596947738543 ], [ -157.922642481194998, 21.334597296215428 ], [ -157.922644089702118, 21.334601708067957 ], [ -157.922644193926686, 21.334601995693649 ], [ -157.922645785079766, 21.334606413860381 ], [ -157.922645899881189, 21.334606734835461 ], [ -157.922647470787297, 21.334611157508792 ], [ -157.922647574207474, 21.334611450530172 ], [ -157.922649127758604, 21.334615880420824 ], [ -157.922649225107136, 21.334616159707668 ], [ -157.922650761304283, 21.334620594106219 ], [ -157.922650868938064, 21.334620906955841 ], [ -157.922652385852189, 21.334625346764607 ], [ -157.922652477664002, 21.334625617109904 ], [ -157.922653978188151, 21.334630062330163 ], [ -157.922654078535572, 21.33463036161163 ], [ -157.922655560740765, 21.334634812242399 ], [ -157.922655648932647, 21.334635078664153 ], [ -157.922657114748858, 21.334639533803326 ], [ -157.922657208087344, 21.334639819355001 ], [ -157.922658656548549, 21.334644279905287 ], [ -157.922658732063468, 21.33464451371546 ], [ -157.922660166062684, 21.334648977871641 ], [ -157.922660261925358, 21.334649278400263 ], [ -157.922661677606584, 21.33465374796717 ], [ -157.922661742338818, 21.334653953330413 ], [ -157.922663145486041, 21.334658426504213 ], [ -157.922663242432264, 21.334658737859797 ], [ -157.92266462629749, 21.334663215540509 ], [ -157.922664685124857, 21.334663406760306 ], [ -157.922666057420145, 21.334667888048525 ], [ -157.922666144696279, 21.334668175039017 ], [ -157.922667499637527, 21.334672661738235 ], [ -157.922667554730253, 21.334672844989157 ], [ -157.922668898102529, 21.334677333489392 ], [ -157.922668987832196, 21.334677635535602 ], [ -157.922670312886424, 21.334682129446435 ], [ -157.922670359417452, 21.334682287879918 ], [ -157.922671674830752, 21.334686784495762 ], [ -157.922671756113743, 21.334687064311275 ], [ -157.92267305417306, 21.33469156453193 ], [ -157.922673095557883, 21.334691708532844 ], [ -157.922674384939199, 21.33469621145899 ], [ -157.922674469875403, 21.334696510354572 ], [ -157.922675740939724, 21.33470101778823 ], [ -157.922675776228061, 21.33470114333333 ], [ -157.922677039579384, 21.334705652569692 ], [ -157.922677114650867, 21.334705922403902 ], [ -157.922678361612213, 21.334710436148569 ], [ -157.922678396225223, 21.334710561854369 ], [ -157.922679635473543, 21.334715077401938 ], [ -157.922679707042505, 21.334715339998134 ], [ -157.922680929901816, 21.33471985824751 ], [ -157.922680956901644, 21.334719958273496 ], [ -157.922682173975971, 21.334724479229877 ], [ -157.922682245257562, 21.334724745914418 ], [ -157.922683445941942, 21.334729270475901 ], [ -157.922683474386275, 21.334729377975968 ], [ -157.922684668322631, 21.334733903437566 ], [ -157.922684727614211, 21.334734129564872 ], [ -157.922685908051562, 21.334738659536068 ], [ -157.922685935078675, 21.334738763550753 ], [ -157.922687108769054, 21.334743293518855 ], [ -157.922687166109625, 21.334743516198689 ], [ -157.922688326301994, 21.334748049773193 ], [ -157.922688350922527, 21.334748146240056 ], [ -157.922689505330908, 21.334752681618365 ], [ -157.922689556165636, 21.334752882465171 ], [ -157.922690698041009, 21.334757419643989 ], [ -157.922690718536131, 21.334757501268694 ], [ -157.9226918555905, 21.334762040251697 ], [ -157.922691910235073, 21.334762259754051 ], [ -157.922693033791489, 21.334766801440285 ], [ -157.922694166381746, 21.334771392298347 ], [ -157.922694216589974, 21.334771597021643 ], [ -157.922695324721388, 21.334776142313569 ], [ -157.922696440891457, 21.334780732497617 ], [ -157.922696486811162, 21.334780922392113 ], [ -157.922697580481582, 21.334785470386748 ], [ -157.92269868023368, 21.334790052624406 ], [ -157.922698724780787, 21.334790239261817 ], [ -157.922699804954163, 21.334794789959854 ], [ -157.922700891105052, 21.334799374898218 ], [ -157.92270092806433, 21.334799531646166 ], [ -157.922701996668735, 21.334804085048408 ], [ -157.922703070388138, 21.33480866848755 ], [ -157.922703104232539, 21.33480881359467 ], [ -157.922704162230957, 21.334813369701514 ], [ -157.922705225273774, 21.334817955855819 ], [ -157.922705253808886, 21.334818079425567 ], [ -157.922706302168336, 21.33482263643112 ], [ -157.922707353771216, 21.334827212642857 ], [ -157.922707378639558, 21.334827321222075 ], [ -157.92270841928601, 21.334831880030432 ], [ -157.922709463140109, 21.334836458031088 ], [ -157.922709483682553, 21.334836548375026 ], [ -157.92271051758101, 21.334841108083488 ], [ -157.922711552207659, 21.334845671911239 ], [ -157.922711573367366, 21.334845765519752 ], [ -157.922712601479816, 21.334850327031813 ], [ -157.922713629590106, 21.334854888529964 ], [ -157.922714666434644, 21.334859506885035 ], [ -157.922715689963326, 21.334864061770354 ], [ -157.922716723520438, 21.334868678528434 ], [ -157.922717744516063, 21.334873235895117 ], [ -157.922718770957061, 21.334877825287887 ], [ -157.922719792068079, 21.334882391780106 ], [ -157.922818928099389, 21.335325746376537 ], [ -157.922918055302773, 21.335769057733302 ], [ -157.922919124102094, 21.335773835764819 ], [ -157.922920195146219, 21.335778627241702 ], [ -157.922921266235164, 21.335783424150875 ], [ -157.922922333433718, 21.335788202738502 ], [ -157.922923406138295, 21.335793015547964 ], [ -157.922924473989923, 21.335797810946495 ], [ -157.922925546019002, 21.335802639072057 ], [ -157.922926607767351, 21.335807420958307 ], [ -157.922927681319635, 21.335812278798024 ], [ -157.92292873825042, 21.335817061600515 ], [ -157.922928757962495, 21.335817151054385 ], [ -157.922929809109093, 21.335821934756428 ], [ -157.9229308624586, 21.335826732877361 ], [ -157.922930882695738, 21.335826825331814 ], [ -157.922931927093316, 21.335831610837172 ], [ -157.922932973673653, 21.335836410767399 ], [ -157.922932999386546, 21.335836529143233 ], [ -157.922934035108142, 21.335841315547686 ], [ -157.922935071465474, 21.335846105798122 ], [ -157.922935103180663, 21.335846253091354 ], [ -157.922936129262212, 21.335851041297818 ], [ -157.922937155969805, 21.335855833338229 ], [ -157.922937190463983, 21.335855995187423 ], [ -157.922938205939602, 21.335860785195294 ], [ -157.922939224122956, 21.335865593435596 ], [ -157.922939255805176, 21.335865743793661 ], [ -157.922940260675801, 21.33587053650632 ], [ -157.922941271741422, 21.33587537261565 ], [ -157.922941303623872, 21.335875525897642 ], [ -157.922942295960496, 21.335880321314018 ], [ -157.922943296405094, 21.335885174651658 ], [ -157.922943330229629, 21.335885339660514 ], [ -157.922944308106224, 21.33589013687649 ], [ -157.922945292507137, 21.335894981261127 ], [ -157.922945331690585, 21.335895175375445 ], [ -157.922946294142207, 21.335899975293838 ], [ -157.922947264902405, 21.335904836908259 ], [ -157.922947303960967, 21.33590503386333 ], [ -157.922948250022614, 21.335909837386932 ], [ -157.922949203655065, 21.335914699045706 ], [ -157.92294924765821, 21.335914925179363 ], [ -157.922950175402804, 21.335919731404175 ], [ -157.922951108668315, 21.335924581273538 ], [ -157.922951155106944, 21.335924824723705 ], [ -157.922952064533575, 21.335929634552816 ], [ -157.922952982879906, 21.335934517240077 ], [ -157.922953027801185, 21.33593475820944 ], [ -157.922953916983829, 21.335939570738759 ], [ -157.922954815255679, 21.335944459666838 ], [ -157.922954861794778, 21.335944715412229 ], [ -157.922955729766414, 21.335949531544561 ], [ -157.922955745514088, 21.335949619215945 ], [ -157.92295660770273, 21.335954435345471 ], [ -157.922956653499483, 21.335954693714218 ], [ -157.92295749929815, 21.335959513449058 ], [ -157.922957515074188, 21.33595960366484 ], [ -157.922958355087871, 21.335964424300084 ], [ -157.922958404255041, 21.33596470964855 ], [ -157.922959225952724, 21.335969532985008 ], [ -157.922959240884722, 21.335969620944937 ], [ -157.922960056797393, 21.33597444427879 ], [ -157.922960104936521, 21.33597473219513 ], [ -157.922960902531202, 21.335979559133197 ], [ -157.92296092460947, 21.33597969349125 ], [ -157.92296171352919, 21.33598452132852 ], [ -157.922961757336196, 21.335984792464931 ], [ -157.922962528901934, 21.335989623003709 ], [ -157.922962550265851, 21.335989757525795 ], [ -157.922963313154554, 21.335994588963878 ], [ -157.922963357760779, 21.335994874971117 ], [ -157.922964102333509, 21.335999709110204 ], [ -157.922964125190759, 21.335999858491913 ], [ -157.922964860122477, 21.336004693529912 ], [ -157.922964903078196, 21.336004979777215 ], [ -157.922965619691951, 21.336009817516214 ], [ -157.922965644136951, 21.336009983801198 ], [ -157.922966350146652, 21.336014823341706 ], [ -157.922966395281605, 21.336015137290822 ], [ -157.922967081046323, 21.336019978628446 ], [ -157.922967102368403, 21.336020130251182 ], [ -157.922967778492165, 21.336024973390696 ], [ -157.922967821697398, 21.336025287636037 ], [ -157.922968477577143, 21.336030132572578 ], [ -157.922968503863274, 21.336030328656186 ], [ -157.922969147209017, 21.336035175393327 ], [ -157.922969186624783, 21.336035476938267 ], [ -157.922969810690489, 21.33604032637621 ], [ -157.922969837320579, 21.336040535592588 ], [ -157.922970447889327, 21.336045385927438 ], [ -157.922970487069875, 21.336045702511424 ], [ -157.922971077392617, 21.336050555546489 ], [ -157.922971102573314, 21.336050764969652 ], [ -157.922971679400121, 21.336055618901728 ], [ -157.922971716369602, 21.336055935640296 ], [ -157.922972272951341, 21.336060792272672 ], [ -157.922972299998804, 21.336061031622439 ], [ -157.922972841156621, 21.336065889150827 ], [ -157.922972877223174, 21.33606621942273 ], [ -157.922973397171972, 21.336071078747821 ], [ -157.922973421035209, 21.336071304955091 ], [ -157.922973926522985, 21.336076166079899 ], [ -157.922974045283098, 21.336077406581847 ], [ -157.922980192637624, 21.336147664748623 ], [ -157.922980470011424, 21.336152917987363 ], [ -157.92298175389277, 21.336223401525061 ], [ -157.92298166803954, 21.336228659868436 ], [ -157.922978083774012, 21.336299072533421 ], [ -157.922978011050532, 21.336300304553788 ], [ -157.922977683638379, 21.336305179747615 ], [ -157.922977667043199, 21.336305421120073 ], [ -157.922977324208063, 21.336310294500407 ], [ -157.922977300185892, 21.336310625666986 ], [ -157.922976936143755, 21.336315497231229 ], [ -157.922976917886359, 21.336315736481623 ], [ -157.922976538420215, 21.336320608038875 ], [ -157.922976514364194, 21.336320909160925 ], [ -157.922976115619065, 21.336325778902882 ], [ -157.922976095570988, 21.336326019075514 ], [ -157.922975681401851, 21.336330887907287 ], [ -157.922975655195955, 21.336331188911842 ], [ -157.9229752217488, 21.336336055928417 ], [ -157.92297520273749, 21.336336266107597 ], [ -157.922974755794343, 21.336341132214887 ], [ -157.922974727683027, 21.336341431788174 ], [ -157.922974261459899, 21.336346296983368 ], [ -157.922974242378075, 21.336346493431524 ], [ -157.922973763624896, 21.336351356814628 ], [ -157.922973731888874, 21.336351672468968 ], [ -157.922973232891735, 21.33635653403638 ], [ -157.922973215752535, 21.336356699247197 ], [ -157.922972706152365, 21.336361559906617 ], [ -157.922972674037595, 21.336361860480594 ], [ -157.922972145158411, 21.336366719324818 ], [ -157.922972127003447, 21.336366884444857 ], [ -157.922971587520294, 21.336371742381097 ], [ -157.922971553561695, 21.336372042747684 ], [ -157.922970994800522, 21.336376898868728 ], [ -157.922970977371534, 21.336377049032173 ], [ -157.922970408969348, 21.336381904245513 ], [ -157.922970376814931, 21.336382174724843 ], [ -157.922969791062798, 21.336387028123998 ], [ -157.922969772595309, 21.336387179863848 ], [ -157.922969177204152, 21.336392031452114 ], [ -157.922969141880202, 21.336392314905542 ], [ -157.922968528173016, 21.336397165582312 ], [ -157.922968512629097, 21.336397287650001 ], [ -157.922967891210902, 21.336402136516877 ], [ -157.922967856334907, 21.336402404879319 ], [ -157.922967217565713, 21.336407252835009 ], [ -157.922967203352925, 21.33640736011667 ], [ -157.922966557835707, 21.336412206262949 ], [ -157.922966519354475, 21.33641249106218 ], [ -157.922965855522335, 21.33641733539368 ], [ -157.922965843052452, 21.336417425989804 ], [ -157.922965173437262, 21.336422269415497 ], [ -157.922965137737748, 21.336422524466258 ], [ -157.922964451735538, 21.336427366078066 ], [ -157.922964437018607, 21.336427469437826 ], [ -157.922963744268372, 21.336432311046543 ], [ -157.922963708936607, 21.336432555168802 ], [ -157.922963000763446, 21.336437393157816 ], [ -157.922962988055673, 21.336437479627708 ], [ -157.922962274098495, 21.336442318517129 ], [ -157.922962240218254, 21.336442545776706 ], [ -157.922961511803067, 21.336447381950038 ], [ -157.922961498117871, 21.336447472442611 ], [ -157.922960763918695, 21.336452307710044 ], [ -157.922960729394987, 21.336452532816192 ], [ -157.922959980736778, 21.336457366270636 ], [ -157.922959219080667, 21.336462258593166 ], [ -157.922959185701558, 21.336462471024255 ], [ -157.922958419692378, 21.336467301761196 ], [ -157.922957637169077, 21.336472206011905 ], [ -157.922957605362484, 21.336472403678968 ], [ -157.9229568220033, 21.336477231698431 ], [ -157.922956025593038, 21.336482117150236 ], [ -157.922955995542992, 21.336482300086537 ], [ -157.922955196759744, 21.336487126292603 ], [ -157.922954384385434, 21.336492011180752 ], [ -157.922954353736401, 21.33649219410092 ], [ -157.922953539531164, 21.336497017590297 ], [ -157.922952718831368, 21.336501868999825 ], [ -157.922952690182683, 21.33650203720978 ], [ -157.922951863446457, 21.336506858887166 ], [ -157.922951026671001, 21.336511723075571 ], [ -157.922951000094343, 21.336511876628318 ], [ -157.922950160826133, 21.336516696493504 ], [ -157.922949314942997, 21.336521544149022 ], [ -157.922949290574678, 21.336521683044641 ], [ -157.922948440704459, 21.336526501098625 ], [ -157.922947584163467, 21.336531346908874 ], [ -157.922947559911336, 21.336531483391656 ], [ -157.922946699436096, 21.336536300537652 ], [ -157.922945838964608, 21.336541117668038 ], [ -157.922945814906029, 21.336541251665704 ], [ -157.922944945755802, 21.336546067904496 ], [ -157.922944076163503, 21.33655088569494 ], [ -157.922944057181667, 21.33655099044319 ], [ -157.9229431815086, 21.336555803640358 ], [ -157.9229423058365, 21.336560617729809 ], [ -157.922942288938174, 21.336560710306923 ], [ -157.922941407257923, 21.336565523830423 ], [ -157.922940521934294, 21.336570351968025 ], [ -157.922939624703844, 21.336575223873879 ], [ -157.922938737742413, 21.336580038995599 ], [ -157.922937836610402, 21.336584909984477 ], [ -157.9229369421206, 21.336589738818457 ], [ -157.922936047598256, 21.336594563505361 ], [ -157.922935151175921, 21.336599392325859 ], [ -157.922934257928034, 21.336604204035844 ], [ -157.92293336112354, 21.336609029703588 ], [ -157.922915391904581, 21.336705730192559 ], [ -157.92289741408311, 21.336802470900341 ], [ -157.922896562789816, 21.336807056756861 ], [ -157.922895709182399, 21.336811649899801 ], [ -157.922894860332008, 21.336816227777966 ], [ -157.922894011723599, 21.336820804345912 ], [ -157.922893165039085, 21.336825381798988 ], [ -157.92289232235234, 21.336829936748867 ], [ -157.922891484925856, 21.33683449086864 ], [ -157.922890644417265, 21.336839055660356 ], [ -157.922889812927679, 21.336843603439402 ], [ -157.922888983077115, 21.336848142259289 ], [ -157.922888159885645, 21.336852682891237 ], [ -157.922887337615208, 21.336857217557128 ], [ -157.922886523414775, 21.336861751432274 ], [ -157.922885710362891, 21.336866278916933 ], [ -157.922884907439339, 21.336870798369265 ], [ -157.922884106820959, 21.336875311056321 ], [ -157.922883315438924, 21.336879825893032 ], [ -157.92288252656715, 21.336884331795797 ], [ -157.922881749619478, 21.336888830561918 ], [ -157.922880974340529, 21.336893331465681 ], [ -157.922880210526898, 21.336897826795923 ], [ -157.922879451250537, 21.336902312005744 ], [ -157.922878703239945, 21.336906799870036 ], [ -157.922877960401479, 21.336911273560673 ], [ -157.922877229415548, 21.336915756688153 ], [ -157.922876501748306, 21.336920230948632 ], [ -157.922875790569719, 21.336924692463981 ], [ -157.922875083120459, 21.336929153989985 ], [ -157.922874389659768, 21.336933618143231 ], [ -157.922873700951868, 21.336938075689677 ], [ -157.922873029643455, 21.336942518440416 ], [ -157.922872362905736, 21.336946968713686 ], [ -157.922871711076823, 21.336951414981566 ], [ -157.922871066716169, 21.336955854540225 ], [ -157.922870438569618, 21.336960286030489 ], [ -157.922869817670517, 21.336964720298727 ], [ -157.922869212625869, 21.336969147681014 ], [ -157.922868618106264, 21.336973560327969 ], [ -157.922868038873105, 21.336977984375615 ], [ -157.922867467137479, 21.336982407454176 ], [ -157.922866915134875, 21.336986808019752 ], [ -157.922866372982782, 21.336991212153077 ], [ -157.922865846299914, 21.336995625766018 ], [ -157.922865330826511, 21.337000022960275 ], [ -157.922864835309497, 21.337004408014792 ], [ -157.922864349014588, 21.337008808622269 ], [ -157.922863880932482, 21.337013195453128 ], [ -157.92286342714732, 21.3370175683458 ], [ -157.922862990753458, 21.337021950739512 ], [ -157.922862566947998, 21.337026326170541 ], [ -157.922862162940788, 21.337030695505387 ], [ -157.922861771628561, 21.337035065691012 ], [ -157.92286140069109, 21.337039421946525 ], [ -157.922861043522005, 21.337043787464012 ], [ -157.922860706329857, 21.337048129750265 ], [ -157.922860385662801, 21.337052481591982 ], [ -157.922860082131251, 21.337056834310289 ], [ -157.922859796735025, 21.337061173551678 ], [ -157.922859531178574, 21.337065497082456 ], [ -157.922859283534592, 21.337069837958701 ], [ -157.922859053802995, 21.337074163138777 ], [ -157.92285885236447, 21.337078330755286 ], [ -157.922858714362491, 21.337081762996721 ], [ -157.922858373510451, 21.337090206869426 ], [ -157.922858129627969, 21.337099134645502 ], [ -157.922857921517448, 21.337108371976644 ], [ -157.922857843644266, 21.337117272311332 ], [ -157.922857807484576, 21.337126507658162 ], [ -157.922857895694989, 21.337135408046315 ], [ -157.922858031402853, 21.337144641670427 ], [ -157.922858285693593, 21.337153539519438 ], [ -157.922858593382756, 21.337162773297681 ], [ -157.922859012842025, 21.337171664883726 ], [ -157.922859492238075, 21.33718088766679 ], [ -157.922860077737027, 21.337189770412134 ], [ -157.922860729205865, 21.33719898715476 ], [ -157.922861480131957, 21.337207862083361 ], [ -157.922862302508918, 21.337217065944316 ], [ -157.922863218197051, 21.337225922177424 ], [ -157.922864212344905, 21.337235110746338 ], [ -157.922865293397678, 21.337243952097378 ], [ -157.922866458887626, 21.337253125166754 ], [ -157.922867704624082, 21.337261950977243 ], [ -157.922869039889918, 21.337271101521413 ], [ -157.922870449065215, 21.337279899168621 ], [ -157.922871955844158, 21.337289029488389 ], [ -157.922873529257231, 21.337297808771606 ], [ -157.922875204841091, 21.337306909861809 ], [ -157.922876940741645, 21.337315657637625 ], [ -157.922878786480794, 21.337324730519914 ], [ -157.922880685941038, 21.33733345247877 ], [ -157.922882699656128, 21.33734249284166 ], [ -157.922884760981276, 21.337351179330263 ], [ -157.922886944372038, 21.337360191082297 ], [ -157.922889166495565, 21.337368843667782 ], [ -157.922891515546723, 21.337377810677051 ], [ -157.922893899523444, 21.337386426550502 ], [ -157.92289641628588, 21.337395357745571 ], [ -157.922898960597905, 21.337403935175178 ], [ -157.922901641849137, 21.337412820585712 ], [ -157.922904344825525, 21.337421350742904 ], [ -157.922907192905086, 21.337430194765709 ], [ -157.922910055138715, 21.337438682648898 ], [ -157.922913066351811, 21.33744747674471 ], [ -157.922916086339825, 21.337455916060495 ], [ -157.922919261745136, 21.337464662499201 ], [ -157.922922436742141, 21.33747304830208 ], [ -157.922925773314546, 21.337481736315858 ], [ -157.922929106210034, 21.337490072841113 ], [ -157.922932605105899, 21.337498708519462 ], [ -157.922936091826529, 21.337506987399294 ], [ -157.922939749335427, 21.337515560493266 ], [ -157.922943390269893, 21.337523780251782 ], [ -157.922947211733373, 21.337532302531837 ], [ -157.922951003204957, 21.337540461329439 ], [ -157.922954979160181, 21.337548911094547 ], [ -157.922958923445549, 21.337557008495079 ], [ -157.922963055495927, 21.33756539091484 ], [ -157.922967151660941, 21.337573424138302 ], [ -157.922971439463936, 21.337581739600715 ], [ -157.922975684090886, 21.337589702911636 ], [ -157.92298012754091, 21.337597950214331 ], [ -157.922984516267775, 21.337605837424036 ], [ -157.92298911450888, 21.337614011431061 ], [ -157.922993651950833, 21.33762183154095 ], [ -157.922998397818674, 21.337629922830487 ], [ -157.923003082396662, 21.337637669429597 ], [ -157.923007979294994, 21.337645685339208 ], [ -157.923012804485609, 21.337653349027384 ], [ -157.923017851502067, 21.33766128513215 ], [ -157.923022820080661, 21.33766887159786 ], [ -157.923028013152475, 21.337676722603792 ], [ -157.92303312153436, 21.337684225689404 ], [ -157.923038458877414, 21.337691988722213 ], [ -157.923043707348882, 21.337699407628868 ], [ -157.923049190460802, 21.337707085372568 ], [ -157.923054575889751, 21.337714417350096 ], [ -157.923060201911824, 21.337722005217653 ], [ -157.9230657206964, 21.337729245766052 ], [ -157.923071484557596, 21.337736736087486 ], [ -157.923077140642022, 21.33774388866248 ], [ -157.923083044865393, 21.337751286263209 ], [ -157.923088833159994, 21.33775834518983 ], [ -157.923094872845013, 21.337765643894773 ], [ -157.923100788535265, 21.337772603098738 ], [ -157.923106965160315, 21.337779803011315 ], [ -157.923113014138067, 21.337786669782091 ], [ -157.923119322060728, 21.337793766835279 ], [ -157.923125494542461, 21.33780052938608 ], [ -157.923131934054879, 21.337807521744846 ], [ -157.92313823350699, 21.337814184387177 ], [ -157.923144805417166, 21.337821073771984 ], [ -157.923151226117909, 21.337827631580605 ], [ -157.923157921646805, 21.337834408284159 ], [ -157.923164465961463, 21.337840862040832 ], [ -157.923171289138793, 21.337847531161589 ], [ -157.923177948639562, 21.337853873570744 ], [ -157.92318489344396, 21.337860427607172 ], [ -157.923191673906103, 21.337866663348432 ], [ -157.923198739525873, 21.337873103296172 ], [ -157.923205633112246, 21.337879225070093 ], [ -157.923212821836643, 21.337885552008792 ], [ -157.923219827567408, 21.337891560564014 ], [ -157.923227128160875, 21.337897764466078 ], [ -157.923234249297082, 21.337903660755739 ], [ -157.92324166283322, 21.337909744137761 ], [ -157.923248888202892, 21.337915518645435 ], [ -157.9232564182727, 21.33792148258815 ], [ -157.923263753119983, 21.337927140854951 ], [ -157.923271391630522, 21.337932980024892 ], [ -157.923278830128737, 21.337938517195713 ], [ -157.923286574589184, 21.337944229443735 ], [ -157.923294113886755, 21.33794964292974 ], [ -157.923301967372169, 21.337955230119686 ], [ -157.923309606552579, 21.337960520357377 ], [ -157.923317557127405, 21.337965974294995 ], [ -157.923325295131178, 21.337971138625321 ], [ -157.923333352910532, 21.337976466391446 ], [ -157.923341183141503, 21.337981502578891 ], [ -157.923349335845899, 21.337986695478087 ], [ -157.923357260956578, 21.337991604120482 ], [ -157.923365508551797, 21.337996662821961 ], [ -157.923373521964407, 21.338001439827998 ], [ -157.923381862436258, 21.338006362524336 ], [ -157.923389965928095, 21.338011008863429 ], [ -157.923398397577358, 21.338015795287433 ], [ -157.923406586396055, 21.338020308374674 ], [ -157.923415105189378, 21.338024956081703 ], [ -157.923423378047801, 21.338029334999899 ], [ -157.923431980055767, 21.338033842155866 ], [ -157.923440328963522, 21.338038082492638 ], [ -157.923449019471803, 21.338042450569436 ], [ -157.923457449678466, 21.338046556368312 ], [ -157.923466215332667, 21.338050779600071 ], [ -157.923474717570372, 21.338054745130016 ], [ -157.923483564352068, 21.338058825613441 ], [ -157.923492139596476, 21.338062652187578 ], [ -157.923501056596393, 21.338066585327066 ], [ -157.923509706842623, 21.338070272442938 ], [ -157.923518699260029, 21.338074061674519 ], [ -157.923527410507972, 21.338077604554087 ], [ -157.923536471033913, 21.338081244962204 ], [ -157.923545249486665, 21.338084645985557 ], [ -157.923554374579084, 21.338088136934598 ], [ -157.923563216887203, 21.338091394070879 ], [ -157.923572409733907, 21.338094737282333 ], [ -157.923581308182293, 21.338097848687987 ], [ -157.923590557526381, 21.338101039371647 ], [ -157.923599514816118, 21.338104004965246 ], [ -157.923608826628964, 21.338107045564549 ], [ -157.923617836478684, 21.338109864436845 ], [ -157.923627200223876, 21.338112751230042 ], [ -157.923636257449004, 21.338115421007078 ], [ -157.92364567760049, 21.338118154525031 ], [ -157.923654788633883, 21.338120677857219 ], [ -157.923664255692017, 21.338123256605144 ], [ -157.923673411715811, 21.338125630636029 ], [ -157.923683113988631, 21.338128102254526 ], [ -157.923687388300777, 21.33812915500139 ], [ -157.923691861454046, 21.33813023695383 ], [ -157.923696358882438, 21.338131307689519 ], [ -157.923700849986687, 21.338132359258964 ], [ -157.923705354423134, 21.338133395852704 ], [ -157.923709874220464, 21.338134419116145 ], [ -157.923714403639281, 21.338135427683575 ], [ -157.923718935777288, 21.338136420647185 ], [ -157.923723484145029, 21.338137400084783 ], [ -157.923728036989615, 21.338138365497738 ], [ -157.923732607650408, 21.338139317770686 ], [ -157.923737173963445, 21.338140255656825 ], [ -157.923741761715689, 21.338141180164559 ], [ -157.923746352195963, 21.338142093600048 ], [ -157.923750947979698, 21.338142990325874 ], [ -157.92375556003384, 21.338143878758697 ], [ -157.923760184785323, 21.338144753345578 ], [ -157.923764806513447, 21.338145616751348 ], [ -157.923769437453558, 21.338146465091189 ], [ -157.923774079261165, 21.338147305480813 ], [ -157.923778741596237, 21.338148133583623 ], [ -157.923783397649999, 21.338148952506469 ], [ -157.923788056453844, 21.338149755092449 ], [ -157.92379273336357, 21.338150552715081 ], [ -157.923797422646402, 21.338151337277729 ], [ -157.923802112825854, 21.338152114919286 ], [ -157.923806812523225, 21.338152878960283 ], [ -157.923811515502109, 21.338153637172013 ], [ -157.923816228503256, 21.338154381951657 ], [ -157.923820959727976, 21.338155124093987 ], [ -157.923825685988589, 21.338155852126519 ], [ -157.92383041314298, 21.338156574068275 ], [ -157.923835165421224, 21.338157286457804 ], [ -157.923839912696508, 21.338157994329357 ], [ -157.923844669108206, 21.338158689441858 ], [ -157.923849435598555, 21.338159383128708 ], [ -157.923854204280843, 21.338160063864095 ], [ -157.923858989074517, 21.338160744130658 ], [ -157.923863776986224, 21.338161413151866 ], [ -157.92386856488244, 21.338162079534932 ], [ -157.923873361684485, 21.338162735457544 ], [ -157.9238781770988, 21.338163392030307 ], [ -157.923882986403612, 21.338164037941073 ], [ -157.923887810988845, 21.338164683250024 ], [ -157.923892637475802, 21.338165320599074 ], [ -157.923897463974697, 21.338165955295651 ], [ -157.923902301754993, 21.338166583249908 ], [ -157.923907146817669, 21.338167210496191 ], [ -157.923912000903726, 21.338167831551583 ], [ -157.923916864372103, 21.338168452916488 ], [ -157.923921728792038, 21.338169068045158 ], [ -157.923926601463791, 21.338169683324665 ], [ -157.923931475093411, 21.338170293250386 ], [ -157.923936358071728, 21.338170903451832 ], [ -157.923941248213481, 21.338171510071035 ], [ -157.923946147571002, 21.338172117714844 ], [ -157.923951048020029, 21.338172721905089 ], [ -157.923955955647273, 21.338173326980378 ], [ -157.923960864235255, 21.338173929360551 ], [ -157.923965782280391, 21.338174533018702 ], [ -157.923970699131615, 21.338175134612651 ], [ -157.923975646130998, 21.338175740799219 ], [ -157.924734068605432, 21.338268606635005 ], [ -157.925493588339577, 21.338361604614303 ], [ -157.925497490965881, 21.338362082620904 ], [ -157.925501390710622, 21.338362560156778 ], [ -157.925505293580869, 21.338363038193105 ], [ -157.925509193723656, 21.338363515895168 ], [ -157.925513093871245, 21.338363993597838 ], [ -157.925517003104602, 21.338364473316059 ], [ -157.925520892402773, 21.338364949572334 ], [ -157.925524816172839, 21.338365431073644 ], [ -157.925528716317643, 21.338365909678778 ], [ -157.925532637362863, 21.338366391754228 ], [ -157.925536537507384, 21.33836687126232 ], [ -157.925540437654803, 21.338367350770792 ], [ -157.925544337796964, 21.338367830278404 ], [ -157.92554826061675, 21.338368313598579 ], [ -157.925552178918167, 21.338368797151709 ], [ -157.925556079061806, 21.338369278465716 ], [ -157.92555999102342, 21.338369762141731 ], [ -157.925563881125953, 21.338370242334538 ], [ -157.925567832139393, 21.338370732651235 ], [ -157.92557172224889, 21.338371214647161 ], [ -157.925575642322741, 21.338371701261266 ], [ -157.925579562394688, 21.338372188783115 ], [ -157.925583482463338, 21.338372677212476 ], [ -157.925587381643481, 21.338373163041606 ], [ -157.925591312151937, 21.338373654585332 ], [ -157.925595200884942, 21.338374140013244 ], [ -157.925599153669566, 21.338374636161912 ], [ -157.925603042830289, 21.338375123564898 ], [ -157.925606992827653, 21.338375621195464 ], [ -157.925610881993606, 21.338376110401239 ], [ -157.925614842854998, 21.338376611356889 ], [ -157.925618741062749, 21.338377104409528 ], [ -157.925622660153209, 21.3383776010091 ], [ -157.925626581094264, 21.338378098873584 ], [ -157.925630518228274, 21.338378600490007 ], [ -157.925634439179049, 21.338379101081728 ], [ -157.925638357295071, 21.338379602220162 ], [ -157.925642275406716, 21.338380104265873 ], [ -157.925646214391207, 21.338380610804883 ], [ -157.925650132494638, 21.338381115573704 ], [ -157.925654073363859, 21.338381625219039 ], [ -157.925657969638536, 21.338382129107959 ], [ -157.925661928501796, 21.338382643822708 ], [ -157.925665824777781, 21.338383150421464 ], [ -157.925669783617678, 21.338383667886255 ], [ -157.925673681825941, 21.338384177572667 ], [ -157.925677650122822, 21.33838470006501 ], [ -157.925681535007726, 21.338385210711859 ], [ -157.925685504741381, 21.338385736154834 ], [ -157.925689390127019, 21.338386249696626 ], [ -157.925693367847629, 21.33838677909408 ], [ -157.92569728104138, 21.3383873007189 ], [ -157.925701222008172, 21.338387828122634 ], [ -157.925705134214041, 21.338388352466183 ], [ -157.925709093063801, 21.33838888592555 ], [ -157.925713007266182, 21.338389414297776 ], [ -157.925716965151167, 21.338389951432088 ], [ -157.925720876342325, 21.338390483027744 ], [ -157.925724834221342, 21.33839102383493 ], [ -157.925728749511592, 21.338391559883974 ], [ -157.925732701321124, 21.338392103533874 ], [ -157.925736616618337, 21.33839264321864 ], [ -157.92573751617428, 21.338392771733865 ], [ -157.925811267926974, 21.33840367942048 ], [ -157.925883931418923, 21.338414425831775 ], [ -157.925884837864942, 21.338414564500283 ], [ -157.925888716736864, 21.338415177660856 ], [ -157.925892598126495, 21.338415791371531 ], [ -157.925896556181414, 21.338416420700458 ], [ -157.925900437582698, 21.338417038028833 ], [ -157.925900523746094, 21.33841705177478 ], [ -157.925904398930129, 21.338417671878574 ], [ -157.925908275073937, 21.338418291982169 ], [ -157.925908364749205, 21.338418306373718 ], [ -157.925912238953373, 21.338418930085616 ], [ -157.925916114124334, 21.338419553798381 ], [ -157.925916200261298, 21.338419567704079 ], [ -157.925920074454126, 21.338420195025304 ], [ -157.925923949613605, 21.338420822347334 ], [ -157.92592789367535, 21.338421463871413 ], [ -157.925931786706911, 21.338422097870044 ], [ -157.925935718672889, 21.338422741095059 ], [ -157.925939584193998, 21.338423372729903 ], [ -157.925939683742399, 21.338423389052327 ], [ -157.92594355023698, 21.338424025195774 ], [ -157.925947415768178, 21.338424660436988 ], [ -157.92595135168304, 21.338425309976142 ], [ -157.92595524634234, 21.338425953634044 ], [ -157.925959164278993, 21.338426603117824 ], [ -157.925963037352972, 21.338427245175804 ], [ -157.925966982567843, 21.338427902834674 ], [ -157.925970845336593, 21.338428545886647 ], [ -157.925974782927483, 21.338429204288669 ], [ -157.925978655034356, 21.338429851764918 ], [ -157.925982578644778, 21.338430510577332 ], [ -157.925986440453471, 21.338431158133123 ], [ -157.925986526525008, 21.338431172607727 ], [ -157.925990387370121, 21.338431823765831 ], [ -157.925994248214408, 21.33843247402298 ], [ -157.925998160544339, 21.338433134767602 ], [ -157.926002052271031, 21.338433792947551 ], [ -157.926005956145843, 21.338434454996595 ], [ -157.926009817884704, 21.338435109170604 ], [ -157.926013747957938, 21.338435777650446 ], [ -157.926017617234493, 21.338436435646951 ], [ -157.926021533199304, 21.338437103728932 ], [ -157.926025401504432, 21.338437763529189 ], [ -157.926029292250007, 21.338438428062421 ], [ -157.926033185778039, 21.338439094144015 ], [ -157.926037075561283, 21.33843976049388 ], [ -157.926040944771387, 21.338440423321796 ], [ -157.926044855120125, 21.338441095013078 ], [ -157.926048724329149, 21.338441759647193 ], [ -157.926052614099461, 21.338442428718619 ], [ -157.92605648611169, 21.338443094903386 ], [ -157.926060372115359, 21.3384437642348 ], [ -157.92606426469419, 21.338444435772455 ], [ -157.926068132935796, 21.33844510311474 ], [ -157.926072018922952, 21.338445774257256 ], [ -157.926075890945896, 21.338446443155686 ], [ -157.926079779750125, 21.33844711585887 ], [ -157.926083647991192, 21.338447785007247 ], [ -157.926087519055244, 21.338448454810276 ], [ -157.926091404065772, 21.338449127764829 ], [ -157.926095272306526, 21.33844979781605 ], [ -157.926099151759246, 21.338450470879057 ], [ -157.926103007824111, 21.338451138820982 ], [ -157.926106896624276, 21.338451813339031 ], [ -157.926110765792657, 21.33845248462076 ], [ -157.926114632135665, 21.338453155245499 ], [ -157.926118511593501, 21.338453829215101 ], [ -157.926122367657911, 21.338454498057093 ], [ -157.926126238724862, 21.338455169667792 ], [ -157.926271722617969, 21.338480420559744 ], [ -157.926416175728178, 21.338505491879577 ], [ -157.926422000102718, 21.338506503165544 ], [ -157.926427818296872, 21.338507512476369 ], [ -157.926433656961848, 21.338508526242443 ], [ -157.926439481977383, 21.338509537639244 ], [ -157.926445306997294, 21.338510549036794 ], [ -157.926451145957799, 21.338511563925952 ], [ -157.92645696971249, 21.338512576006316 ], [ -157.926462794731236, 21.338513588306249 ], [ -157.926468634955626, 21.33851460432021 ], [ -157.926474459008858, 21.338515617522173 ], [ -157.926480295144216, 21.338516633562634 ], [ -157.926486135369288, 21.33851765138759 ], [ -157.92649197306514, 21.33851866967731 ], [ -157.926497798689411, 21.338519686030157 ], [ -157.926503640667448, 21.338520706876139 ], [ -157.926509457896628, 21.338521722498289 ], [ -157.926515324450861, 21.338522749620406 ], [ -157.926521147536931, 21.338523769142551 ], [ -157.926526997901135, 21.338524795251047 ], [ -157.926532822570806, 21.338525817025726 ], [ -157.926538678474827, 21.338526846826177 ], [ -157.926544495054401, 21.338527868986002 ], [ -157.926550366179839, 21.338528904357606 ], [ -157.926556181796002, 21.338529929223743 ], [ -157.926562050349844, 21.338530966874284 ], [ -157.926567865970952, 21.338531994447916 ], [ -157.926573741968923, 21.338533036490325 ], [ -157.926579561832909, 21.338534068425382 ], [ -157.926585433582204, 21.338535113358809 ], [ -157.926591247282119, 21.338536147248444 ], [ -157.926597119385463, 21.33853719498169 ], [ -157.926602954813518, 21.33853823726222 ], [ -157.926608816530234, 21.338539287132036 ], [ -157.92661464840387, 21.338540332571434 ], [ -157.926620507509369, 21.338541385612547 ], [ -157.926626341024132, 21.338542435141314 ], [ -157.926632212767316, 21.338543495179177 ], [ -157.926638043665207, 21.338544548764002 ], [ -157.926643917388702, 21.33854561406762 ], [ -157.926649732403291, 21.338546668569133 ], [ -157.926655618412184, 21.338547740663518 ], [ -157.926661449048936, 21.338548803780373 ], [ -157.926667317841037, 21.338549877485388 ], [ -157.92667314582954, 21.338550944646258 ], [ -157.926679031582182, 21.338552027284425 ], [ -157.926684855930858, 21.338553099384676 ], [ -157.926690739381769, 21.338554187264609 ], [ -157.926696550500026, 21.3385552616223 ], [ -157.926696650954142, 21.338555280251946 ], [ -157.926702454688098, 21.338556359914715 ], [ -157.926708258422735, 21.338557438675085 ], [ -157.926708356180114, 21.338557456900283 ], [ -157.926714158948755, 21.338558541975122 ], [ -157.926719961717311, 21.338559626147131 ], [ -157.9267200730186, 21.33855964701328 ], [ -157.926725876182104, 21.338560738658099 ], [ -157.926731678383163, 21.338561829399794 ], [ -157.926731776089952, 21.338561847822163 ], [ -157.926737582751855, 21.338562945905931 ], [ -157.926743402976058, 21.338564047458377 ], [ -157.926749292778709, 21.338565167822594 ], [ -157.926755112028786, 21.338566275710274 ], [ -157.926755198869785, 21.338566292286636 ], [ -157.926761002633668, 21.338567403012803 ], [ -157.926766818149048, 21.338568516707518 ], [ -157.926766921295979, 21.338568536521702 ], [ -157.926772723128892, 21.338569654471954 ], [ -157.926778536691188, 21.338570775400832 ], [ -157.926779712196037, 21.33857101001756 ], [ -157.927032788651275, 21.338623240560036 ], [ -157.927035220214123, 21.338623776896714 ], [ -157.927286586230622, 21.338682812647118 ], [ -157.927289000321508, 21.338683414359807 ], [ -157.927538447729717, 21.338749206464517 ], [ -157.927540842366909, 21.338749873061747 ], [ -157.927788164925261, 21.338822367250174 ], [ -157.927790538041421, 21.338823098156254 ], [ -157.928035529511277, 21.338902233836681 ], [ -157.928037879165544, 21.338903028451163 ], [ -157.928280338130293, 21.338988740519124 ], [ -157.928282662697427, 21.338989598305876 ], [ -157.928522386775512, 21.339081816238384 ], [ -157.928524683450235, 21.339082736149795 ], [ -157.928761473155959, 21.339181381297799 ], [ -157.928763740946749, 21.339182362925854 ], [ -157.928997402574453, 21.339287355740304 ], [ -157.928999639437819, 21.339288398226078 ], [ -157.929229976395817, 21.339399651029204 ], [ -157.929232179912844, 21.339400753235051 ], [ -157.929459002354434, 21.339518172933531 ], [ -157.929461171102361, 21.339519334128745 ], [ -157.929684292074825, 21.339642824018661 ], [ -157.929686424587544, 21.33964404343817 ], [ -157.929905657138136, 21.339773501397488 ], [ -157.929907751151802, 21.339774777758553 ], [ -157.930122914111678, 21.33991009624906 ], [ -157.93012496789305, 21.339911428479109 ], [ -157.930335883949539, 21.340052495449008 ], [ -157.930337895840069, 21.340053882457891 ], [ -157.930544388645274, 21.340200579534269 ], [ -157.9305463575011, 21.340202020554386 ], [ -157.930748256490176, 21.340354228463855 ], [ -157.930750179831819, 21.340355721680886 ], [ -157.930947317331885, 21.340513312119953 ], [ -157.930949194344635, 21.340514856898555 ], [ -157.93114140653779, 21.340677700662834 ], [ -157.931143234801539, 21.340679295000516 ], [ -157.93133036365586, 21.340847255662506 ], [ -157.931332142669334, 21.34084889912388 ], [ -157.931514031114858, 21.341021838450512 ], [ -157.93151575874424, 21.341023529093675 ], [ -157.93169225742102, 21.341201304339467 ], [ -157.931693932117525, 21.34120304061495 ], [ -157.931864894561528, 21.341385502713305 ], [ -157.931866515411315, 21.341387283669466 ], [ -157.932031799009508, 21.341574281749136 ], [ -157.932033364496277, 21.341576105744267 ], [ -157.93219283242064, 21.34176748532364 ], [ -157.932194341273686, 21.341769350890203 ], [ -157.932347860552028, 21.34196495297331 ], [ -157.932349311073807, 21.341966857978143 ], [ -157.932496756446113, 21.342166519959189 ], [ -157.932498148255462, 21.342168463911641 ], [ -157.932639395422513, 21.342372021378548 ], [ -157.932640726571179, 21.342374001568594 ], [ -157.932775659910845, 21.342581284693775 ], [ -157.932776929714549, 21.342583300064579 ], [ -157.932905436496668, 21.342794136311532 ], [ -157.932906644077661, 21.34279618552047 ], [ -157.933028617353955, 21.34301040235469 ], [ -157.933029761284104, 21.343012482991064 ], [ -157.933145099889344, 21.343229900654251 ], [ -157.933146179279333, 21.343232011043856 ], [ -157.933254788799246, 21.343452449780397 ], [ -157.933255803128617, 21.343454588936702 ], [ -157.933357592034952, 21.34367786718477 ], [ -157.933358540025012, 21.343680032427908 ], [ -157.933453424505416, 21.343905963209192 ], [ -157.933454305608564, 21.34390815325682 ], [ -157.933542206668704, 21.34413654959468 ], [ -157.933543020052809, 21.34413876238046 ], [ -157.933623865445384, 21.344369435493164 ], [ -157.933624610536555, 21.344371669461552 ], [ -157.933698332834183, 21.344604428762825 ], [ -157.933699008939499, 21.344606681853666 ], [ -157.933765546498762, 21.344841332242456 ], [ -157.933765849972048, 21.34484243346051 ], [ -157.933767289074098, 21.344847810724687 ], [ -157.933768729141065, 21.34485318799317 ], [ -157.933768757392301, 21.344853293784979 ], [ -157.933770191413089, 21.344858679080833 ], [ -157.933771627783869, 21.34486407682569 ], [ -157.933773075723138, 21.344869540851821 ], [ -157.933774506149774, 21.344874943501051 ], [ -157.933775947242594, 21.344880409357391 ], [ -157.933777370897246, 21.344885813802051 ], [ -157.93377880514393, 21.344891281489598 ], [ -157.933780221224112, 21.344896683764762 ], [ -157.933780242402094, 21.344896764737058 ], [ -157.933781649426948, 21.344902156344318 ], [ -157.933783056452285, 21.344907547953774 ], [ -157.933784477985768, 21.344913018388283 ], [ -157.933785879227059, 21.344918410898202 ], [ -157.933785903457249, 21.344918504385902 ], [ -157.933787296336334, 21.344923892459178 ], [ -157.933788690177721, 21.344929280534313 ], [ -157.933790099974487, 21.344934753710938 ], [ -157.933791491902554, 21.344940161433975 ], [ -157.933792890377248, 21.344945610555786 ], [ -157.933794278244505, 21.344951023093373 ], [ -157.933795674079164, 21.344956486527909 ], [ -157.933797053145412, 21.344961884447702 ], [ -157.933798444105719, 21.344967348814855 ], [ -157.933799820570584, 21.344972760147094 ], [ -157.933801203466771, 21.344978212907026 ], [ -157.933802572891977, 21.344983612629299 ], [ -157.933803951893822, 21.344989066297821 ], [ -157.933805319666362, 21.344994479456044 ], [ -157.93380669417067, 21.344999936409977 ], [ -157.933808054548763, 21.345005336465899 ], [ -157.933809422607084, 21.345010779441061 ], [ -157.933810782643974, 21.345016194383753 ], [ -157.933812148991962, 21.345021650796337 ], [ -157.933813502027334, 21.345027054125456 ], [ -157.933814862310697, 21.345032498897009 ], [ -157.933816212453934, 21.345037903127366 ], [ -157.933817571985031, 21.345043361355149 ], [ -157.93381891826894, 21.345048766473852 ], [ -157.933820268873404, 21.345054196700708 ], [ -157.933821616112169, 21.345059618199073 ], [ -157.93382296380787, 21.345065049318794 ], [ -157.933824307422213, 21.345070467897816 ], [ -157.933825652214722, 21.345075899025332 ], [ -157.933826991509704, 21.345081308871695 ], [ -157.933828334364648, 21.345086740903277 ], [ -157.933829671010898, 21.345092147837789 ], [ -157.933831012649165, 21.345097583693949 ], [ -157.933832349497038, 21.345103004069486 ], [ -157.933833685384258, 21.345108424471118 ], [ -157.933835018171322, 21.345113832294263 ], [ -157.933836353092829, 21.345119252697902 ], [ -157.933837687755243, 21.345124676873549 ], [ -157.933839020032593, 21.345130094384356 ], [ -157.933840350639059, 21.345135506002485 ], [ -157.933841680539444, 21.345140914753479 ], [ -157.933843012556764, 21.345146336034517 ], [ -157.93384434207033, 21.345151751057497 ], [ -157.933845669460254, 21.345157153509795 ], [ -157.933847001448896, 21.345162583438203 ], [ -157.933848327523378, 21.3451679844583 ], [ -157.933849655490349, 21.345173393182193 ], [ -157.933850983458285, 21.345178801905771 ], [ -157.934284231402785, 21.346943997141626 ], [ -157.934717488154774, 21.348709182968143 ], [ -157.93471771772866, 21.348710144967967 ], [ -157.934808389910785, 21.349101217825229 ], [ -157.934899168434868, 21.349492748639111 ], [ -157.934899385520794, 21.349493713094969 ], [ -157.93522955795649, 21.351005930275591 ], [ -157.93555973713535, 21.352518147510523 ], [ -157.935559907000453, 21.352518945824936 ], [ -157.935596377335258, 21.352694937922585 ], [ -157.935632768007366, 21.352870551159153 ], [ -157.935632929293888, 21.352871350874892 ], [ -157.935658673399843, 21.353002598293873 ], [ -157.935684714994181, 21.353135365578876 ], [ -157.935685571270056, 21.35313972848239 ], [ -157.935686428701359, 21.353144101281522 ], [ -157.935687284535277, 21.353148461933408 ], [ -157.935688141652037, 21.353152829126465 ], [ -157.935688999078366, 21.353157202801764 ], [ -157.93568985433464, 21.353161559604029 ], [ -157.93569071046079, 21.353165921744452 ], [ -157.935691566968927, 21.353170280928925 ], [ -157.935692425364635, 21.353174653718085 ], [ -157.935693280301621, 21.353179004906206 ], [ -157.93569413748142, 21.353183361707806 ], [ -157.935694997423809, 21.353187738358145 ], [ -157.935695854603551, 21.353192095159351 ], [ -157.935696712364802, 21.353196455817681 ], [ -157.935697570507955, 21.353200812626884 ], [ -157.935698428939702, 21.353205170901049 ], [ -157.935699288334888, 21.353209529176794 ], [ -157.935700147732376, 21.353213887469476 ], [ -157.935701007797661, 21.353218244265612 ], [ -157.935701866579251, 21.353222593659346 ], [ -157.935702727574977, 21.353226945435541 ], [ -157.935703590183522, 21.353231310229614 ], [ -157.935704451550833, 21.353235658126785 ], [ -157.935705314799037, 21.353240015518018 ], [ -157.935706179009117, 21.353244372912858 ], [ -157.935707041630991, 21.353248722294786 ], [ -157.935707905879866, 21.353253070198598 ], [ -157.935708770427055, 21.353257418698533 ], [ -157.935709636894359, 21.353261768099681 ], [ -157.935710504654992, 21.353266123086804 ], [ -157.935711372083802, 21.35327047158902 ], [ -157.935712240472952, 21.353274820090608 ], [ -157.935713109822046, 21.353279168589786 ], [ -157.935713978234844, 21.353283507607543 ], [ -157.935714850166733, 21.353287853714534 ], [ -157.935715723040801, 21.353292209304964 ], [ -157.935716595589838, 21.353296548931787 ], [ -157.935717467834451, 21.353300887039559 ], [ -157.935718342956989, 21.353305224264194 ], [ -157.935719220641801, 21.353309578947758 ], [ -157.935720097985524, 21.353313917673979 ], [ -157.93572097502468, 21.353318254898618 ], [ -157.935721854936986, 21.353322591207291 ], [ -157.935722737747, 21.353326947433533 ], [ -157.935723617644953, 21.353331274251602 ], [ -157.935724500743788, 21.35333561118782 ], [ -157.935725387390676, 21.353339957020061 ], [ -157.935726272095934, 21.353344292437807 ], [ -157.935727158042766, 21.353348619872584 ], [ -157.935728046898703, 21.353352955931353 ], [ -157.935728937671769, 21.353357292892547 ], [ -157.935729828768928, 21.353361625865123 ], [ -157.935730722419891, 21.353365961029713 ], [ -157.935731615065322, 21.353370287577484 ], [ -157.935732511909492, 21.353374618741771 ], [ -157.935733409718182, 21.353378955467182 ], [ -157.935734308427328, 21.353383281774743 ], [ -157.935735207771614, 21.353387607431479 ], [ -157.935736109661036, 21.353391929736002 ], [ -157.935737014821257, 21.353396263121375 ], [ -157.935737920232015, 21.353400588544364 ], [ -157.935738817143232, 21.353404864320016 ], [ -157.93574223365556, 21.353421011212724 ], [ -157.935745467285045, 21.353436288426099 ], [ -157.935766353339943, 21.353529943427674 ], [ -157.935787098913664, 21.353622986475763 ], [ -157.935809572815288, 21.35371567038532 ], [ -157.935832130783069, 21.353808682654396 ], [ -157.935856328785889, 21.353900986844224 ], [ -157.935880702432968, 21.353993945579205 ], [ -157.935881777310982, 21.35399788991527 ], [ -157.935882940189401, 21.354002157174715 ], [ -157.935884106891336, 21.354006422636321 ], [ -157.93588527734866, 21.35401070272594 ], [ -157.935886449593227, 21.354014977941599 ], [ -157.935887619706449, 21.354019245380321 ], [ -157.935888793651287, 21.354023511939875 ], [ -157.935889970282744, 21.354027788266933 ], [ -157.935891149232759, 21.3540320625692 ], [ -157.935892325496184, 21.354036326231832 ], [ -157.935893506139848, 21.354040591007198 ], [ -157.93589469066481, 21.354044874161946 ], [ -157.935895873618279, 21.354049136017416 ], [ -157.935897061594488, 21.354053420324117 ], [ -157.935898247980987, 21.354057684213434 ], [ -157.93589943714764, 21.354061960633519 ], [ -157.935900626968703, 21.354066225648452 ], [ -157.935901822299883, 21.354070513854118 ], [ -157.935903015631482, 21.354074784579467 ], [ -157.935904208962143, 21.354079054403631 ], [ -157.935905405736065, 21.354083326253757 ], [ -157.935906602578456, 21.354087600867114 ], [ -157.935907800060932, 21.35409186409855 ], [ -157.935909005268229, 21.35409615826077 ], [ -157.935910205305106, 21.354100427174906 ], [ -157.935911408478177, 21.35410470292738 ], [ -157.935912613187298, 21.354108980725691 ], [ -157.935913816102186, 21.354113248750078 ], [ -157.935915023115342, 21.354117523600561 ], [ -157.935916230708699, 21.354121800509187 ], [ -157.935917440220408, 21.354126077405439 ], [ -157.935918651337289, 21.354130359977752 ], [ -157.935919861230531, 21.354134633925668 ], [ -157.935921072667128, 21.354138909932814 ], [ -157.935922285063867, 21.354143185938867 ], [ -157.935923497837791, 21.354147459889376 ], [ -157.935924713763541, 21.354151740653673 ], [ -157.935925930275062, 21.354156023480225 ], [ -157.935927145556036, 21.354160298593261 ], [ -157.935928361794623, 21.354164573696245 ], [ -157.935929580606967, 21.35416885446223 ], [ -157.935930800005764, 21.354173136386649 ], [ -157.935932020370558, 21.354177419225717 ], [ -157.935933240143612, 21.354181699086929 ], [ -157.935934461468094, 21.35418598101597 ], [ -157.935935682200721, 21.354190260866439 ], [ -157.935936902288859, 21.354194534190015 ], [ -157.935938125534364, 21.354198816107385 ], [ -157.93593935039587, 21.354203102771656 ], [ -157.93594057424113, 21.354207386784548 ], [ -157.935941797863165, 21.354211665749059 ], [ -157.935943023317179, 21.354215954480885 ], [ -157.935944246287704, 21.354220227808216 ], [ -157.93594547490855, 21.354224525144694 ], [ -157.935946698900835, 21.35422880113833 ], [ -157.935947927466884, 21.354233094013743 ], [ -157.935949152643474, 21.354237375046321 ], [ -157.935950378781769, 21.354241656076923 ], [ -157.93595160837134, 21.354245952519694 ], [ -157.935952834512022, 21.354250233558741 ], [ -157.935954063508575, 21.354254527027823 ], [ -157.935955290242163, 21.354258810136926 ], [ -157.935986953916427, 21.354369384156083 ], [ -157.936018189133591, 21.354478458558685 ], [ -157.936019417220024, 21.354482749740331 ], [ -157.936020642767943, 21.354487027790658 ], [ -157.93602187230843, 21.354491320685046 ], [ -157.936023104105516, 21.354495624826548 ], [ -157.936024329287903, 21.354499905864579 ], [ -157.936025555429381, 21.354504186888359 ], [ -157.93602678604762, 21.354508486008054 ], [ -157.936028014622337, 21.354512778899135 ], [ -157.936029246042779, 21.354517086012958 ], [ -157.936030471875284, 21.354521372685653 ], [ -157.936031698298621, 21.354525661424141 ], [ -157.93603292472244, 21.354529950164562 ], [ -157.936034155184132, 21.354534257310046 ], [ -157.936035380049191, 21.354538543968548 ], [ -157.93603660733919, 21.35454284339345 ], [ -157.936037830003073, 21.354547122348478 ], [ -157.936039063519985, 21.354551446966894 ], [ -157.93604028705488, 21.35455573662334 ], [ -157.936041514020275, 21.354560041692693 ], [ -157.936042737756935, 21.354564336339266 ], [ -157.936043962586041, 21.35456863730667 ], [ -157.936045185361024, 21.354572931967898 ], [ -157.936046410390759, 21.354577237940095 ], [ -157.936047634453985, 21.354581543915387 ], [ -157.936048857550304, 21.354585849892199 ], [ -157.936050076261068, 21.354590140435736 ], [ -157.93605129955543, 21.354594451422319 ], [ -157.936052520716544, 21.35459875830378 ], [ -157.936053740914588, 21.35460306520401 ], [ -157.936054956728668, 21.354607356632958 ], [ -157.93605618052365, 21.354611683974518 ], [ -157.936057397814892, 21.354615991764426 ], [ -157.936058614139483, 21.354620299556885 ], [ -157.936059826101143, 21.354624591903768 ], [ -157.936061046006046, 21.354628920148386 ], [ -157.936062256035257, 21.354633213381668 ], [ -157.936063474056567, 21.354637545271558 ], [ -157.936064679984696, 21.354641830781663 ], [ -157.936065899376842, 21.354646175387458 ], [ -157.936067104592979, 21.354650469553917 ], [ -157.936068317115996, 21.354654797550729 ], [ -157.936069519833154, 21.354659089678794 ], [ -157.936070734910459, 21.354663438113381 ], [ -157.93607193473548, 21.35466773113756 ], [ -157.936073142968382, 21.354672062078283 ], [ -157.936074344785823, 21.354676373519155 ], [ -157.936075550099702, 21.354680705360241 ], [ -157.936076749010851, 21.35468501769255 ], [ -157.936077950289871, 21.354689345507126 ], [ -157.936079144085625, 21.354693647290198 ], [ -157.936080347930044, 21.354697999255823 ], [ -157.936081535572072, 21.354702289269799 ], [ -157.936082738150219, 21.35470664906552 ], [ -157.936083922350292, 21.354710937969099 ], [ -157.936085123580739, 21.354715303541564 ], [ -157.93608630661285, 21.354719603085687 ], [ -157.93608750179672, 21.354723961800595 ], [ -157.936088679811547, 21.35472825450238 ], [ -157.936089873641976, 21.354732619904663 ], [ -157.936091049384146, 21.354736918371632 ], [ -157.936092240928787, 21.354741290647286 ], [ -157.936093413359231, 21.354745592912696 ], [ -157.936093786406929, 21.354747015171217 ], [ -157.936141789291241, 21.35493741531527 ], [ -157.936189506495111, 21.355126683850866 ], [ -157.936189854350687, 21.355128121791395 ], [ -157.936190859580051, 21.355132459304834 ], [ -157.936191864811065, 21.355136795922423 ], [ -157.936192880093444, 21.355141190277237 ], [ -157.936193884718733, 21.35514554186382 ], [ -157.936194895703039, 21.355149935424048 ], [ -157.936195894185971, 21.355154273837147 ], [ -157.936196901843743, 21.355158665661605 ], [ -157.936197900492033, 21.355163022510368 ], [ -157.936198904248641, 21.355167415255806 ], [ -157.936199896374433, 21.355171757175093 ], [ -157.936200896434087, 21.355176146544959 ], [ -157.936201889074312, 21.355180508564363 ], [ -157.936202882610189, 21.355184883037946 ], [ -157.936203868951026, 21.355189225858151 ], [ -157.936204863926349, 21.355193620415545 ], [ -157.936205849993257, 21.355197979971202 ], [ -157.936206837704589, 21.355202355363677 ], [ -157.936207819015777, 21.355206703334385 ], [ -157.936208807382883, 21.355211095456163 ], [ -157.9362097850493, 21.355215440095282 ], [ -157.936210769093321, 21.355219825978246 ], [ -157.936211743428856, 21.355224165276358 ], [ -157.936212726921127, 21.35522855830407 ], [ -157.936213702342826, 21.355232919661429 ], [ -157.936214677171279, 21.355237283605376 ], [ -157.936215647717603, 21.355241627479888 ], [ -157.936216627086509, 21.355246024777237 ], [ -157.936217595108332, 21.355250371203073 ], [ -157.936218568625804, 21.355254751902731 ], [ -157.936219534354052, 21.355259096687305 ], [ -157.936220503738355, 21.355263463171699 ], [ -157.936221471422357, 21.355267826358737 ], [ -157.93622244068456, 21.35527220539381 ], [ -157.936223403654878, 21.35527655694202 ], [ -157.93622436770687, 21.355280916831813 ], [ -157.936225332249791, 21.355285284225495 ], [ -157.936226295095878, 21.355289648319935 ], [ -157.936227254440865, 21.35529399654914 ], [ -157.936228216323713, 21.355298360662736 ], [ -157.936229177958268, 21.355302728950257 ], [ -157.936230137177148, 21.355307089747683 ], [ -157.936231094357566, 21.355311442195401 ], [ -157.93623205297115, 21.355315805545136 ], [ -157.93623300810475, 21.355320152159912 ], [ -157.936233967966217, 21.355324530897693 ], [ -157.936234920394043, 21.355328870477198 ], [ -157.936235877439117, 21.355333235498996 ], [ -157.936236833510719, 21.355337600488777 ], [ -157.936237786468951, 21.355341952180041 ], [ -157.936238738708909, 21.355346299684069 ], [ -157.936239694173111, 21.355350667226865 ], [ -157.93624064545179, 21.355355014741452 ], [ -157.936241597801228, 21.355359368057545 ], [ -157.936242551937482, 21.355363733951606 ], [ -157.936243502611546, 21.355368084015961 ], [ -157.936244453282143, 21.355372434064389 ], [ -157.936245404366787, 21.355376790411842 ], [ -157.93624635295032, 21.355381130009121 ], [ -157.936247306829301, 21.355385499151982 ], [ -157.936248254806486, 21.355389841279045 ], [ -157.93624920374242, 21.355394183385343 ], [ -157.936250156672969, 21.355398548187761 ], [ -157.936974826223661, 21.35871727669026 ], [ -157.937699530396145, 21.362036011056457 ], [ -157.937702180703781, 21.362048148562565 ], [ -157.937704830762328, 21.362060284024942 ], [ -157.937707482156412, 21.362072440662871 ], [ -157.937710129317509, 21.362084577001596 ], [ -157.937712778510189, 21.362096750117473 ], [ -157.937715420266443, 21.362108890001167 ], [ -157.937718064199117, 21.362121076305222 ], [ -157.937720697990017, 21.362133215929457 ], [ -157.93772333535432, 21.362145423757198 ], [ -157.937725958414347, 21.362157564605642 ], [ -157.937728585758975, 21.362169786202315 ], [ -157.937731197175424, 21.362181943780126 ], [ -157.937731215963112, 21.362182031496857 ], [ -157.93773381022271, 21.362194178334526 ], [ -157.937736404978494, 21.362206332913424 ], [ -157.937736427526374, 21.362206438900571 ], [ -157.937739003465964, 21.362218589344153 ], [ -157.937741580133405, 21.362230753222452 ], [ -157.937741606112041, 21.362230876359927 ], [ -157.937744159874597, 21.362243030407825 ], [ -157.937746713873423, 21.362255186478169 ], [ -157.937746744867241, 21.362255334724079 ], [ -157.937749274524862, 21.362267494181889 ], [ -157.93775180440619, 21.362279659349547 ], [ -157.937751836270053, 21.362279813361663 ], [ -157.937754339893672, 21.362291977325576 ], [ -157.93775684394015, 21.362304152714788 ], [ -157.937756878011555, 21.362304319315516 ], [ -157.937759352709207, 21.362316488687743 ], [ -157.937761828000788, 21.362328675210986 ], [ -157.937761865106637, 21.362328859045352 ], [ -157.937764307021297, 21.362341033824293 ], [ -157.93776674951846, 21.362353222032812 ], [ -157.937766789536397, 21.362353423120119 ], [ -157.937769196739083, 21.362365604208275 ], [ -157.937771604277401, 21.362377796759894 ], [ -157.937771647276691, 21.362378016206073 ], [ -157.93777401687538, 21.362390203602448 ], [ -157.937776386978243, 21.362402404421236 ], [ -157.937776431294282, 21.362402634428683 ], [ -157.93777876135897, 21.362414828132586 ], [ -157.937781092147986, 21.362427046728339 ], [ -157.937781137147113, 21.362427284668016 ], [ -157.937783424785863, 21.362439486484629 ], [ -157.937785712986539, 21.362451717036109 ], [ -157.937785759066401, 21.362451965604418 ], [ -157.937788001388157, 21.362464173726359 ], [ -157.937790244531556, 21.36247641441452 ], [ -157.937790293823781, 21.362476686162641 ], [ -157.937792486970551, 21.362488902394798 ], [ -157.937794680568913, 21.362501143555786 ], [ -157.93779473199578, 21.362501433755011 ], [ -157.937796874038611, 21.362513658096692 ], [ -157.937799016310578, 21.362525911289655 ], [ -157.937799067653174, 21.362526208404141 ], [ -157.937801156663994, 21.362538440854646 ], [ -157.93780324595906, 21.362550709801745 ], [ -157.937803297749667, 21.362551017727792 ], [ -157.937805330836511, 21.362563258286027 ], [ -157.937807364187023, 21.362575542954623 ], [ -157.937807417201668, 21.36257586757975 ], [ -157.937809390506516, 21.362588116244307 ], [ -157.937811363865052, 21.362600409019773 ], [ -157.937811416341589, 21.362600740565512 ], [ -157.937813328900518, 21.3626129982393 ], [ -157.937815241042159, 21.362625309872509 ], [ -157.937815293703977, 21.362625654115551 ], [ -157.937817141659849, 21.362637920797077 ], [ -157.93781898882645, 21.362650247290969 ], [ -157.93781904132922, 21.362650603375187 ], [ -157.937820821790154, 21.362662879063347 ], [ -157.937822601150145, 21.362675207103347 ], [ -157.937822654969523, 21.36267558672121 ], [ -157.937824365043468, 21.362687870511799 ], [ -157.937826073773891, 21.362700215887141 ], [ -157.937826126830942, 21.362700606647909 ], [ -157.937827763624909, 21.362712899443025 ], [ -157.937829398619471, 21.362725252213771 ], [ -157.937829450093147, 21.362725649108182 ], [ -157.93783101264313, 21.362737950004341 ], [ -157.937832572671397, 21.362750324203066 ], [ -157.937832623800347, 21.362750738911217 ], [ -157.937834107284402, 21.3627630488098 ], [ -157.937835587705848, 21.362775430471999 ], [ -157.937835637505799, 21.362775857173016 ], [ -157.937837039997873, 21.362788175170053 ], [ -157.93783843865927, 21.362800570861332 ], [ -157.937838615772421, 21.362802321598611 ], [ -157.937852449110693, 21.362956845222229 ], [ -157.937852670780899, 21.362960108576054 ], [ -157.937859856976473, 21.363115027131986 ], [ -157.93785993832816, 21.363118297118234 ], [ -157.937860463966473, 21.363273362229819 ], [ -157.937860404804439, 21.36327663214912 ], [ -157.937854269969932, 21.363431590927807 ], [ -157.937854070401926, 21.363434856092095 ], [ -157.937841284819967, 21.363589457458481 ], [ -157.937840945158484, 21.363592712535134 ], [ -157.937821529162449, 21.363746708122818 ], [ -157.937821050063746, 21.363749947152829 ], [ -157.937795036519105, 21.363903085889262 ], [ -157.937794418559662, 21.363906304933632 ], [ -157.93776184804679, 21.364058339361364 ], [ -157.93776109235327, 21.364061532360314 ], [ -157.937722017985692, 21.364212215928966 ], [ -157.937721125825561, 21.364215377633677 ], [ -157.93767561132367, 21.364364466505553 ], [ -157.937674584206007, 21.364367591703203 ], [ -157.937622703894306, 21.36451484475338 ], [ -157.937622094361416, 21.36451651372208 ], [ -157.93761767828633, 21.364528190110118 ], [ -157.937613224599204, 21.364539932542801 ], [ -157.93761307004425, 21.364540336647277 ], [ -157.937608576843104, 21.36455198771754 ], [ -157.937604047122306, 21.364563701375985 ], [ -157.937603895502576, 21.364564090357156 ], [ -157.937599328069382, 21.364575716110654 ], [ -157.937594721410619, 21.364587408540348 ], [ -157.937594572789806, 21.364587782925216 ], [ -157.937589933052578, 21.364599383362648 ], [ -157.937585259749795, 21.364611039926718 ], [ -157.937585111746785, 21.364611406399998 ], [ -157.937580402596495, 21.364622982425761 ], [ -157.937575663401645, 21.36463460820972 ], [ -157.937575516697734, 21.36463496556139 ], [ -157.937570741027372, 21.364646517176286 ], [ -157.937565938115341, 21.364658113274462 ], [ -157.937565795364463, 21.36465845563157 ], [ -157.937560956066051, 21.364669984643189 ], [ -157.937556089269208, 21.36468155803794 ], [ -157.937555948146269, 21.364681891471754 ], [ -157.937551047148844, 21.3646933969777 ], [ -157.937546122412613, 21.364704940528863 ], [ -157.937545987016648, 21.364705255978862 ], [ -157.937541028176184, 21.364716739786836 ], [ -157.937536044513507, 21.364728262703419 ], [ -157.937535911548025, 21.364728568352174 ], [ -157.937530895827507, 21.364740031365578 ], [ -157.937525861453821, 21.364751523263216 ], [ -157.937525731524659, 21.36475181820057 ], [ -157.937520662782049, 21.364763260421 ], [ -157.937515575226911, 21.364774731495817 ], [ -157.937515451655742, 21.364775008668413 ], [ -157.93751033278113, 21.36478643099996 ], [ -157.937505195899661, 21.364797880932514 ], [ -157.937505075688136, 21.364798147549283 ], [ -157.937499908612438, 21.36480955089586 ], [ -157.937494726640722, 21.364820976783765 ], [ -157.937494610889161, 21.36482123080744 ], [ -157.937489398502464, 21.364832616073329 ], [ -157.937484171123685, 21.364844023842391 ], [ -157.937484062285563, 21.364844260326418 ], [ -157.937478807479863, 21.364855628416027 ], [ -157.937473537592268, 21.364867018972358 ], [ -157.937473433529505, 21.36486724297437 ], [ -157.937468138232731, 21.364878594791282 ], [ -157.937462827766382, 21.364889969043098 ], [ -157.937462730951808, 21.364890175624247 ], [ -157.937457398058029, 21.364901512072887 ], [ -157.937452053208574, 21.364912865972219 ], [ -157.937451960419594, 21.36491306237745 ], [ -157.937446592819782, 21.364924383458806 ], [ -157.937441215282576, 21.36493571939053 ], [ -157.937441124262392, 21.364935910598295 ], [ -157.937435722920554, 21.364947218119166 ], [ -157.937430318251501, 21.364958530582115 ], [ -157.93743023249155, 21.364958709506119 ], [ -157.93742480126366, 21.364970004370999 ], [ -157.937419366698094, 21.364981304167109 ], [ -157.937419288675159, 21.364981465924071 ], [ -157.937413830453238, 21.364992749037153 ], [ -157.93740836888432, 21.365004037071387 ], [ -157.937408297416994, 21.365004184390585 ], [ -157.937402814129115, 21.365015457559178 ], [ -157.937397323046497, 21.365026741878236 ], [ -157.937397261920353, 21.365026867212425 ], [ -157.937391756458396, 21.365038130437423 ], [ -157.937386247636454, 21.365049398561169 ], [ -157.937386189774116, 21.365049516667252 ], [ -157.937380664065188, 21.365060771755775 ], [ -157.937375133888168, 21.365072033076796 ], [ -157.937375084148812, 21.365072134180576 ], [ -157.937369541086866, 21.365083381133591 ], [ -157.937363998023471, 21.365094628087427 ], [ -157.937363952782675, 21.365094719731992 ], [ -157.937358394294677, 21.365105961259822 ], [ -157.937352834687943, 21.365117204144809 ], [ -157.937347228940894, 21.365128511427177 ], [ -157.937341655498557, 21.365139751507186 ], [ -157.937336045591735, 21.365151041102923 ], [ -157.93733046549022, 21.365162271552524 ], [ -157.937324855492278, 21.365173544035095 ], [ -157.93731926582069, 21.365184774601897 ], [ -157.937313661632402, 21.365196024767489 ], [ -157.937308064876561, 21.365207257160669 ], [ -157.937302463766031, 21.365218493514647 ], [ -157.937296868638953, 21.365229717862434 ], [ -157.937022561870037, 21.365779938852839 ], [ -157.936748259462235, 21.366330147134462 ], [ -157.936746251647463, 21.366334173080645 ], [ -157.936744249713257, 21.366338189165837 ], [ -157.93674224003766, 21.366342218844757 ], [ -157.936740238099247, 21.366346234936366 ], [ -157.936738225047236, 21.366350271385432 ], [ -157.93673621876161, 21.366354294263672 ], [ -157.936734212476068, 21.366358317141675 ], [ -157.93673220619047, 21.366362340019787 ], [ -157.936730199897511, 21.36636636291076 ], [ -157.936728184300762, 21.366370401617651 ], [ -157.936726178629101, 21.366374421330853 ], [ -157.936724168213743, 21.366378449647314 ], [ -157.936722153227635, 21.366382485186367 ], [ -157.936720145013226, 21.366386507160101 ], [ -157.936718136799016, 21.366390529133444 ], [ -157.936716120846683, 21.366394564669964 ], [ -157.936714104142681, 21.366398598872451 ], [ -157.936712098346703, 21.366402613171008 ], [ -157.936710077078146, 21.366406654571918 ], [ -157.936708070319952, 21.36641066886973 ], [ -157.936706041510803, 21.366414722497648 ], [ -157.936704029439227, 21.36641874266364 ], [ -157.936702009619978, 21.366422776379935 ], [ -157.936699993401533, 21.366426801998138 ], [ -157.936697972614411, 21.366430834809073 ], [ -157.936695950861804, 21.366434867616086 ], [ -157.936693928136094, 21.366438900432403 ], [ -157.936691909015792, 21.366442925153223 ], [ -157.936689882141508, 21.366446962499303 ], [ -157.936687860677893, 21.366450988040494 ], [ -157.936685830258341, 21.366455027679958 ], [ -157.936683813039792, 21.366459041945621 ], [ -157.936681775473488, 21.366463091940862 ], [ -157.936679754732467, 21.366467108475614 ], [ -157.936677715229678, 21.366471157546354 ], [ -157.936675684770165, 21.366475186724312 ], [ -157.936673650133031, 21.366479221365442 ], [ -157.936671622315231, 21.366483241575121 ], [ -157.936669582135693, 21.366487282453612 ], [ -157.936667547809208, 21.366491309811636 ], [ -157.93666550929953, 21.366495342630664 ], [ -157.936663473048156, 21.366499369064634 ], [ -157.936661423174456, 21.366503416788909 ], [ -157.936659393435662, 21.366507425627301 ], [ -157.936657337230827, 21.366511480088374 ], [ -157.936655305744694, 21.366515486767728 ], [ -157.936653245795696, 21.366519542939287 ], [ -157.936651201794888, 21.366523565763988 ], [ -157.93664914577181, 21.36652760753061 ], [ -157.936647106705038, 21.366531615944726 ], [ -157.93664504089972, 21.366535670291892 ], [ -157.936642995673679, 21.366539683310201 ], [ -157.936640926938992, 21.366543735835741 ], [ -157.936638882087408, 21.366547741537708 ], [ -157.936636818278885, 21.366551779674701 ], [ -157.936634752525009, 21.366555816902711 ], [ -157.936632684827231, 21.366559853218998 ], [ -157.936630634191829, 21.366563856208845 ], [ -157.93662855062675, 21.366567914989975 ], [ -157.936626498890519, 21.366571912682254 ], [ -157.93662441059476, 21.366575973125659 ], [ -157.936622353210538, 21.366579973403027 ], [ -157.936621300869376, 21.36658195034866 ], [ -157.936477279127047, 21.36684354674626 ], [ -157.936332517651579, 21.367106487670569 ], [ -157.936331414071987, 21.367108427334706 ], [ -157.936329128203454, 21.367112317336446 ], [ -157.936326838239978, 21.367116213404575 ], [ -157.93632451455565, 21.367120159321082 ], [ -157.936322224832566, 21.367124047512615 ], [ -157.936319899511147, 21.367127988482917 ], [ -157.936317608955846, 21.36713187137514 ], [ -157.936315286895621, 21.367135801833342 ], [ -157.936312987249721, 21.367139693414479 ], [ -157.936310660185995, 21.367143624652407 ], [ -157.936308363856512, 21.367147504825777 ], [ -157.936306029724363, 21.367151441228796 ], [ -157.936303730513004, 21.367155319585255 ], [ -157.936301401341439, 21.367159242665529 ], [ -157.936299099785373, 21.367163119919823 ], [ -157.936296762292415, 21.367167050272421 ], [ -157.936294459926131, 21.367170923124625 ], [ -157.93629212003944, 21.367174852373726 ], [ -157.936289811035209, 21.367178729719559 ], [ -157.936287476168815, 21.367182644709217 ], [ -157.936285168991674, 21.367186514852129 ], [ -157.936282828412146, 21.367190435235003 ], [ -157.936280514595182, 21.367194310760297 ], [ -157.936278177483246, 21.367198220244546 ], [ -157.936275863841132, 21.367202091347426 ], [ -157.936273524780177, 21.36720599992471 ], [ -157.936271209207518, 21.367209870130004 ], [ -157.936268866095162, 21.367213781309577 ], [ -157.936266537988672, 21.36721766580358 ], [ -157.936264204685216, 21.367221556447905 ], [ -157.936261883147495, 21.367225427467172 ], [ -157.936259544135311, 21.367229323494801 ], [ -157.936257225397469, 21.367233187336737 ], [ -157.936254879035317, 21.36723709147039 ], [ -157.936252560492761, 21.367240951781596 ], [ -157.936250210551322, 21.36724485932848 ], [ -157.936247875680948, 21.36724874018358 ], [ -157.936245548357789, 21.367252608491519 ], [ -157.936243208265637, 21.367256495511043 ], [ -157.936240879979152, 21.367260362914365 ], [ -157.936238543176302, 21.367264242859459 ], [ -157.936236201136154, 21.367268128985643 ], [ -157.936233870929186, 21.36727199547239 ], [ -157.936231525310149, 21.36727588342093 ], [ -157.936229200042391, 21.367279740114551 ], [ -157.936226853939985, 21.367283627952009 ], [ -157.936224523928587, 21.367287490013229 ], [ -157.936222183261407, 21.367291368135874 ], [ -157.936219845878156, 21.367295239910952 ], [ -157.936217504234662, 21.36729911714054 ], [ -157.936215170171408, 21.367302981818124 ], [ -157.936212831810792, 21.367306852705418 ], [ -157.936210493499431, 21.367310722818605 ], [ -157.936208154172533, 21.36731459370624 ], [ -157.936205819136063, 21.367318457493798 ], [ -157.936203479352372, 21.367322327540922 ], [ -157.936201148098661, 21.367326185068993 ], [ -157.936198804531017, 21.367330061374762 ], [ -157.936196468521757, 21.367333925174645 ], [ -157.936194130380414, 21.367337791599574 ], [ -157.93619179651887, 21.367341651846857 ], [ -157.936189460517909, 21.36734551563293 ], [ -157.936187120648015, 21.367349384916075 ], [ -157.936114701169373, 21.367469145243494 ], [ -157.936042282164806, 21.367588906154655 ], [ -157.936042282105518, 21.367588906242361 ], [ -157.936042282055695, 21.367588906335097 ], [ -157.934640610622239, 21.369906825134166 ], [ -157.933238892912669, 21.372224735765464 ], [ -157.933235624481966, 21.3722301414826 ], [ -157.9332323505798, 21.372235554654079 ], [ -157.933229084574634, 21.372240956357672 ], [ -157.933225821280388, 21.372246354480431 ], [ -157.933222558372933, 21.372251755146451 ], [ -157.933219294861374, 21.372257155220449 ], [ -157.93321603963355, 21.372262548154879 ], [ -157.933212774996917, 21.372267954183066 ], [ -157.933209524390833, 21.372273343541163 ], [ -157.933206272047556, 21.372278737372543 ], [ -157.933203021622177, 21.372284133010609 ], [ -157.933199777556865, 21.372289519681875 ], [ -157.933196534636409, 21.37229491262962 ], [ -157.933193292262274, 21.372300303070872 ], [ -157.933190061037863, 21.372305687225062 ], [ -157.933186822912745, 21.3723110828779 ], [ -157.933183595518983, 21.372316468828139 ], [ -157.933180375744229, 21.372321846153092 ], [ -157.933177153864733, 21.372327238584269 ], [ -157.933173934364333, 21.372332626138633 ], [ -157.933170726056858, 21.372338009746898 ], [ -157.933167516250705, 21.372343396766176 ], [ -157.933164314327627, 21.372348784479996 ], [ -157.933161116344365, 21.372354167172336 ], [ -157.933157925047482, 21.372359554343223 ], [ -157.933154740052885, 21.372364932487116 ], [ -157.933151560972448, 21.372370319625009 ], [ -157.933148381892607, 21.372375706761815 ], [ -157.933145211401694, 21.372381098375758 ], [ -157.933142045046964, 21.372386482957513 ], [ -157.933138890872868, 21.372391868380298 ], [ -157.933135736203639, 21.372397256275946 ], [ -157.933132595168445, 21.372402641602427 ], [ -157.933129454829725, 21.372408029892199 ], [ -157.933126323052477, 21.372413423548533 ], [ -157.933123197036309, 21.372418811449787 ], [ -157.933120080270385, 21.37242420590556 ], [ -157.933116967091649, 21.372429597575568 ], [ -157.933113866536189, 21.372434991588033 ], [ -157.933110770712972, 21.372440381557187 ], [ -157.933107683657369, 21.372445782347466 ], [ -157.933104600161528, 21.37245117945864 ], [ -157.933101530230914, 21.372456580644684 ], [ -157.933098466209799, 21.372461974770534 ], [ -157.93309541422451, 21.372467378181909 ], [ -157.933092361807212, 21.372472784924366 ], [ -157.93308932526736, 21.372478193264381 ], [ -157.93308629458204, 21.372483595435614 ], [ -157.933083278089015, 21.372489004712058 ], [ -157.933080262145211, 21.372494417285385 ], [ -157.933077264327835, 21.372499828991423 ], [ -157.933074270673643, 21.372505240072844 ], [ -157.933071288623665, 21.372510662921339 ], [ -157.933068312276248, 21.372516080606903 ], [ -157.933065354549342, 21.372521499806933 ], [ -157.933062399708604, 21.372526920675288 ], [ -157.933059458670954, 21.372532351911055 ], [ -157.933056524267727, 21.372537777002815 ], [ -157.933053606870146, 21.372543209117218 ], [ -157.933050693875174, 21.372548639190686 ], [ -157.933047800043653, 21.372554073969752 ], [ -157.93304531421586, 21.372558748574768 ], [ -157.932976172041634, 21.372696964161509 ], [ -157.932913935017609, 21.372837143556282 ], [ -157.93285835288026, 21.372979755816022 ], [ -157.932809533214652, 21.373124522967547 ], [ -157.932767570501397, 21.37327116493411 ], [ -157.93273254771762, 21.373419396060175 ], [ -157.932704531800312, 21.373568929202367 ], [ -157.932683576706154, 21.373719472717589 ], [ -157.932669724051294, 21.373870735190206 ], [ -157.932663001261233, 21.374022422331027 ], [ -157.932663420742159, 21.374174239784427 ], [ -157.932670980778369, 21.374325892292063 ], [ -157.932685668311223, 21.374477085929453 ], [ -157.93270745435629, 21.37462752656047 ], [ -157.932736295714108, 21.374776921838649 ], [ -157.932772136853345, 21.374924980985643 ], [ -157.932814909296781, 21.375071416937516 ], [ -157.932864528395385, 21.375215946311027 ], [ -157.932920899093574, 21.375358287421999 ], [ -157.932983910361827, 21.375498163148368 ], [ -157.93305344172532, 21.375635302499628 ], [ -157.93312935703733, 21.375769438644628 ], [ -157.933211508194915, 21.375900312363143 ], [ -157.933299737092028, 21.376027667777088 ], [ -157.933393870652537, 21.376151257945693 ], [ -157.933493727836833, 21.376270843311563 ], [ -157.933599114166384, 21.376386190461321 ], [ -157.933709824311336, 21.376497076842618 ], [ -157.933826271118079, 21.376603861624691 ], [ -157.933830343826457, 21.376607422377521 ], [ -157.933835084741446, 21.376611561402736 ], [ -157.933839841044801, 21.376615689930283 ], [ -157.933844610100152, 21.376619824414846 ], [ -157.933849390498864, 21.376623947412842 ], [ -157.933854170315811, 21.376628064817357 ], [ -157.933858964880272, 21.376632172784177 ], [ -157.933863762289207, 21.376636278991516 ], [ -157.933868580762891, 21.376640381105485 ], [ -157.933873397046511, 21.376644479663334 ], [ -157.93387822215854, 21.376648562893738 ], [ -157.933883058290377, 21.376652652873585 ], [ -157.933887905797775, 21.376656732223626 ], [ -157.933892750764841, 21.376660806867182 ], [ -157.933897613722593, 21.376664875544581 ], [ -157.933902480180308, 21.376668946261269 ], [ -157.933907358029415, 21.376673006333903 ], [ -157.933912239008691, 21.376677068123126 ], [ -157.933917127294222, 21.376681116657828 ], [ -157.933922019656904, 21.37668516689455 ], [ -157.933926925064952, 21.376689209400503 ], [ -157.933931834540743, 21.376693254476148 ], [ -157.933936752570077, 21.376697288876422 ], [ -157.933941678689337, 21.376701329133091 ], [ -157.933946606225447, 21.376705354640588 ], [ -157.933951541411773, 21.376709383839174 ], [ -157.933956484676855, 21.376713405399965 ], [ -157.933961432977128, 21.376717428616086 ], [ -157.933966394186541, 21.376721448867563 ], [ -157.933971349151363, 21.376725463166995 ], [ -157.933976312688912, 21.376729469446328 ], [ -157.933981289698892, 21.376733485704857 ], [ -157.933986269765768, 21.376737492788386 ], [ -157.933991249826164, 21.376741498078875 ], [ -157.933996237088763, 21.376745497536927 ], [ -157.934001228425018, 21.376749498601942 ], [ -157.934006232251249, 21.376753498814253 ], [ -157.934011236080636, 21.376757499029008 ], [ -157.934016241992424, 21.376761490064304 ], [ -157.934021255217317, 21.376765486034095 ], [ -157.934026277280253, 21.376769479988884 ], [ -157.934031294745324, 21.376773470150439 ], [ -157.934036318500574, 21.376777455374846 ], [ -157.934041352145186, 21.376781448444167 ], [ -157.934046386518105, 21.376785434565367 ], [ -157.934051424960671, 21.376789423150448 ], [ -157.934056465698887, 21.376793406788387 ], [ -157.934061510694789, 21.37679739289181 ], [ -157.934066563221165, 21.376801379215394 ], [ -157.934071615162708, 21.376805365076578 ], [ -157.934076669988485, 21.376809347346327 ], [ -157.934081735299003, 21.376813337875234 ], [ -157.934086795741536, 21.376817321256919 ], [ -157.93409186024337, 21.376821306177046 ], [ -157.934096928809112, 21.376825291735834 ], [ -157.934101997975489, 21.376829276865923 ], [ -157.934107072764618, 21.376833264001945 ], [ -157.934112150653363, 21.376837253572415 ], [ -157.934117229510235, 21.37684124224462 ], [ -157.934122308372565, 21.376845230920917 ], [ -157.934127388195407, 21.376849218693806 ], [ -157.934132478726724, 21.376853215628763 ], [ -157.935196115589605, 21.377688275900518 ], [ -157.936259758467372, 21.378523324645801 ], [ -157.93626259084499, 21.378525548056782 ], [ -157.936265424836819, 21.378527772734159 ], [ -157.936268263453059, 21.378530001798829 ], [ -157.93627109188597, 21.378532222113055 ], [ -157.936273925888514, 21.378534446799431 ], [ -157.936276753234296, 21.37853666625946 ], [ -157.936279580588234, 21.378538884824806 ], [ -157.936282416638647, 21.378541110361095 ], [ -157.936285249557557, 21.37854333329307 ], [ -157.93628807798973, 21.378545553603601 ], [ -157.936290894082134, 21.378547761683024 ], [ -157.936293742353087, 21.378549995898723 ], [ -157.936296570669271, 21.37855221446458 ], [ -157.936299393415624, 21.378554427760438 ], [ -157.936302223788374, 21.378556646282803 ], [ -157.936305064312052, 21.378558873516138 ], [ -157.936307888024743, 21.378561086817371 ], [ -157.936310711731778, 21.378563299214765 ], [ -157.936313541972027, 21.378565515977012 ], [ -157.936316365679573, 21.378567727475499 ], [ -157.936319192401072, 21.378569939829447 ], [ -157.936322028206973, 21.378572160046499 ], [ -157.936324853836766, 21.378574370646721 ], [ -157.936327691697528, 21.378576591716666 ], [ -157.936330510662856, 21.378578796205669 ], [ -157.936333337246651, 21.378581005901523 ], [ -157.936336163838888, 21.378583214703831 ], [ -157.936338998068436, 21.378585428722648 ], [ -157.936341825629569, 21.378587637532235 ], [ -157.936344647466683, 21.378589840225533 ], [ -157.93634748154102, 21.378592051569218 ], [ -157.936350310054195, 21.378594258573681 ], [ -157.93635313396581, 21.378596460342205 ], [ -157.93635596440825, 21.378598666453883 ], [ -157.936358793714987, 21.37860087078219 ], [ -157.936361611899741, 21.378603065548276 ], [ -157.936364438704885, 21.378605264638932 ], [ -157.936367282356173, 21.378607478480394 ], [ -157.936370102278175, 21.378609670577671 ], [ -157.936372934637518, 21.378611872189655 ], [ -157.936375763356125, 21.378614069482357 ], [ -157.936378590932321, 21.378616264989635 ], [ -157.936381420626361, 21.378618460500313 ], [ -157.936384250113804, 21.37862065510809 ], [ -157.936387079604003, 21.378622847922145 ], [ -157.93638990449611, 21.378625036433107 ], [ -157.936392735892611, 21.378627227445783 ], [ -157.93639557401778, 21.378629424562497 ], [ -157.936398399643821, 21.378631608580044 ], [ -157.936401239915142, 21.378633804814889 ], [ -157.93640406189698, 21.378635983648625 ], [ -157.936406890614137, 21.378638166786263 ], [ -157.936409727998523, 21.378640354236875 ], [ -157.936412564192381, 21.378642540770418 ], [ -157.936415394572293, 21.378644720294005 ], [ -157.936418226167888, 21.37864689985749 ], [ -157.936421066441056, 21.378649083728771 ], [ -157.93642389318353, 21.378651257195489 ], [ -157.936426721842082, 21.378653427989615 ], [ -157.936429569572198, 21.378655614316784 ], [ -157.936432399176624, 21.378657783317326 ], [ -157.936434767405558, 21.378659598044521 ], [ -157.936633756074883, 21.378807608180839 ], [ -157.936836512746709, 21.378950217817721 ], [ -157.937043313697046, 21.379087638503364 ], [ -157.937254006943448, 21.379219770755512 ], [ -157.937468439423583, 21.379346517718798 ], [ -157.9376864527039, 21.37946778544578 ], [ -157.937907888283235, 21.379583486206528 ], [ -157.938132584584224, 21.37969353574065 ], [ -157.938360856017368, 21.379798072213671 ], [ -157.938363622800011, 21.379799292253672 ], [ -157.938366945360229, 21.379800758264043 ], [ -157.938370250339347, 21.379802212530965 ], [ -157.938373583124275, 21.379803679930024 ], [ -157.938376898326567, 21.379805136486091 ], [ -157.93838021845832, 21.379806595207508 ], [ -157.938383535571148, 21.379808049975189 ], [ -157.938386861005142, 21.379809507914249 ], [ -157.938390188358284, 21.379810964958555 ], [ -157.938393505466649, 21.379812417039744 ], [ -157.938396829445793, 21.379813869500065 ], [ -157.938400161127163, 21.379815325743504 ], [ -157.938403486074805, 21.379816776417385 ], [ -157.938406809406615, 21.37981822680198 ], [ -157.938410126007653, 21.37981967073749 ], [ -157.938413479170919, 21.379821131491767 ], [ -157.938416800092313, 21.379822576413616 ], [ -157.93842013127616, 21.379824024486648 ], [ -157.938423471782471, 21.379825475712458 ], [ -157.938426794616333, 21.379826918846419 ], [ -157.938430121755232, 21.379828361162613 ], [ -157.93843347253798, 21.379829814627783 ], [ -157.938436805644528, 21.379831258218772 ], [ -157.938440148067968, 21.37983270584445 ], [ -157.938443482139974, 21.379834148541576 ], [ -157.938446816208995, 21.379835590340395 ], [ -157.938450160565935, 21.379837035273397 ], [ -157.938453498931352, 21.379838478030941 ], [ -157.938456830620339, 21.379839915285654 ], [ -157.938460183569248, 21.379841362125653 ], [ -157.938463528895539, 21.379842804363737 ], [ -157.938466874210462, 21.379844246596377 ], [ -157.938470215446927, 21.379845685759232 ], [ -157.938473565061827, 21.379847128043849 ], [ -157.938476911352183, 21.379848568483833 ], [ -157.938480248291057, 21.37985000400144 ], [ -157.938483595535587, 21.379851442639239 ], [ -157.938486956429671, 21.379852887144011 ], [ -157.938490307962695, 21.379854327625299 ], [ -157.938493645861996, 21.379855761349312 ], [ -157.938496994077695, 21.379857198192571 ], [ -157.938500349897453, 21.379858638711561 ], [ -157.938503698109741, 21.379860074653728 ], [ -157.938507055679537, 21.379861515508345 ], [ -157.938510395506313, 21.37986294654646 ], [ -157.938513761629736, 21.379864389264625 ], [ -157.938517120169394, 21.379865828320469 ], [ -157.938520476942927, 21.37986726703118 ], [ -157.93852382612468, 21.379868701177855 ], [ -157.938527184659677, 21.379870139329121 ], [ -157.938530544166895, 21.379871577484746 ], [ -157.93853390616863, 21.379873017120314 ], [ -157.938537255348592, 21.379874450365516 ], [ -157.938540614862262, 21.379875887621647 ], [ -157.938543972582835, 21.379877324521104 ], [ -157.938547322731353, 21.379878756870689 ], [ -157.938550708543517, 21.379880205787057 ], [ -157.938554058690045, 21.379881639035137 ], [ -157.938557413107901, 21.379883073209797 ], [ -157.938560776888551, 21.379884511387377 ], [ -157.938564154298945, 21.379885956296672 ], [ -157.938567510995256, 21.379887391855945 ], [ -157.93912554661182, 21.38012602936951 ], [ -157.939683581889739, 21.380364665007477 ], [ -157.939686942397401, 21.380366101753811 ], [ -157.939690306200134, 21.380367539908853 ], [ -157.939693679361739, 21.380368982967724 ], [ -157.939697033808102, 21.380370417122425 ], [ -157.939700405185818, 21.380371858928129 ], [ -157.939703769807892, 21.380373298335385 ], [ -157.939707124252692, 21.38037473248912 ], [ -157.939710510083273, 21.380376181379688 ], [ -157.93971386962059, 21.380377618612648 ], [ -157.939717233414996, 21.380379057666271 ], [ -157.939720600529483, 21.380380498552675 ], [ -157.939723960057023, 21.380381935780704 ], [ -157.939727331450058, 21.380383378497946 ], [ -157.939730713000756, 21.380384826467658 ], [ -157.939734075848293, 21.38038626643155 ], [ -157.939737438686592, 21.380387706391367 ], [ -157.939740801525176, 21.380389146351241 ], [ -157.939744164357876, 21.380390586308152 ], [ -157.939747545919289, 21.380392035190674 ], [ -157.939750912071815, 21.380393477886201 ], [ -157.939754270634296, 21.380394916916885 ], [ -157.939757659769612, 21.380396370368082 ], [ -157.939761021644017, 21.380397812133456 ], [ -157.939764383520782, 21.380399253899849 ], [ -157.939767745403145, 21.380400695668957 ], [ -157.939771125973067, 21.380402146357572 ], [ -157.939774501482106, 21.380403595781701 ], [ -157.939777857318177, 21.380405036271426 ], [ -157.939781236939524, 21.380406487877099 ], [ -157.939784597846966, 21.380407931447134 ], [ -157.939787986797484, 21.380409388873602 ], [ -157.93979133836288, 21.380410829331652 ], [ -157.939794725577343, 21.380412286434076 ], [ -157.939798085521772, 21.380413731810751 ], [ -157.939801445458528, 21.380415177183611 ], [ -157.939804824097223, 21.380416631507693 ], [ -157.939808206047616, 21.38041808858118 ], [ -157.939811561702982, 21.380419533916598 ], [ -157.939814947946218, 21.380420993750406 ], [ -157.939818306927805, 21.380422441836807 ], [ -157.939821701534242, 21.380423907511911 ], [ -157.939825050216029, 21.380425352472525 ], [ -157.939828426907127, 21.380426810425316 ], [ -157.939831784914333, 21.380428260312964 ], [ -157.939835187885507, 21.380429731852438 ], [ -157.939838544937913, 21.380431183550371 ], [ -157.939841911317757, 21.38043264018523 ], [ -157.939845259040283, 21.380434087848521 ], [ -157.939848670355815, 21.380435566159161 ], [ -157.939852017122149, 21.38043701562588 ], [ -157.939855404513736, 21.380438484917217 ], [ -157.939858746968525, 21.380439933415964 ], [ -157.939862155647575, 21.380441413277367 ], [ -157.939865520761089, 21.380442874731472 ], [ -157.939868883550673, 21.380444335596152 ], [ -157.939872256327305, 21.38044580170558 ], [ -157.939875632457131, 21.380447270601039 ], [ -157.939878982290338, 21.380448727641642 ], [ -157.939882384702543, 21.380450210214644 ], [ -157.939885733573675, 21.380451669059866 ], [ -157.939889125705889, 21.380453149406947 ], [ -157.939892464306752, 21.380454605095466 ], [ -157.939894138993509, 21.380455355809463 ], [ -157.940171350210136, 21.380583053142441 ], [ -157.940447500422295, 21.38071026102325 ], [ -157.940449149386637, 21.380711041139101 ], [ -157.94045243214137, 21.380712635498583 ], [ -157.940455714887719, 21.380714229853432 ], [ -157.940459023769677, 21.380715838279446 ], [ -157.940462305548664, 21.380717433535818 ], [ -157.940465631276908, 21.380719052446377 ], [ -157.940468912104222, 21.380720649515219 ], [ -157.940472224275908, 21.380722263656303 ], [ -157.940475499857428, 21.380723859541614 ], [ -157.940478815349394, 21.380725476688717 ], [ -157.940482103498226, 21.380727080978726 ], [ -157.940485409098585, 21.380728695595735 ], [ -157.940488679097911, 21.380730291932281 ], [ -157.940492001879022, 21.380731916327864 ], [ -157.940495279819231, 21.380733518817994 ], [ -157.940498575533042, 21.380735130902746 ], [ -157.94050186177472, 21.3807367388284 ], [ -157.940505156518157, 21.380738351820099 ], [ -157.940508451263497, 21.380739965721212 ], [ -157.940511736551912, 21.38074157546497 ], [ -157.94051503031713, 21.380743190268333 ], [ -157.940518324079761, 21.380744805978551 ], [ -157.940521600088374, 21.380746412982504 ], [ -157.940524884410138, 21.380748024537098 ], [ -157.940528177211348, 21.380749641159124 ], [ -157.940531473685013, 21.380751260966829 ], [ -157.940534744067634, 21.380752867486443 ], [ -157.940538048876704, 21.380754492775203 ], [ -157.940541318290997, 21.380756100193452 ], [ -157.94054461010947, 21.38075771953282 ], [ -157.94054789252553, 21.38075933472388 ], [ -157.94055117450344, 21.380760950603548 ], [ -157.940554438740406, 21.380762556849653 ], [ -157.940557743103199, 21.380764184654883 ], [ -157.940561011035641, 21.380765794094707 ], [ -157.940564305120063, 21.380767418223371 ], [ -157.940567564708232, 21.380769023980939 ], [ -157.940570867583034, 21.380770652922692 ], [ -157.940574135065219, 21.380772263944692 ], [ -157.940577424924754, 21.380773886905434 ], [ -157.940580705433462, 21.380775505731961 ], [ -157.940583976602852, 21.380777119949904 ], [ -157.940587247783526, 21.380778734173443 ], [ -157.940590536681327, 21.380780358045854 ], [ -157.940593807850348, 21.380781973166641 ], [ -157.940597087400704, 21.380783592902368 ], [ -157.940600366955266, 21.38078521306873 ], [ -157.940603632979816, 21.380786827026157 ], [ -157.940606890636332, 21.380788435474908 ], [ -157.940610196742483, 21.38079007013728 ], [ -157.940613458106498, 21.38079168179204 ], [ -157.940616728321686, 21.380793297820723 ], [ -157.940620016234647, 21.380794923500588 ], [ -157.940623281299736, 21.380796538360908 ], [ -157.940626537992699, 21.380798147706674 ], [ -157.940629825914783, 21.380799773390844 ], [ -157.940633096129062, 21.380801390321899 ], [ -157.940636378895363, 21.380803014838616 ], [ -157.940639635594295, 21.380804625086988 ], [ -157.940642909509734, 21.38080624432369 ], [ -157.940646175061062, 21.380807858948987 ], [ -157.94064945782128, 21.380809483462485 ], [ -157.940652714515977, 21.38081109370799 ], [ -157.940861816103364, 21.3809145184395 ], [ -157.941070901794774, 21.381017934425987 ], [ -157.941073411261101, 21.381019175172181 ], [ -157.941075944162463, 21.381020428410547 ], [ -157.941078447026428, 21.381021666366312 ], [ -157.941080956287152, 21.381022907010163 ], [ -157.941083483136339, 21.381024157253876 ], [ -157.941085986968346, 21.381025395214028 ], [ -157.941088513799684, 21.381026645448838 ], [ -157.941091017627286, 21.381027883406286 ], [ -157.941093532973525, 21.381029127059289 ], [ -157.94109604829714, 21.381030370700575 ], [ -157.941098575140558, 21.38103162094124 ], [ -157.941101078967193, 21.381032858898045 ], [ -157.941103594303485, 21.38103410254552 ], [ -157.941106109637133, 21.381035346191563 ], [ -157.941108624985617, 21.381036589845447 ], [ -157.941111140309545, 21.381037833486698 ], [ -157.941113655646092, 21.381039077134179 ], [ -157.941116159474177, 21.381040315091496 ], [ -157.941118663301921, 21.381041552149469 ], [ -157.941121185041084, 21.381042798483719 ], [ -157.941123694939847, 21.381044038541177 ], [ -157.941126215714576, 21.381045284873103 ], [ -157.941128714436275, 21.381046518935126 ], [ -157.941131247351109, 21.381047771263823 ], [ -157.941133746073973, 21.381049005326396 ], [ -157.941136267473155, 21.381050251063982 ], [ -157.941138777710961, 21.381051490813427 ], [ -157.941141299109717, 21.381052736550821 ], [ -157.941143797840311, 21.381053970616989 ], [ -157.941146302631097, 21.38105520677723 ], [ -157.94114883043494, 21.381056455197914 ], [ -157.941151335217597, 21.381057691353433 ], [ -157.941153851519999, 21.381058933194147 ], [ -157.941156379339418, 21.381060181622423 ], [ -157.941158884124121, 21.381061417778927 ], [ -157.941161388915958, 21.381062653939377 ], [ -157.941163893694892, 21.381063889193896 ], [ -157.941166416413807, 21.381065133723283 ], [ -157.94116892726214, 21.381066371970871 ], [ -157.941171449985802, 21.381067616502978 ], [ -157.941173954767692, 21.381068851758862 ], [ -157.941176454452801, 21.381070084028835 ], [ -157.941178960200432, 21.381071318388472 ], [ -157.941181488985222, 21.381072564999489 ], [ -157.941183994733393, 21.381073799359331 ], [ -157.941186511997586, 21.381075039391938 ], [ -157.941189029265587, 21.381076279426455 ], [ -157.941191546521821, 21.381077519454681 ], [ -157.94119404621992, 21.381078750833968 ], [ -157.941196546867303, 21.381079981312247 ], [ -157.941199082680782, 21.381081230000323 ], [ -157.941201576884367, 21.381082457777545 ], [ -157.941204077527914, 21.381083687356437 ], [ -157.941206607303599, 21.381084932163461 ], [ -157.941209114005602, 21.381086164721829 ], [ -157.941211632224451, 21.381087403841551 ], [ -157.941214127391447, 21.381088629832679 ], [ -157.94121665756262, 21.381089873453664 ], [ -157.941219170308756, 21.381091108982613 ], [ -157.941221671912871, 21.381092337665859 ], [ -157.941224191125741, 21.381093574998371 ], [ -157.941226599652026, 21.381094758416999 ], [ -157.941377008294495, 21.38116809250532 ], [ -157.94164156495998, 21.381294945343768 ], [ -157.942047187076071, 21.381483528625974 ], [ -157.942481230639146, 21.381675467446001 ], [ -157.942607315547548, 21.381730017379059 ], [ -157.942782359760884, 21.381804627500653 ], [ -157.942865258450183, 21.381839510310794 ], [ -157.942867785096865, 21.381840569365863 ], [ -157.942870369254592, 21.381841651627102 ], [ -157.942872960218551, 21.381842736739227 ], [ -157.942875545342332, 21.381843819003951 ], [ -157.942878134976013, 21.381844902657704 ], [ -157.942880726893605, 21.381845987765242 ], [ -157.942883304258601, 21.381847065388392 ], [ -157.942885915236815, 21.381848157567244 ], [ -157.942888500360709, 21.38184923893256 ], [ -157.942891085480738, 21.381850319396801 ], [ -157.942893682884147, 21.38185140499537 ], [ -157.942896280262119, 21.381852490582776 ], [ -157.942898872194206, 21.381853573894482 ], [ -157.942901458273724, 21.38185465435895 ], [ -157.942904043398698, 21.381855733926127 ], [ -157.942906636289223, 21.381856816334807 ], [ -157.942909239142978, 21.381857903304414 ], [ -157.942911819761974, 21.381858980590234 ], [ -157.942914405841634, 21.381860059256375 ], [ -157.9429170209728, 21.381861151345234 ], [ -157.942919601586112, 21.381862227731144 ], [ -157.94292219994631, 21.381863311519457 ], [ -157.942924780568518, 21.381864387908994 ], [ -157.942927362155075, 21.381865463404722 ], [ -157.942929983701731, 21.381866556855122 ], [ -157.942932569780453, 21.381867634621639 ], [ -157.942935162669727, 21.381868715226002 ], [ -157.942937756534434, 21.381869795836248 ], [ -157.942940360355408, 21.381870880996043 ], [ -157.942942954214544, 21.381871961603977 ], [ -157.942945545747818, 21.381873041642162 ], [ -157.942948127332841, 21.381874116239544 ], [ -157.942950738935224, 21.381875204234884 ], [ -157.942953325977726, 21.381876281103963 ], [ -157.942955929780567, 21.381877365350384 ], [ -157.942958523642744, 21.381878445057581 ], [ -157.942961122976925, 21.38187952704293 ], [ -157.94296372228871, 21.381880609018538 ], [ -157.942966309330643, 21.381881685887091 ], [ -157.942968896362032, 21.381882761851891 ], [ -157.942971507969816, 21.381883848941293 ], [ -157.942974095006406, 21.381884924908181 ], [ -157.942976702129158, 21.381886009731591 ], [ -157.942979294617459, 21.381887087965872 ], [ -157.942981893938111, 21.38188816904168 ], [ -157.942984487812794, 21.381889247852367 ], [ -157.942987082651143, 21.381890326664148 ], [ -157.942989692856656, 21.381891412265588 ], [ -157.942992286744442, 21.381892491081739 ], [ -157.942994881581228, 21.381893569892679 ], [ -157.942997486348162, 21.381894653232166 ], [ -157.943000081190064, 21.381895732045123 ], [ -157.943002679113334, 21.381896812538205 ], [ -157.943005266145661, 21.381897887603557 ], [ -157.943007880123474, 21.381898974370895 ], [ -157.943010472599383, 21.381900052598191 ], [ -157.943013055149777, 21.38190112540336 ], [ -157.943015672210976, 21.381902213847773 ], [ -157.943018254760631, 21.381903286652548 ], [ -157.94302088410501, 21.381904380205512 ], [ -157.943023466658275, 21.381905453908626 ], [ -157.94302605465893, 21.381906528977673 ], [ -157.943278204249197, 21.382011340480968 ], [ -157.943530331962592, 21.382116142867364 ], [ -157.943533707850037, 21.382117545705196 ], [ -157.9435370913653, 21.382118952113043 ], [ -157.943540467463379, 21.382120355038396 ], [ -157.943543864617652, 21.382121768018486 ], [ -157.943547234486942, 21.382123168754383 ], [ -157.943550620037001, 21.382124576511021 ], [ -157.943553994099716, 21.38212597898994 ], [ -157.943557388134195, 21.382127390674857 ], [ -157.943560758965958, 21.38212879231201 ], [ -157.94356413302333, 21.382130194787997 ], [ -157.943567531262289, 21.382131608221592 ], [ -157.943570920037047, 21.382133018624646 ], [ -157.943574289905996, 21.382134420260567 ], [ -157.943577669220673, 21.382135825824751 ], [ -157.943581067453351, 21.382137240163665 ], [ -157.943584446773599, 21.382138646633585 ], [ -157.943587833531268, 21.382140056600768 ], [ -157.943591218097481, 21.382141466157769 ], [ -157.943594591205652, 21.382142870442419 ], [ -157.943597988458066, 21.382144285684259 ], [ -157.943601372071441, 21.382145696149227 ], [ -157.943604737749752, 21.382147097840619 ], [ -157.943608146625365, 21.382148519234796 ], [ -157.943611520783946, 21.382149925760505 ], [ -157.943614912790594, 21.382151340630745 ], [ -157.943618284941977, 21.382152746720884 ], [ -157.943621686458812, 21.382154166864648 ], [ -157.943625051171011, 21.382155570351784 ], [ -157.943628463305544, 21.38215699533621 ], [ -157.943631851157903, 21.382158410690032 ], [ -157.943635228560964, 21.382159821679586 ], [ -157.943638613389851, 21.382161236173776 ], [ -157.943642008700436, 21.382162655954822 ], [ -157.943645385128946, 21.38216406784257 ], [ -157.943648780422734, 21.382165488524656 ], [ -157.943652160096548, 21.382166903076378 ], [ -157.943655532315802, 21.382168314105776 ], [ -157.943658935071028, 21.382169739224192 ], [ -157.943662336852668, 21.382171165251897 ], [ -157.943665722739752, 21.382172585121996 ], [ -157.943669105668221, 21.382174004156425 ], [ -157.943672480169738, 21.382175419656505 ], [ -157.943675873523375, 21.382176843970512 ], [ -157.943679266862603, 21.382178269186635 ], [ -157.943682648836926, 21.382179690036949 ], [ -157.943686041208366, 21.38218111616148 ], [ -157.943689436842845, 21.382182544972416 ], [ -157.943692806151262, 21.382183962306215 ], [ -157.943696205997526, 21.382185393799684 ], [ -157.943699578569635, 21.382186813814759 ], [ -157.943702996277807, 21.382188255061553 ], [ -157.943706367882783, 21.382189676881499 ], [ -157.943709758301708, 21.382191107541061 ], [ -157.943713137406945, 21.382192533835902 ], [ -157.943716545666717, 21.382193974253941 ], [ -157.943719916308652, 21.382195398783718 ], [ -157.943723313265053, 21.382196835750577 ], [ -157.943726682941161, 21.382198261182676 ], [ -157.943730090194833, 21.382199704327043 ], [ -157.943733467394566, 21.382201135160532 ], [ -157.943736868531744, 21.382202577950157 ], [ -157.943740231135934, 21.382204003909933 ], [ -157.943741466451428, 21.3822045387355 ], [ -157.944162900905184, 21.382390767133529 ], [ -157.944165471666111, 21.382391952117665 ], [ -157.944588261480533, 21.382595024040405 ], [ -157.944589477465655, 21.382595619512873 ], [ -157.944592740044442, 21.38259724810505 ], [ -157.944596011825553, 21.382598881713516 ], [ -157.944599309832881, 21.382600530292912 ], [ -157.944602580639724, 21.382602165708402 ], [ -157.944605872988973, 21.382603813770466 ], [ -157.944609129900158, 21.382605443621323 ], [ -157.944612417557721, 21.382607090250005 ], [ -157.944615695800451, 21.38260873307453 ], [ -157.944618964892072, 21.382610371799036 ], [ -157.944622242175285, 21.382612015536576 ], [ -157.944625531973571, 21.382613667849128 ], [ -157.944628778161615, 21.382615296892386 ], [ -157.944632085198663, 21.382616959264293 ], [ -157.944635339207309, 21.382618594519059 ], [ -157.944638623948123, 21.382620246610806 ], [ -157.944641881703319, 21.382621885135507 ], [ -157.944645165489106, 21.382623538146468 ], [ -157.94464842228129, 21.382625177574937 ], [ -157.944651714174114, 21.382626836488583 ], [ -157.944654979434915, 21.382628482477166 ], [ -157.9446582352696, 21.382630123715213 ], [ -157.94466150863019, 21.38263177469296 ], [ -157.944664776989896, 21.382633424540767 ], [ -157.94466801931776, 21.382635059868914 ], [ -157.944671318697743, 21.382636726280644 ], [ -157.944674582049288, 21.38263837499877 ], [ -157.944677844991844, 21.382640023927948 ], [ -157.944681108335175, 21.382641673547663 ], [ -157.944684362221949, 21.382643318387142 ], [ -157.94468764214929, 21.382644977787145 ], [ -157.944690900064899, 21.382646626471658 ], [ -157.944694148966903, 21.382648270180141 ], [ -157.944697428176369, 21.382649931033697 ], [ -157.944700672346585, 21.382651573248808 ], [ -157.944703951293604, 21.382653234465167 ], [ -157.944707220776706, 21.382654891798712 ], [ -157.944710459247233, 21.382656533413385 ], [ -157.944713698692112, 21.382658174135777 ], [ -157.944716998905079, 21.38265984843828 ], [ -157.944720246133215, 21.382661495393943 ], [ -157.944723501875416, 21.382663147156485 ], [ -157.944726749113954, 21.382664794117861 ], [ -157.944730018328073, 21.382666453618235 ], [ -157.944733260587242, 21.382668098541295 ], [ -157.944736542559667, 21.382669765425756 ], [ -157.944739783859404, 21.382671411250129 ], [ -157.944743030124044, 21.382673059106935 ], [ -157.944746302384715, 21.382674721555727 ], [ -157.944749548645007, 21.382676370311643 ], [ -157.944752808165788, 21.382678026292854 ], [ -157.944756066946809, 21.38267968280207 ], [ -157.944759308243789, 21.382681329525408 ], [ -157.944762563246371, 21.382682983625052 ], [ -157.944765809284718, 21.382684632757037 ], [ -157.944769080583626, 21.38268629611888 ], [ -157.944772325880905, 21.382687945776134 ], [ -157.944775575912189, 21.382689597839303 ], [ -157.944778825959503, 21.382691249910991 ], [ -157.944782075988883, 21.382692901972995 ], [ -157.944785326038073, 21.382694554045528 ], [ -157.944788584591578, 21.382696210931371 ], [ -157.944791836815483, 21.382697865011874 ], [ -157.944931891254697, 21.382769070765541 ], [ -157.945071952780381, 21.382840280348923 ], [ -157.945075200547592, 21.38284193174221 ], [ -157.94507844584308, 21.382843581388602 ], [ -157.9450816958975, 21.38284523345445 ], [ -157.945084945944359, 21.382846885516472 ], [ -157.945088195980389, 21.382848537572379 ], [ -157.945091449811258, 21.382850192047382 ], [ -157.945094695115898, 21.382851841698539 ], [ -157.945097945153947, 21.382853493755277 ], [ -157.945101186458317, 21.382855141372904 ], [ -157.945104427754842, 21.382856788084766 ], [ -157.945107681816268, 21.382858442184538 ], [ -157.945110919338674, 21.382860086491501 ], [ -157.945114178868153, 21.382861742466051 ], [ -157.945117424174498, 21.382863391214872 ], [ -157.945120666440118, 21.38286503793115 ], [ -157.945123907739088, 21.382866683743103 ], [ -157.945127154014955, 21.382868331593659 ], [ -157.945130405020791, 21.382869982745873 ], [ -157.945133638535538, 21.382871623219792 ], [ -157.945136898300973, 21.382873277914687 ], [ -157.945140135825881, 21.382874920423504 ], [ -157.945143383060071, 21.382876567369003 ], [ -157.945146635047735, 21.382878216725882 ], [ -157.945149882040624, 21.38287986403671 ], [ -157.945153111777103, 21.382881501210505 ], [ -157.945156355000961, 21.382883144320306 ], [ -157.945159611960804, 21.382884794804134 ], [ -157.945162846428673, 21.382886433477378 ], [ -157.945166085883358, 21.382888073291394 ], [ -157.945169338826645, 21.382889720834083 ], [ -157.945172574253547, 21.382891357710857 ], [ -157.945175831224844, 21.382893006389246 ], [ -157.945179062876122, 21.382894640871168 ], [ -157.945182308017849, 21.382896281274839 ], [ -157.945185561936256, 21.382897926115586 ], [ -157.945188802350089, 21.382899564129215 ], [ -157.94519204373421, 21.382901201248909 ], [ -157.945195281063832, 21.382902836320699 ], [ -157.945198518391067, 21.382904469593704 ], [ -157.945201773568812, 21.382906112289373 ], [ -157.945205020637843, 21.38290774999291 ], [ -157.945208258920303, 21.382909383264128 ], [ -157.945211497209982, 21.382911014742387 ], [ -157.94521474457062, 21.382912651206105 ], [ -157.945217983820584, 21.382914281786508 ], [ -157.945221227127206, 21.382915914408848 ], [ -157.945224471396926, 21.382917546133104 ], [ -157.945227720382348, 21.382919180229045 ], [ -157.945230964652296, 21.382920811053822 ], [ -157.945234201100419, 21.382922437465222 ], [ -157.945237442257508, 21.382924064446424 ], [ -157.945240692532593, 21.382925696421786 ], [ -157.945243934650364, 21.382927322505306 ], [ -157.94524717204834, 21.382928946220947 ], [ -157.945250410415412, 21.382930568148762 ], [ -157.945253662273359, 21.382932197731702 ], [ -157.945256896527923, 21.382933815807526 ], [ -157.945260152857713, 21.382935445346742 ], [ -157.945263397844371, 21.382937067832305 ], [ -157.945266637164792, 21.382938687066133 ], [ -157.945269878401575, 21.382940305403821 ], [ -157.945272583709254, 21.382941655803915 ], [ -157.945458537347207, 21.383031271023963 ], [ -157.945645297838837, 21.383121274931561 ], [ -157.94564804318, 21.383122551213059 ], [ -157.94565133233462, 21.383124079854781 ], [ -157.94565462799855, 21.38312560973289 ], [ -157.945657927110773, 21.383127141656871 ], [ -157.945661218178003, 21.383128667606655 ], [ -157.945664518336685, 21.383130197771624 ], [ -157.945667810370196, 21.383131722828157 ], [ -157.945671106894906, 21.383133249067036 ], [ -157.945674408018874, 21.383134776535794 ], [ -157.945677710104462, 21.383136304004999 ], [ -157.945681003095558, 21.383137826370312 ], [ -157.94568430614521, 21.383139352042107 ], [ -157.945687613681201, 21.383140879786144 ], [ -157.945690912110763, 21.38314240242515 ], [ -157.945694215168629, 21.383143926301212 ], [ -157.945697510073586, 21.383145445974481 ], [ -157.945700809455559, 21.383146965915603 ], [ -157.945704119073554, 21.383148491029726 ], [ -157.945707419420074, 21.383150010075514 ], [ -157.945710737024029, 21.383151538405436 ], [ -157.945714029369498, 21.383153052431989 ], [ -157.945717343303755, 21.383154576828684 ], [ -157.945720644775264, 21.38315609415368 ], [ -157.945723956150403, 21.383157615588686 ], [ -157.945727266563836, 21.383159136121922 ], [ -157.945730573477334, 21.383160654606911 ], [ -157.945733884855173, 21.383162174241164 ], [ -157.945737196226531, 21.383163693872323 ], [ -157.945740503134147, 21.383165210555077 ], [ -157.945743811009692, 21.383166727241612 ], [ -157.945747123348269, 21.383168245073783 ], [ -157.945750444808255, 21.383169767986214 ], [ -157.945753748011555, 21.383171280733478 ], [ -157.945757065019109, 21.38317279980248 ], [ -157.945760373854597, 21.383174314689601 ], [ -157.945763687147689, 21.383175830716318 ], [ -157.94576700957893, 21.383177350924143 ], [ -157.945770322877138, 21.38317886695307 ], [ -157.945773631712285, 21.38318038004028 ], [ -157.945776950650043, 21.383181897306905 ], [ -157.945780269369976, 21.383183414473844 ], [ -157.945783582659459, 21.383184928697148 ], [ -157.945786901594545, 21.383186445059998 ], [ -157.945790220542847, 21.383187961429151 ], [ -157.945793535763073, 21.38318947565563 ], [ -157.945796854475986, 21.383190991015194 ], [ -157.945800173414966, 21.383192506477542 ], [ -157.945803493326707, 21.383194021944767 ], [ -157.945806821174898, 21.383195541474368 ], [ -157.945810131940362, 21.383197052766324 ], [ -157.945813447155075, 21.383198565188103 ], [ -157.94581677151757, 21.383200081783052 ], [ -157.945820095880322, 21.383201598378015 ], [ -157.945823419282789, 21.383203114974247 ], [ -157.945826735701019, 21.383204627506018 ], [ -157.945830059825511, 21.383206143991497 ], [ -157.945833375042184, 21.383207655513061 ], [ -157.945836708548427, 21.383209176276555 ], [ -157.945840023761093, 21.383210687795717 ], [ -157.945843357275891, 21.383212208562913 ], [ -157.945846672489694, 21.383213720082527 ], [ -157.945850005537068, 21.383215240197252 ], [ -157.946686482587467, 21.383596690754274 ], [ -157.947522727022601, 21.383978029077031 ], [ -157.947911369551093, 21.384152506403488 ], [ -157.948247806087096, 21.38429915827755 ], [ -157.949102029601761, 21.38466639176254 ], [ -157.949956466086491, 21.385033710194744 ], [ -157.949959835847153, 21.385035159499427 ], [ -157.949963187618323, 21.385036600654779 ], [ -157.94996654271344, 21.385038042751461 ], [ -157.949969908880746, 21.385039490095764 ], [ -157.949973263971998, 21.385040932190165 ], [ -157.949976635216927, 21.385042381718023 ], [ -157.949980003930619, 21.385043830572425 ], [ -157.949983359802673, 21.385045273904726 ], [ -157.949986716627592, 21.385046717232534 ], [ -157.949990085352823, 21.38504816609181 ], [ -157.949993445501974, 21.385049611262918 ], [ -157.949996815002578, 21.385051061359626 ], [ -157.950000165806102, 21.385052502511151 ], [ -157.950003544646876, 21.385053956626983 ], [ -157.950006904798187, 21.385055402702022 ], [ -157.9500102649572, 21.385056848780689 ], [ -157.95001363776862, 21.385058301621715 ], [ -157.950016984289419, 21.385059741830517 ], [ -157.950020370746131, 21.385061200549593 ], [ -157.950023729932553, 21.385062647527171 ], [ -157.950027100169564, 21.385064099753269 ], [ -157.950030467949972, 21.385065551337608 ], [ -157.950033830460711, 21.385067001066233 ], [ -157.950037185351164, 21.385068447094639 ], [ -157.950040563217556, 21.385069903932195 ], [ -157.950043930030745, 21.385071356421108 ], [ -157.950047293292755, 21.385072808280928 ], [ -157.950050638842157, 21.385074251182353 ], [ -157.950054037001394, 21.385075719422684 ], [ -157.950057381589801, 21.385077163223311 ], [ -157.950060758481243, 21.385078621874616 ], [ -157.950064142994421, 21.385080085145219 ], [ -157.950067500251862, 21.385081536637205 ], [ -157.950070857501373, 21.385082988125227 ], [ -157.950074236762362, 21.385084450453999 ], [ -157.950077589714084, 21.385085900986272 ], [ -157.950080982586627, 21.385087371021335 ], [ -157.950084329554528, 21.385088820280995 ], [ -157.950087704500106, 21.385090282561315 ], [ -157.950091068443811, 21.385091740495128 ], [ -157.950094451726812, 21.385093208622447 ], [ -157.950097797739204, 21.385094659685841 ], [ -157.950101185334262, 21.385096130596452 ], [ -157.950104534697175, 21.385097584432177 ], [ -157.950107926311603, 21.385099058424075 ], [ -157.950111280673383, 21.385100516235727 ], [ -157.950114653655248, 21.38510198304542 ], [ -157.950118015699644, 21.385103445521114 ], [ -157.95012138770889, 21.385104913237534 ], [ -157.950124767395579, 21.385106385626028 ], [ -157.950128138439254, 21.385107855160463 ], [ -157.95013149086671, 21.385109316581591 ], [ -157.950134861906179, 21.385110787022295 ], [ -157.950138222029523, 21.385112253124614 ], [ -157.950141610685705, 21.385113733493725 ], [ -157.950144969852886, 21.385115201411573 ], [ -157.950148338938618, 21.385116674569758 ], [ -157.950151708022617, 21.385118148635424 ], [ -157.950155084813929, 21.385119627406112 ], [ -157.950158434353739, 21.385121094248056 ], [ -157.950161821021908, 21.385122579165692 ], [ -157.950165178287733, 21.385124051624857 ], [ -157.95016549823535, 21.385124192695567 ], [ -157.950269636569374, 21.385170352158735 ], [ -157.950270336504332, 21.385170666001123 ], [ -157.950403270446316, 21.385230957704195 ], [ -157.950404288060497, 21.385231426953435 ], [ -157.950615746027552, 21.385330549138732 ], [ -157.950616390038675, 21.385330854165339 ], [ -157.950619683620403, 21.385332430265226 ], [ -157.950622985397331, 21.385334010748377 ], [ -157.950626299573202, 21.38533559853521 ], [ -157.950629587610536, 21.385337173344041 ], [ -157.950632927923095, 21.385338775938401 ], [ -157.950636214988435, 21.38534035254651 ], [ -157.95063953278472, 21.38534194526579 ], [ -157.950642823465813, 21.385343524973425 ], [ -157.950646158209167, 21.385345128118029 ], [ -157.950649447934637, 21.38534670963606 ], [ -157.950652763798161, 21.385348305092187 ], [ -157.950656070459615, 21.385349897031819 ], [ -157.950659359209709, 21.385351480350177 ], [ -157.95066266587682, 21.385353073200566 ], [ -157.950665980764995, 21.385354671386743 ], [ -157.950669276798209, 21.385356260953216 ], [ -157.950672573278183, 21.385357851174991 ], [ -157.950675869309009, 21.385359441645832 ], [ -157.950679187567033, 21.385361044656729 ], [ -157.950682469102958, 21.385362629500399 ], [ -157.950685790716534, 21.385364235516111 ], [ -157.95068907658316, 21.385365824257715 ], [ -157.95069237598608, 21.385367420448492 ], [ -157.950695656564989, 21.385369007098443 ], [ -157.95069897719074, 21.38537061493313 ], [ -157.950702262101856, 21.38537220548514 ], [ -157.950705568502514, 21.385373807815562 ], [ -157.950708848790498, 21.385375397030781 ], [ -157.950712141951925, 21.385376992950146 ], [ -157.950715443736101, 21.385378593954428 ], [ -157.95071874025237, 21.385380193777653 ], [ -157.950722010644625, 21.385381779562632 ], [ -157.950725329615381, 21.385383391186188 ], [ -157.950728603662469, 21.38538498010977 ], [ -157.950731917058818, 21.385386590410981 ], [ -157.950735186487975, 21.385388177993299 ], [ -157.950738490946179, 21.385389783959781 ], [ -157.950741769296883, 21.385391376776003 ], [ -157.95074506882878, 21.385392980822147 ], [ -157.950748359423898, 21.385394580962082 ], [ -157.950751641421448, 21.385396176921201 ], [ -157.950754923430225, 21.385397772885792 ], [ -157.95075823154977, 21.385399382925151 ], [ -157.950761512583057, 21.385400979786837 ], [ -157.950764793634733, 21.385402576657896 ], [ -157.950768074679985, 21.385404173525878 ], [ -157.950771373527004, 21.385405779962863 ], [ -157.95077465457814, 21.385407377736623 ], [ -157.950777935621943, 21.38540897550681 ], [ -157.950781224953801, 21.385410577782743 ], [ -157.950784510272115, 21.385412178537724 ], [ -157.950787786076177, 21.385413774224645 ], [ -157.950791070429347, 21.385415374977789 ], [ -157.950794337933331, 21.385416966153617 ], [ -157.95079764508742, 21.385418578016317 ], [ -157.95080092516551, 21.38542017668809 ], [ -157.950804205245163, 21.385421775360605 ], [ -157.950807494220669, 21.385423379271977 ], [ -157.95081076539222, 21.38542497360211 ], [ -157.950814045479348, 21.385426572277975 ], [ -157.950817325550474, 21.385428170945548 ], [ -157.950820605631378, 21.385429769617893 ], [ -157.951001306050642, 21.385517854218222 ], [ -157.951182000564785, 21.385605935205824 ], [ -157.951184523708037, 21.385607165119438 ], [ -157.951187046936582, 21.385608395075 ], [ -157.951189570143271, 21.38560962501942 ], [ -157.951192093374715, 21.385610854976399 ], [ -157.951194616581773, 21.385612084921018 ], [ -157.951197139810205, 21.38561331487643 ], [ -157.951199663014393, 21.385614544819418 ], [ -157.951202174660779, 21.385615769128659 ], [ -157.951204686300969, 21.385616992535724 ], [ -157.951207232670185, 21.385618233766309 ], [ -157.951209744316714, 21.385619458075404 ], [ -157.951212255959575, 21.385620681483765 ], [ -157.951214790752658, 21.385621917071454 ], [ -157.951217302393587, 21.385623140478668 ], [ -157.951219832130818, 21.385624373134331 ], [ -157.951222349785439, 21.385625599470302 ], [ -157.951224873013985, 21.385626828521652 ], [ -157.951227402753602, 21.385628061178394 ], [ -157.951229914391575, 21.38562928458358 ], [ -157.951232426992675, 21.385630507990697 ], [ -157.951234944644824, 21.385631733424038 ], [ -157.951237479962003, 21.385632967890754 ], [ -157.951239997623475, 21.385634194229027 ], [ -157.951242504204885, 21.385635413808075 ], [ -157.951245028376263, 21.385636641944973 ], [ -157.951247564154016, 21.385637876632646 ], [ -157.95125007675523, 21.385639099140484 ], [ -157.951252589344364, 21.385640321641933 ], [ -157.951255101941967, 21.385641543248436 ], [ -157.951257637719181, 21.385642777028309 ], [ -157.951260150312351, 21.38564399863267 ], [ -157.951262680072745, 21.385645229484457 ], [ -157.951265187626063, 21.385646448173155 ], [ -157.951267717820627, 21.385647678333989 ], [ -157.951270225363913, 21.385648897017717 ], [ -157.951272738917226, 21.385650117722793 ], [ -157.951275264068272, 21.385651344060356 ], [ -157.951277799857877, 21.385652576932777 ], [ -157.95128029676161, 21.385653789089478 ], [ -157.951282816314574, 21.385655011806534 ], [ -157.95128535307208, 21.385656243776968 ], [ -157.951287860619203, 21.385657460667588 ], [ -157.951290380736594, 21.38565868319251 ], [ -157.951292900280549, 21.385659905903886 ], [ -157.951295408793953, 21.385661121902263 ], [ -157.951297946506372, 21.38566235295783 ], [ -157.951300461022441, 21.385663571865901 ], [ -157.951302975532997, 21.385664790771187 ], [ -157.951305490042557, 21.385666008776951 ], [ -157.95130802272368, 21.3856672360209 ], [ -157.951310537235429, 21.385668454027613 ], [ -157.951313046699681, 21.385669669125484 ], [ -157.951315562163956, 21.385670886228979 ], [ -157.95131808925953, 21.385672108960851 ], [ -157.951320616334982, 21.385673331682774 ], [ -157.951323125806312, 21.385674545886602 ], [ -157.951325636245059, 21.385675759198609 ], [ -157.951328157700573, 21.385676978298562 ], [ -157.951330668137359, 21.385678190712706 ], [ -157.951333207792914, 21.385679418141148 ], [ -157.951335724214573, 21.385680633445109 ], [ -157.95133794900579, 21.385681707906805 ], [ -157.951638388148808, 21.385824014267509 ], [ -157.951864491538316, 21.385927574827569 ], [ -157.951866818115832, 21.385928625000084 ], [ -157.951869368967238, 21.385929775506455 ], [ -157.951871931761019, 21.385930931399251 ], [ -157.951874482602733, 21.385932081900794 ], [ -157.951877027710196, 21.385933228919409 ], [ -157.951879585721173, 21.3859343813198 ], [ -157.951882142306829, 21.385935533509937 ], [ -157.951884688372843, 21.385936679631868 ], [ -157.951887252118297, 21.385937833711825 ], [ -157.951889815886972, 21.385938987802685 ], [ -157.951892367687378, 21.385940136505969 ], [ -157.951894913751318, 21.385941281729473 ], [ -157.951897472738722, 21.385942432333596 ], [ -157.951900030270139, 21.385943582714226 ], [ -157.951902577295016, 21.385944727042116 ], [ -157.951905142017807, 21.38594587932133 ], [ -157.951907706748273, 21.385947031604339 ], [ -157.951910259500949, 21.385948178505501 ], [ -157.951912812261952, 21.385949324511454 ], [ -157.951915371259588, 21.385950474214155 ], [ -157.951917907289442, 21.385951611388666 ], [ -157.951920501657554, 21.385952776063871 ], [ -157.951923055379865, 21.385953922070268 ], [ -157.951925608139504, 21.385955067176411 ], [ -157.95192816809498, 21.385956215078807 ], [ -157.951930733779932, 21.385957365550247 ], [ -157.951933287500935, 21.385958510656984 ], [ -157.951935835492378, 21.385959652297547 ], [ -157.951938396417631, 21.385960799301966 ], [ -157.951940973548375, 21.385961954896477 ], [ -157.951943515284768, 21.385963092839113 ], [ -157.951946094454314, 21.385964248014108 ], [ -157.951948653880294, 21.385965394776392 ], [ -157.951951202837876, 21.385966535523476 ], [ -157.951953786220088, 21.385967693011132 ], [ -157.951956335178693, 21.385968833758671 ], [ -157.951958901828505, 21.385969982423543 ], [ -157.951961456499987, 21.385971125727711 ], [ -157.95196401116911, 21.38597226813139 ], [ -157.951966589803305, 21.385973422155381 ], [ -157.9519691444724, 21.385974564558939 ], [ -157.951971723107562, 21.385975718582806 ], [ -157.951974277787457, 21.385976860991541 ], [ -157.951976844431783, 21.385978008750218 ], [ -157.951979405368576, 21.385979153956384 ], [ -157.951981967273639, 21.385980299165734 ], [ -157.951984539638147, 21.385981449481122 ], [ -157.951987095268208, 21.385982591885437 ], [ -157.951989655644439, 21.385983735939401 ], [ -157.951992240558553, 21.385984891863384 ], [ -157.951994796190291, 21.38598603426826 ], [ -157.951997350857113, 21.385987175770989 ], [ -157.951999912762659, 21.385988320078599 ], [ -157.952002498078144, 21.385989475748215 ], [ -157.952005058455256, 21.385990619802374 ], [ -157.952007632347232, 21.385991770368488 ], [ -157.952010187013002, 21.385992911870542 ], [ -157.952012748919969, 21.385994056178589 ], [ -157.952015316538478, 21.385995203037766 ], [ -157.952017894612993, 21.385996354998511 ], [ -157.952020462790614, 21.38599750300958 ], [ -157.952023018427269, 21.385998644516821 ], [ -157.952727804917345, 21.3863135302621 ], [ -157.953432584219144, 21.38662840757604 ], [ -157.953435920454098, 21.386629897933851 ], [ -157.95343926191606, 21.386631391057449 ], [ -157.953442595548694, 21.386632880252773 ], [ -157.953445937008581, 21.38663437337534 ], [ -157.953449270638686, 21.386635862569314 ], [ -157.953452625709247, 21.386637362676343 ], [ -157.953455949163128, 21.386638847753332 ], [ -157.953459282794654, 21.386640336947739 ], [ -157.953462637860412, 21.386641837052412 ], [ -157.953465965708176, 21.386643324092148 ], [ -157.953469321204523, 21.38664482439221 ], [ -157.953472658275757, 21.386646316456865 ], [ -157.953475995332781, 21.386647808514759 ], [ -157.953479332396029, 21.386649300575321 ], [ -157.953482669459561, 21.386650792635908 ], [ -157.953486028390444, 21.386652295811388 ], [ -157.953489361059326, 21.386653786809401 ], [ -157.953492705942608, 21.386655283703004 ], [ -157.953496042044179, 21.38665677666722 ], [ -157.953499388741278, 21.38665827484613 ], [ -157.953502733628767, 21.386659772646986 ], [ -157.953506069738552, 21.38666126651831 ], [ -157.95350941847849, 21.38666276737964 ], [ -157.953512740965635, 21.386664255150354 ], [ -157.953516108131851, 21.386665765172033 ], [ -157.953519430622606, 21.386667253844053 ], [ -157.953522792972137, 21.386668761715409 ], [ -157.953526128106915, 21.386670257387411 ], [ -157.953529481647422, 21.386671762219216 ], [ -157.953532824629491, 21.386673262748452 ], [ -157.953536163601967, 21.386674762380892 ], [ -157.953539485126385, 21.386676252848513 ], [ -157.95354285915505, 21.386677769558474 ], [ -157.953546179714209, 21.386679260922765 ], [ -157.953549550678872, 21.386680776742438 ], [ -157.95355289270455, 21.386682279992669 ], [ -157.953556225920551, 21.38668377928132 ], [ -157.953559577502716, 21.386685287736242 ], [ -157.953562918570412, 21.386686791895396 ], [ -157.953566269202383, 21.386688301267075 ], [ -157.953569610633878, 21.386689807399851 ], [ -157.953572933685791, 21.386691304349792 ], [ -157.953576306128838, 21.386692825802239 ], [ -157.953579633947044, 21.386694326703079 ], [ -157.95358299588969, 21.386695844774454 ], [ -157.953586322739767, 21.386697346574451 ], [ -157.953589689447398, 21.386698868618105 ], [ -157.953593010577549, 21.386700369170729 ], [ -157.953596381058077, 21.386701894275216 ], [ -157.953599706938434, 21.386703398777808 ], [ -157.953603066959971, 21.386704920507498 ], [ -157.953606391869954, 21.386706425908276 ], [ -157.953609765805965, 21.386707955765065 ], [ -157.953613094185442, 21.386709464979905 ], [ -157.953616444370851, 21.386710985426202 ], [ -157.953619768315292, 21.38671249353192 ], [ -157.953623135573139, 21.386714023981206 ], [ -157.953626449390896, 21.386715528827509 ], [ -157.953629833995166, 21.38671706942781 ], [ -157.953633146853605, 21.386718576073523 ], [ -157.953636517838021, 21.386720111413837 ], [ -157.953639843319507, 21.386721626044189 ], [ -157.953640467802103, 21.386721913377365 ], [ -157.953844495508605, 21.386816742076263 ], [ -157.953845511668817, 21.386817222173896 ], [ -157.953985978696096, 21.386884673442463 ], [ -157.953986417320323, 21.386884885544251 ], [ -157.95398968952918, 21.386886478915748 ], [ -157.953992961735935, 21.386888071385957 ], [ -157.95399628676364, 21.386889691853025 ], [ -157.95399958471404, 21.386891300044816 ], [ -157.954002890966763, 21.386892913666607 ], [ -157.954006170149313, 21.386894514082382 ], [ -157.9540094707977, 21.386896126352127 ], [ -157.954012745340037, 21.386897725404953 ], [ -157.954016072081913, 21.386899352714785 ], [ -157.954019345660527, 21.386900953571008 ], [ -157.95402265885329, 21.386902576086296 ], [ -157.954025927218879, 21.386904175763604 ], [ -157.954029248340731, 21.3869058035561 ], [ -157.954032524627422, 21.386907409388648 ], [ -157.954035822360453, 21.386909027112395 ], [ -157.95403909399738, 21.386910631567652 ], [ -157.954042400062491, 21.386912254763267 ], [ -157.954045670736122, 21.386913860120217 ], [ -157.954048981016427, 21.386915487206025 ], [ -157.954052246501959, 21.386917091388689 ], [ -157.954055556353097, 21.386918719182734 ], [ -157.954058839042716, 21.386920334102232 ], [ -157.954062130180176, 21.386921954084396 ], [ -157.954065403574532, 21.386923565335373 ], [ -157.954068676967381, 21.386925176585486 ], [ -157.954071976448034, 21.386926802060326 ], [ -157.954075266590536, 21.386928423845479 ], [ -157.954078539028075, 21.3869300369063 ], [ -157.954081832870656, 21.386931661899851 ], [ -157.954085100638736, 21.386933273560807 ], [ -157.954088381422594, 21.386934892116823 ], [ -157.954091670598785, 21.386936515719366 ], [ -157.954094950426736, 21.386938135186128 ], [ -157.954098233975117, 21.386939757395314 ], [ -157.954101500769013, 21.386941370853663 ], [ -157.954104780598755, 21.386942991226881 ], [ -157.954108072512099, 21.386944618953873 ], [ -157.954111338342955, 21.386946233313907 ], [ -157.954114630242543, 21.386947861943383 ], [ -157.954117896071295, 21.386949477204094 ], [ -157.954121174945442, 21.386951099394288 ], [ -157.954124444480072, 21.386952716964394 ], [ -157.954127731703096, 21.386954344191111 ], [ -157.95413100495108, 21.386955964979887 ], [ -157.954134269809657, 21.386957581138187 ], [ -157.954137547723036, 21.386959204236394 ], [ -157.954140829311143, 21.386960830059213 ], [ -157.954144094171795, 21.386962447120254 ], [ -157.954147372095463, 21.386964071129647 ], [ -157.954150640656593, 21.386965690500546 ], [ -157.954153909229632, 21.38696730987737 ], [ -157.954157195487682, 21.386968938922042 ], [ -157.954160458921109, 21.386970557130358 ], [ -157.954163713978403, 21.386972169810743 ], [ -157.954167000228779, 21.386973798850939 ], [ -157.954170272512641, 21.386975421448202 ], [ -157.95417353640525, 21.386977039407562 ], [ -157.954176813363716, 21.386978664322214 ], [ -157.954180086098177, 21.386980287568292 ], [ -157.95418334486601, 21.386981903463408 ], [ -157.954186608764161, 21.386983521425297 ], [ -157.954189885720979, 21.38698514633883 ], [ -157.954308842568793, 21.387044134696161 ], [ -157.954427798186288, 21.387103121407652 ], [ -157.954431070120222, 21.387104744249406 ], [ -157.954434333567121, 21.387106362456805 ], [ -157.954437596513486, 21.387107980416413 ], [ -157.954440860410102, 21.387109598369687 ], [ -157.954444141539255, 21.387111226246489 ], [ -157.954447396598795, 21.387112839818929 ], [ -157.954450665175358, 21.387114460091809 ], [ -157.954453928621717, 21.387116078297858 ], [ -157.9544571836812, 21.387117690970204 ], [ -157.954460465780556, 21.387119317943863 ], [ -157.954463729228394, 21.387120935249182 ], [ -157.954466997289757, 21.387122555265325 ], [ -157.954470257028703, 21.387124170255756 ], [ -157.954473520934158, 21.387125787310794 ], [ -157.954476785795777, 21.387127404361866 ], [ -157.954480054886773, 21.387129023984848 ], [ -157.954483309946681, 21.38713063575732 ], [ -157.954486574814496, 21.387132251909449 ], [ -157.954489844357425, 21.38713387037572 ], [ -157.954493108767082, 21.387135486776945 ], [ -157.954496364789634, 21.387137097650879 ], [ -157.954499629661342, 21.387138712902313 ], [ -157.954502895505215, 21.387140328159088 ], [ -157.954506160863133, 21.387141943650189 ], [ -157.954509413671019, 21.387143551560673 ], [ -157.954512678552248, 21.387145165012726 ], [ -157.954515945347282, 21.387146779361004 ], [ -157.954519211672363, 21.387148393050477 ], [ -157.954522468664663, 21.387150002129527 ], [ -157.954525726612474, 21.387151610306262 ], [ -157.954528992934314, 21.387153223091218 ], [ -157.954532246224773, 21.387154828070678 ], [ -157.954535514002089, 21.387156439722439 ], [ -157.954538781278643, 21.387158051601016 ], [ -157.954542040196571, 21.387159657983709 ], [ -157.95454529489831, 21.387161262287691 ], [ -157.954548549604311, 21.387162864796561 ], [ -157.954551822567879, 21.387164476723598 ], [ -157.954555087101483, 21.387166083598103 ], [ -157.954558351639776, 21.387167690474822 ], [ -157.954561602650784, 21.387169289796081 ], [ -157.954564863490816, 21.387170892580663 ], [ -157.954568128989308, 21.387172497654994 ], [ -157.954571389833347, 21.387174099541966 ], [ -157.954574656285502, 21.387175703711456 ], [ -157.95457790825381, 21.387177300340657 ], [ -157.954581166373345, 21.387178898150381 ], [ -157.954584437480463, 21.387180502801019 ], [ -157.954587695599969, 21.387182099712465 ], [ -157.954590955090254, 21.387183696825566 ], [ -157.954594218262685, 21.38718529441395 ], [ -157.954597472712891, 21.387186888159906 ], [ -157.954600719625944, 21.387188475063876 ], [ -157.954604005783921, 21.387190082520519 ], [ -157.954607262552315, 21.387191673773017 ], [ -157.954610522986144, 21.387193266386671 ], [ -157.954613788640614, 21.387194860181385 ], [ -157.954617045403495, 21.387196449636939 ], [ -157.954620303117025, 21.3871980372944 ], [ -157.954623570704115, 21.387199630195486 ], [ -157.954626828765129, 21.38720121622757 ], [ -157.954629940769479, 21.387202731570554 ], [ -157.954741719703037, 21.387256548161204 ], [ -157.954866194666295, 21.387315147976437 ], [ -157.954985008588494, 21.387369791899321 ], [ -157.955180542342077, 21.387457021427988 ], [ -157.955364069506146, 21.387535897383984 ], [ -157.95536715524139, 21.38753719834558 ], [ -157.955370516712037, 21.387538615963457 ], [ -157.955373871636766, 21.387540029113694 ], [ -157.955377225622442, 21.387541441868745 ], [ -157.955380575367371, 21.387542851043051 ], [ -157.955383926076905, 21.387544260220142 ], [ -157.955387281010644, 21.387545669377474 ], [ -157.955390641137882, 21.387547080716182 ], [ -157.955394002226711, 21.387548491155677 ], [ -157.955397358115363, 21.387549899412978 ], [ -157.955400713998756, 21.387551305871742 ], [ -157.955404081261861, 21.387552717596634 ], [ -157.955407438106533, 21.387554123158068 ], [ -157.955410790733254, 21.387555526953371 ], [ -157.955414144317018, 21.387556928954265 ], [ -157.95541752097796, 21.387558341503386 ], [ -157.955420874564084, 21.387559742607703 ], [ -157.955424238547494, 21.387561147654925 ], [ -157.95542760673888, 21.387562553558702 ], [ -157.955430973973137, 21.387563959463758 ], [ -157.955434334718433, 21.387565360960917 ], [ -157.955437707108786, 21.387566767714784 ], [ -157.955441072061717, 21.387568170066949 ], [ -157.955444427564544, 21.387569568480256 ], [ -157.955447784034448, 21.387570965103841 ], [ -157.955451166823138, 21.387572373978912 ], [ -157.955454523284828, 21.387573769701525 ], [ -157.955457912296652, 21.387575179862534 ], [ -157.955461272955887, 21.387576577330414 ], [ -157.955464638870438, 21.387577976084085 ], [ -157.955468015203053, 21.387579378766819 ], [ -157.955471376814728, 21.387580775333667 ], [ -157.955474738423987, 21.387582170102842 ], [ -157.955478124228648, 21.387583575813359 ], [ -157.955481492071556, 21.387584972770675 ], [ -157.955484876784851, 21.387586377125672 ], [ -157.955488244628555, 21.387587774082704 ], [ -157.955491616664858, 21.387589171878531 ], [ -157.955494988691157, 21.38759056967022 ], [ -157.955498360716376, 21.387591966560265 ], [ -157.955501742211226, 21.387593367373199 ], [ -157.955505119524446, 21.387594766453741 ], [ -157.955508488330224, 21.387596161612485 ], [ -157.955511861319337, 21.387597557602536 ], [ -157.955515246995162, 21.387598959242357 ], [ -157.955518615805772, 21.387600353502929 ], [ -157.955521988795965, 21.387601748592648 ], [ -157.955525376540038, 21.387603150686534 ], [ -157.95552874631548, 21.387604544049204 ], [ -157.955532137135492, 21.38760594651275 ], [ -157.955535515407234, 21.38760734378624 ], [ -157.955538889367489, 21.387608738878988 ], [ -157.955542262350122, 21.387610133064495 ], [ -157.955545641592352, 21.387611529438765 ], [ -157.955549037708721, 21.387612934087763 ], [ -157.955552407480781, 21.387614326548967 ], [ -157.95555579411257, 21.387615726374602 ], [ -157.955559173365373, 21.387617122753365 ], [ -157.95556255678153, 21.387618520852065 ], [ -157.955565943423096, 21.387619920681971 ], [ -157.955569322671408, 21.387621317058656 ], [ -157.955572705866501, 21.387622715065735 ], [ -157.955717351094961, 21.387682484405797 ], [ -157.955861996717402, 21.387742253735123 ], [ -157.955865380647253, 21.387743652037837 ], [ -157.955868764070033, 21.387745050130622 ], [ -157.955872147505119, 21.387746448228707 ], [ -157.955875534142507, 21.387747848048186 ], [ -157.955878913392468, 21.387749244416369 ], [ -157.955882296831561, 21.387750642516007 ], [ -157.95588568763759, 21.387752044057802 ], [ -157.95588907636602, 21.387753445246727 ], [ -157.955892449358117, 21.387754839425781 ], [ -157.95589582861416, 21.387756235796189 ], [ -157.955899234199137, 21.387757644351503 ], [ -157.955902613446057, 21.387759041620015 ], [ -157.955906004273203, 21.387760444076005 ], [ -157.955909386729843, 21.387761843069899 ], [ -157.955912778669102, 21.387763246889417 ], [ -157.955916151662251, 21.387764641969103 ], [ -157.955919553070117, 21.387766049707214 ], [ -157.955922935534147, 21.387767449607466 ], [ -157.955926325387907, 21.387768852964879 ], [ -157.955929718431349, 21.387770258148784 ], [ -157.955933104109874, 21.387771660682205 ], [ -157.955936482390626, 21.387773059752597 ], [ -157.955939872260899, 21.387774464022378 ], [ -157.955943272687051, 21.387775873571105 ], [ -157.955946654187215, 21.387777275277006 ], [ -157.955950057834968, 21.387778687469741 ], [ -157.955953435153731, 21.387780088344755 ], [ -157.95595682405164, 21.387781494422239 ], [ -157.955960214054016, 21.387782901861641 ], [ -157.955963585134498, 21.387784300547349 ], [ -157.955967003488951, 21.387785720663341 ], [ -157.955970384032952, 21.387787125081726 ], [ -157.955973771985782, 21.387788532978735 ], [ -157.955977163046725, 21.387789942671425 ], [ -157.955980563682402, 21.387791358051285 ], [ -157.955983929609488, 21.387792757695117 ], [ -157.955987341726569, 21.387794178359908 ], [ -157.95599071507894, 21.387795582393014 ], [ -157.955994131481276, 21.387797006160774 ], [ -157.9559975100901, 21.387798414188303 ], [ -157.956000910819057, 21.387799832742523 ], [ -157.956004285224878, 21.387801239920332 ], [ -157.956007690157548, 21.387802661138778 ], [ -157.956011067793611, 21.387804070968429 ], [ -157.956014471765059, 21.387805493101382 ], [ -157.956017848444759, 21.387806903837451 ], [ -157.956021253432624, 21.387808328211584 ], [ -157.956024620680665, 21.3878097359081 ], [ -157.956028042534285, 21.387811168656462 ], [ -157.956031418255549, 21.387812582104161 ], [ -157.956034826468652, 21.387814010970562 ], [ -157.956038196002794, 21.387815423132096 ], [ -157.956041608463892, 21.387816855101072 ], [ -157.956044983201906, 21.387818271249724 ], [ -157.956048384284998, 21.387819699767167 ], [ -157.95605175805963, 21.387821116819282 ], [ -157.956055169513292, 21.387822551513608 ], [ -157.956058550792392, 21.387823973934115 ], [ -157.956061951854991, 21.387825406489227 ], [ -157.956065315258144, 21.387826822290727 ], [ -157.95606874262964, 21.387828268155989 ], [ -157.956072105076544, 21.387829685761002 ], [ -157.95607266005527, 21.387829921938778 ], [ -157.9562515289999, 21.387906752658317 ], [ -157.956252391224496, 21.387907128383894 ], [ -157.956365937410538, 21.387957318261559 ], [ -157.956366311068024, 21.38795748444716 ], [ -157.956369633612582, 21.387958971261458 ], [ -157.956372957119754, 21.387960457177126 ], [ -157.956376338920307, 21.387961971407616 ], [ -157.956379675089067, 21.387963465221642 ], [ -157.956383051515587, 21.38796497931159 ], [ -157.956386383273298, 21.387966472954677 ], [ -157.956389753517158, 21.387967985627398 ], [ -157.956393087754719, 21.387969482149128 ], [ -157.956396449588567, 21.38797099286877 ], [ -157.956399774613601, 21.387972486156105 ], [ -157.95640316268458, 21.387974010921926 ], [ -157.956406486750581, 21.387975506011312 ], [ -157.9564098510549, 21.387977021445657 ], [ -157.956413170710107, 21.387978515451042 ], [ -157.956416552056311, 21.387980039912463 ], [ -157.956419879937243, 21.387981539857062 ], [ -157.95642323848017, 21.387983054964479 ], [ -157.956426588179085, 21.387984566993151 ], [ -157.956429919515273, 21.387986070735458 ], [ -157.956433277101155, 21.38798758767069 ], [ -157.956436607468447, 21.387989092313941 ], [ -157.95643995619605, 21.387990606157999 ], [ -157.956443300166427, 21.387992118758259 ], [ -157.956446624824395, 21.38799362215849 ], [ -157.956449990935397, 21.387995146120382 ], [ -157.956453320332002, 21.387996653469607 ], [ -157.956456675984981, 21.387998174051436 ], [ -157.956460004425281, 21.387999682307402 ], [ -157.956463351201393, 21.388001199777662 ], [ -157.956466679650362, 21.388002708941031 ], [ -157.956470008083841, 21.388004218096903 ], [ -157.956473362759027, 21.388005740496475 ], [ -157.956476699409052, 21.388007255624995 ], [ -157.956480017721816, 21.388008761528557 ], [ -157.956483363514366, 21.388010280808004 ], [ -157.956486709318369, 21.388011801001195 ], [ -157.956490040270836, 21.38801331488666 ], [ -157.95649336330743, 21.388014824737649 ], [ -157.956496707856047, 21.38801634570542 ], [ -157.956500025210516, 21.388017853411089 ], [ -157.956503382675777, 21.388019381597502 ], [ -157.956506695584267, 21.388020888181821 ], [ -157.956510043890546, 21.38802241220916 ], [ -157.956513365953384, 21.388023923858423 ], [ -157.956516700386715, 21.388025441575511 ], [ -157.956520044249601, 21.388026964491335 ], [ -157.956523360639721, 21.388028474896984 ], [ -157.956526677038909, 21.388029984406394 ], [ -157.956530030039318, 21.38803151238633 ], [ -157.956533346440267, 21.38803302279717 ], [ -157.956536685578072, 21.388034544466944 ], [ -157.956540005464689, 21.388036056903296 ], [ -157.956543340409297, 21.388037576664019 ], [ -157.956546669443952, 21.388039094171585 ], [ -157.956549990541731, 21.388040607622766 ], [ -157.956553324028192, 21.388042127159519 ], [ -157.956556648604391, 21.388043642634738 ], [ -157.956559978852511, 21.388045161159773 ], [ -157.956563298734579, 21.38804667449503 ], [ -157.956566623318537, 21.388048189973517 ], [ -157.956569952607595, 21.388049708499175 ], [ -157.956573264554351, 21.388051217779562 ], [ -157.957666791568585, 21.388549784387923 ], [ -157.958760311045467, 21.389048337032712 ], [ -157.958760959336161, 21.389048635728415 ], [ -157.959024306450061, 21.389171248797336 ], [ -157.959287347609461, 21.389293719685838 ], [ -157.959287993493234, 21.389294023554431 ], [ -157.959550096762428, 21.389418617870575 ], [ -157.95981193739081, 21.389543085355818 ], [ -157.960313446741139, 21.389777461283952 ], [ -157.960800542172308, 21.389994980460479 ], [ -157.961066420460213, 21.390111733951496 ], [ -157.961332554103166, 21.390228598966353 ], [ -157.961333002544023, 21.390228797351888 ], [ -157.96169727450004, 21.390391140959171 ], [ -157.961698205921408, 21.390391562455687 ], [ -157.962091407434968, 21.390572212754886 ], [ -157.962091890005581, 21.390572436205485 ], [ -157.963245885977699, 21.39111095744229 ], [ -157.964399890970952, 21.391649471433446 ], [ -157.964403199839552, 21.391651015448424 ], [ -157.964406514670287, 21.391652562699459 ], [ -157.964409814914831, 21.391654102690122 ], [ -157.964413120681087, 21.391655644808708 ], [ -157.964416430947608, 21.391657189026191 ], [ -157.964419744771078, 21.391658736251745 ], [ -157.964423032398997, 21.391660269011332 ], [ -157.964426360806783, 21.391661821688917 ], [ -157.964429674627837, 21.391663368013752 ], [ -157.964432971320292, 21.391664905898608 ], [ -157.964436272523955, 21.391666444986733 ], [ -157.96443959186962, 21.391667993436577 ], [ -157.964442893072146, 21.391669532523974 ], [ -157.964446198841074, 21.391671073740877 ], [ -157.964449505559031, 21.391672614950473 ], [ -157.964452811286776, 21.391674156146912 ], [ -157.964456108945626, 21.391675692235079 ], [ -157.964459423724918, 21.391677236746997 ], [ -157.964462730452738, 21.391678777059017 ], [ -157.964466032621601, 21.39168031524736 ], [ -157.964469334790238, 21.391681852534845 ], [ -157.964472646031822, 21.391683394046147 ], [ -157.964475952760409, 21.391684933456276 ], [ -157.964479255891717, 21.391686470743913 ], [ -157.964482558057568, 21.391688007129172 ], [ -157.964485856678493, 21.391689541418085 ], [ -157.964489159805424, 21.39169107690212 ], [ -157.964492458423763, 21.39169261028978 ], [ -157.964495758012077, 21.391694142782733 ], [ -157.964499083803474, 21.391695688796677 ], [ -157.964502374306278, 21.39169721706979 ], [ -157.964505678392953, 21.391698750751072 ], [ -157.964508991554197, 21.39170028864401 ], [ -157.964512282060355, 21.391701816021445 ], [ -157.964515573514518, 21.391703341599754 ], [ -157.964518896741453, 21.391704882808195 ], [ -157.964522201784746, 21.391706414684808 ], [ -157.964525493249482, 21.391707940268297 ], [ -157.964528785661969, 21.391709464052543 ], [ -157.964532109864507, 21.391711003453327 ], [ -157.964535402278614, 21.391712527238568 ], [ -157.964538704750453, 21.391714054334159 ], [ -157.964542011723836, 21.391715583511775 ], [ -157.964545309585986, 21.39171710757746 ], [ -157.964548616549308, 21.391718634948322 ], [ -157.964551915508054, 21.391720159077188 ], [ -157.964555205223576, 21.391721676248981 ], [ -157.96455852687356, 21.391723209050046 ], [ -157.964561822167695, 21.391724728352646 ], [ -157.964565131052098, 21.391726253019961 ], [ -157.964568435460706, 21.391727775624751 ], [ -157.964571731715552, 21.391729293134549 ], [ -157.964575032440877, 21.391730811803669 ], [ -157.964578337816135, 21.391732331712703 ], [ -157.9645816441421, 21.391733851617573 ], [ -157.964584932235226, 21.391735362245775 ], [ -157.964588230408879, 21.391736875271608 ], [ -157.964591550336394, 21.391738399616546 ], [ -157.964594844999169, 21.391739909697009 ], [ -157.964598148590397, 21.391741423869632 ], [ -157.964601452178584, 21.391742936243954 ], [ -157.964604506917937, 21.391744335523903 ], [ -157.964785950064311, 21.39182591250108 ], [ -157.964995951495723, 21.391916774179535 ], [ -157.965174736695474, 21.391991179092916 ], [ -157.965454955717036, 21.392102461359745 ], [ -157.965592507449117, 21.392154747204614 ], [ -157.965692126799183, 21.392191667239835 ], [ -157.96569540844331, 21.39219286915614 ], [ -157.965698845913437, 21.392194129393573 ], [ -157.965702257035417, 21.392195376942396 ], [ -157.965705687799442, 21.392196632572134 ], [ -157.96570909987858, 21.392197878332578 ], [ -157.965712545259748, 21.392199137152659 ], [ -157.965715970986508, 21.392200386997736 ], [ -157.965719402715536, 21.392201639929748 ], [ -157.965722815748933, 21.392202883006242 ], [ -157.965726258275822, 21.392204137724693 ], [ -157.965729682098498, 21.392205383484811 ], [ -157.965733122432113, 21.392206635602342 ], [ -157.965736546254448, 21.392207880465179 ], [ -157.965739970082154, 21.392209124432906 ], [ -157.965743404707581, 21.392210371075453 ], [ -157.965746852969716, 21.3922116235677 ], [ -157.965750281567352, 21.392212867123778 ], [ -157.965753706353127, 21.392214109297292 ], [ -157.96575713209603, 21.392215349676341 ], [ -157.965760584174234, 21.3922166008395 ], [ -157.965764009912959, 21.392217840319624 ], [ -157.965767456314438, 21.392219087829009 ], [ -157.965770885861133, 21.392220327788678 ], [ -157.965774322417531, 21.39222156993576 ], [ -157.965777762770756, 21.392222812554486 ], [ -157.965781212969063, 21.392224059629662 ], [ -157.965784643467259, 21.392225297790358 ], [ -157.965788080026272, 21.392226538138811 ], [ -157.965791517541788, 21.392227777585816 ], [ -157.965794958857799, 21.392229018403395 ], [ -157.965798400166108, 21.392230258317117 ], [ -157.965801847553877, 21.392231500421641 ], [ -157.965805289823066, 21.392232740335341 ], [ -157.965808731133336, 21.392233979349054 ], [ -157.965812169621501, 21.392235217000721 ], [ -157.965815611899217, 21.392236455116134 ], [ -157.965819064024799, 21.392237696773179 ], [ -157.965822506297116, 21.392238934886084 ], [ -157.965825948569289, 21.392240172098333 ], [ -157.96582938705501, 21.392241407949573 ], [ -157.965832826505249, 21.392242642902481 ], [ -157.965836279605725, 21.392243882756564 ], [ -157.965839735523986, 21.392245123968593 ], [ -157.965843174973912, 21.39224635892128 ], [ -157.965846618205518, 21.392247594331078 ], [ -157.965850081169179, 21.392248837723372 ], [ -157.965853510759558, 21.392250068238685 ], [ -157.96585695117551, 21.392251301393731 ], [ -157.965860421696249, 21.392252546589475 ], [ -157.965863861149501, 21.39225377974336 ], [ -157.965867311438757, 21.392255016437129 ], [ -157.965870768314488, 21.392256256736555 ], [ -157.9658741988641, 21.392257485457872 ], [ -157.965877675476008, 21.392258731929065 ], [ -157.96588111589449, 21.392259965084538 ], [ -157.965884560085215, 21.392261198691124 ], [ -157.965888026833227, 21.392262441625597 ], [ -157.965891467248895, 21.392263673879878 ], [ -157.965894921315254, 21.392264911023435 ], [ -157.965898385253212, 21.392266152606052 ], [ -157.965901829444988, 21.392267386212726 ], [ -157.965905289106018, 21.392268625705174 ], [ -157.966779651380278, 21.392581857773081 ], [ -157.967653804397656, 21.392895009322956 ], [ -157.967942952366457, 21.392996962071607 ], [ -157.968231898208529, 21.39309884292307 ], [ -157.971519448633273, 21.394239524240529 ], [ -157.97480726139662, 21.395380214315797 ], [ -157.974810010133183, 21.395381167748255 ], [ -157.974812762513636, 21.395382122111041 ], [ -157.974815527821363, 21.395383081290753 ], [ -157.974818291756094, 21.395384040896452 ], [ -157.974821031614511, 21.395384990917041 ], [ -157.974823792291517, 21.395385948490524 ], [ -157.974826544663784, 21.395386902849708 ], [ -157.974829305354575, 21.3953878604278 ], [ -157.974832049845219, 21.395388812054456 ], [ -157.974834798002064, 21.395389764384905 ], [ -157.974837558265563, 21.395390721478591 ], [ -157.974840302757741, 21.395391672206241 ], [ -157.974843059779289, 21.395392627274575 ], [ -157.974845804258166, 21.39539357799751 ], [ -157.974848548746024, 21.395394527824461 ], [ -157.974851318282106, 21.395395487223354 ], [ -157.97485406277022, 21.395396437050298 ], [ -157.974856802629631, 21.395397385275214 ], [ -157.974859543452993, 21.395398332604451 ], [ -157.974862305093382, 21.395399288359759 ], [ -157.974865033383054, 21.39540023046332 ], [ -157.974867803896217, 21.395401188050169 ], [ -157.974870549348282, 21.395402136080417 ], [ -157.974873294776188, 21.395403084101883 ], [ -157.974876040213616, 21.395404031227091 ], [ -157.974878793587408, 21.395404981090653 ], [ -157.97488153998961, 21.395405928217745 ], [ -157.974884272894599, 21.395406870124834 ], [ -157.974887014681485, 21.395407813865141 ], [ -157.974889773621157, 21.395408764408511 ], [ -157.974892507477534, 21.39540970452396 ], [ -157.974895262774766, 21.395410652581347 ], [ -157.9748980012331, 21.395411593382835 ], [ -157.974900751931415, 21.395412538957515 ], [ -157.97490348674296, 21.395413477282737 ], [ -157.974906229501471, 21.395414418334497 ], [ -157.974908973223364, 21.395415358490286 ], [ -157.974911725174366, 21.395416301794874 ], [ -157.97491446889444, 21.395417241052435 ], [ -157.974917200063857, 21.39541817601345 ], [ -157.974919932191142, 21.395419109188779 ], [ -157.974922697649646, 21.395420054975599 ], [ -157.974925429770366, 21.395420987255129 ], [ -157.974928179039239, 21.395421925386099 ], [ -157.974930911162772, 21.39542285677301 ], [ -157.974933644248836, 21.39542378726933 ], [ -157.97493639447984, 21.395424722703972 ], [ -157.974939140131852, 21.395425657474227 ], [ -157.974941861593578, 21.395426581021429 ], [ -157.974944628959264, 21.395427521371332 ], [ -157.974947345858709, 21.395428442482306 ], [ -157.974950093452549, 21.395429372777393 ], [ -157.974952849174031, 21.395430306149109 ], [ -157.97495556703052, 21.395431225487261 ], [ -157.974958302988597, 21.395432148838644 ], [ -157.974961059672097, 21.395433080402071 ], [ -157.974963783022986, 21.395433997720357 ], [ -157.974966532529976, 21.395434924421821 ], [ -157.97496926492957, 21.39543584300295 ], [ -157.974972018017723, 21.395436769113452 ], [ -157.974974747800189, 21.395437685284463 ], [ -157.974976836112688, 21.395438385727402 ], [ -157.975210228746789, 21.395512644771689 ], [ -157.975445325552215, 21.395580190545644 ], [ -157.975682469934952, 21.395641140368266 ], [ -157.975921448837539, 21.395695438727589 ], [ -157.976162051241033, 21.395743038202387 ], [ -157.976404062729955, 21.395783895026156 ], [ -157.976647829486836, 21.395818053925435 ], [ -157.97665002300451, 21.395818326236107 ], [ -157.976652933618283, 21.395818688348687 ], [ -157.976655805971546, 21.395819043924153 ], [ -157.976658692309087, 21.395819400336123 ], [ -157.976661578642393, 21.395819755853069 ], [ -157.9766644649726, 21.39582011047499 ], [ -157.976667351300904, 21.395820464202142 ], [ -157.976670235804789, 21.395820816811757 ], [ -157.976673135269664, 21.395821170234726 ], [ -157.9766760225626, 21.395821522174039 ], [ -157.976678897657195, 21.395821870844951 ], [ -157.976681797978813, 21.395822221792514 ], [ -157.976684697454203, 21.395822572521663 ], [ -157.976687568938615, 21.39582291897527 ], [ -157.976690455386631, 21.395823265331341 ], [ -157.97669337247072, 21.395823616377449 ], [ -157.976696246697202, 21.395823960376728 ], [ -157.976699147979843, 21.395824306830058 ], [ -157.976702050218961, 21.395824653283039 ], [ -157.976704937491633, 21.395824997168766 ], [ -157.976707837954365, 21.395825341612952 ], [ -157.976710726187918, 21.395825684604876 ], [ -157.976713614417378, 21.395826025807267 ], [ -157.976716530666948, 21.395826371218586 ], [ -157.97671941713196, 21.39582671131836 ], [ -157.976722320337757, 21.395827053277792 ], [ -157.976725224335581, 21.395827394544089 ], [ -157.976728124814116, 21.395827735396573 ], [ -157.976731013999085, 21.395828073915176 ], [ -157.976733916237464, 21.395828413176886 ], [ -157.976736817691062, 21.39582875223465 ], [ -157.976739720892311, 21.395829090597797 ], [ -157.976742638885923, 21.395829430797114 ], [ -157.976745526325629, 21.395829767323175 ], [ -157.976748415504346, 21.395830102262764 ], [ -157.976751332723779, 21.395830441351951 ], [ -157.97675422190045, 21.395830775396785 ], [ -157.976757153137441, 21.395831115207713 ], [ -157.976760056333376, 21.395831450873246 ], [ -157.976762959531499, 21.395831786539024 ], [ -157.976765861004338, 21.395832121107009 ], [ -157.976768765160529, 21.395832455873791 ], [ -157.976771670078648, 21.395832789939565 ], [ -157.9767745855805, 21.395833126120671 ], [ -157.976777473997089, 21.395833457285043 ], [ -157.976780408671686, 21.395833794767128 ], [ -157.976783310148448, 21.395834127538613 ], [ -157.976786226615843, 21.39583446191887 ], [ -157.976789145551749, 21.395834796692693 ], [ -157.97679204970467, 21.395835129660973 ], [ -157.976794952901514, 21.395835461730659 ], [ -157.976797869372717, 21.395835795208495 ], [ -157.976800787557551, 21.395836128882252 ], [ -157.976803706487345, 21.395836462751344 ], [ -157.976806610639784, 21.395836794820497 ], [ -157.976809515538804, 21.395837126185199 ], [ -157.976811929486018, 21.395837402200137 ], [ -157.976813892091883, 21.395837626161374 ], [ -157.976815348492664, 21.395837792239565 ], [ -157.976815794042125, 21.395837843200916 ], [ -157.976826414337012, 21.395839055127052 ], [ -157.976827020262647, 21.395839124222711 ], [ -157.976842553812816, 21.395840896868595 ], [ -157.977157903011033, 21.395876882331162 ], [ -157.977160825897357, 21.395877216061724 ], [ -157.977197630341863, 21.395881415804094 ], [ -157.977202004059052, 21.395881914543246 ], [ -157.977206390861625, 21.395882415787476 ], [ -157.977210757648862, 21.395882913736095 ], [ -157.977215153800984, 21.395883416048427 ], [ -157.977219529939475, 21.395883915966028 ], [ -157.977223908535791, 21.395884416274594 ], [ -157.977228294020847, 21.395884918163038 ], [ -157.977232662126511, 21.395885417272634 ], [ -157.977237075844783, 21.395885923408056 ], [ -157.977241451008837, 21.395886425129685 ], [ -157.977245827148067, 21.395886926852718 ], [ -157.977250224448227, 21.395887432017823 ], [ -157.977254619456659, 21.395887937826881 ], [ -157.977258995774008, 21.395888441486886 ], [ -157.977263392115447, 21.395888948467576 ], [ -157.97726778482587, 21.395889455825479 ], [ -157.977272179833449, 21.395889964355224 ], [ -157.977276557487585, 21.395890470990274 ], [ -157.9772809793823, 21.395890985354534 ], [ -157.977285346542971, 21.395891492578105 ], [ -157.977289759273646, 21.395892006908205 ], [ -157.97729415331284, 21.395892519972431 ], [ -157.977298557859939, 21.395893036076167 ], [ -157.977302924065611, 21.395893546905928 ], [ -157.977307363651676, 21.395894069843369 ], [ -157.977311729862976, 21.395894583377917 ], [ -157.97731616964532, 21.39589510920144 ], [ -157.97732053468809, 21.395895625302291 ], [ -157.977324974447868, 21.395896153872954 ], [ -157.977329339491718, 21.395896672677331 ], [ -157.977333780658114, 21.395897204281304 ], [ -157.977338144737018, 21.395897725788874 ], [ -157.977338238106142, 21.395897736994677 ], [ -157.977342602187406, 21.395898263008711 ], [ -157.977346966268499, 21.395898788121336 ], [ -157.977351415804037, 21.395899327277618 ], [ -157.977355788259018, 21.395899857126242 ], [ -157.977360235374476, 21.395900399665592 ], [ -157.977364607826104, 21.395900933126324 ], [ -157.977369056395816, 21.395901479636862 ], [ -157.977373427882696, 21.395902016709929 ], [ -157.977377873997341, 21.395902566595058 ], [ -157.977382264137219, 21.395903110492856 ], [ -157.977386711735505, 21.395903665276006 ], [ -157.977391082257554, 21.395904210477095 ], [ -157.977395528895414, 21.395904768938841 ], [ -157.977399934205579, 21.395905323934919 ], [ -157.977404363745592, 21.395905884963145 ], [ -157.977408749417776, 21.39590644123794 ], [ -157.977408845127883, 21.395906453428562 ], [ -157.977413213718478, 21.395907012176277 ], [ -157.97741760094209, 21.39590757421221 ], [ -157.977422045639599, 21.395908147381796 ], [ -157.977426430292695, 21.395908713621115 ], [ -157.977426528561864, 21.395908726365356 ], [ -157.977430895221488, 21.395909295047169 ], [ -157.977435278876385, 21.395909866721244 ], [ -157.977435377163346, 21.395909879592569 ], [ -157.977439741553894, 21.395910453521601 ], [ -157.977444106902624, 21.39591102744966 ], [ -157.977444239788127, 21.395911045018728 ], [ -157.977448596180267, 21.395911624204473 ], [ -157.977452952572179, 21.395912202488795 ], [ -157.977453088098571, 21.395912220581227 ], [ -157.977457450531375, 21.395912806243444 ], [ -157.977461813927448, 21.395913391905445 ], [ -157.97746192816993, 21.395913407311877 ], [ -157.977466291934547, 21.395913998571682 ], [ -157.977470655701353, 21.395914589831818 ], [ -157.977471699262082, 21.395914737299901 ], [ -157.977664616870527, 21.395943123555124 ], [ -157.97766775500844, 21.395943640763111 ], [ -157.977859429565171, 21.395978640543266 ], [ -157.977862545316839, 21.395979265295821 ], [ -157.978052719362438, 21.396020831606791 ], [ -157.978055809029627, 21.396021563190132 ], [ -157.978244225105612, 21.396069640909992 ], [ -157.978252321755974, 21.396072112505223 ], [ -157.978258164722945, 21.396074512124571 ], [ -157.978326405862845, 21.396092491422156 ], [ -157.978328058888764, 21.39609294356357 ], [ -157.978354073159778, 21.396100322211169 ], [ -157.978354424331798, 21.396100422577085 ], [ -157.978380404835889, 21.396107904177533 ], [ -157.978380730478619, 21.39610799860883 ], [ -157.978406680110766, 21.396115575937326 ], [ -157.978406973651801, 21.396115662186673 ], [ -157.97843289337905, 21.396123325308437 ], [ -157.978433157899445, 21.396123403949243 ], [ -157.978459051578739, 21.39613114473627 ], [ -157.978459288024027, 21.396131215769643 ], [ -157.978485158550342, 21.396139026093739 ], [ -157.978485362326069, 21.396139087873813 ], [ -157.978511211630462, 21.396146957800362 ], [ -157.978511390274463, 21.396147012389598 ], [ -157.978537221250832, 21.396154934693634 ], [ -157.978537365559873, 21.396154979083882 ], [ -157.978563182066324, 21.396162943831101 ], [ -157.978563299477315, 21.396162980140861 ], [ -157.978589103444762, 21.396170979202846 ], [ -157.97858919216597, 21.396171006755491 ], [ -157.97861498745246, 21.396179032004376 ], [ -157.978640835156483, 21.396187092537701 ], [ -157.978666652207266, 21.396195153769582 ], [ -157.980341571654208, 21.396718189174642 ], [ -157.98035734282999, 21.396723113949413 ], [ -157.980373088215572, 21.396728024663659 ], [ -157.980388814814603, 21.396732918425545 ], [ -157.980404519789317, 21.39673779049626 ], [ -157.980420201829986, 21.396742633951234 ], [ -157.980435870039599, 21.396747446913324 ], [ -157.980451519795054, 21.396752223581458 ], [ -157.98046715359402, 21.396756958290929 ], [ -157.980482774413929, 21.396761648248866 ], [ -157.980498381965759, 21.396766286683576 ], [ -157.980513979171064, 21.396770871118399 ], [ -157.980529567749102, 21.396775395475792 ], [ -157.980545149905282, 21.396779857046596 ], [ -157.980560722145555, 21.396784249205815 ], [ -157.980576290634474, 21.396788568370464 ], [ -157.980591852583615, 21.396792810230522 ], [ -157.980607410420617, 21.396796968809753 ], [ -157.980622966136707, 21.39680104103677 ], [ -157.980638520433246, 21.396805022029284 ], [ -157.980654074173998, 21.396808907315968 ], [ -157.980669626903307, 21.3968126925141 ], [ -157.980684160029739, 21.396816131497413 ], [ -157.980808138910191, 21.396841633070089 ], [ -157.980932398834909, 21.39686048689288 ], [ -157.981057584334081, 21.39687284567189 ], [ -157.981183310471692, 21.396878671152951 ], [ -157.981309187930094, 21.396877945879528 ], [ -157.981434827627282, 21.396870671540871 ], [ -157.981559841251737, 21.396856871574286 ], [ -157.981683843833054, 21.396836587755249 ], [ -157.981806450519798, 21.396809882576544 ], [ -157.981927284285604, 21.3967768394525 ], [ -157.982045970829205, 21.396737560376287 ], [ -157.982162144064745, 21.396692165097448 ], [ -157.98227544420476, 21.396640796347278 ], [ -157.982385520833105, 21.396583610793613 ], [ -157.982492929286053, 21.396520258365687 ], [ -157.982505357991982, 21.39651240904681 ], [ -157.982518618806893, 21.396503911394749 ], [ -157.982531844084548, 21.396495318753878 ], [ -157.98254503709552, 21.396486635115309 ], [ -157.982558197615901, 21.396477865498632 ], [ -157.982571329651933, 21.3964690135046 ], [ -157.982584434420659, 21.39646008299728 ], [ -157.982597516260228, 21.396451077654319 ], [ -157.982610578270226, 21.396442000495735 ], [ -157.98262362149822, 21.396432857770524 ], [ -157.982636649853504, 21.396423651114116 ], [ -157.982649664574694, 21.396414387404139 ], [ -157.982662667689908, 21.396405068323041 ], [ -157.982675667845569, 21.396395696191718 ], [ -157.982688662216447, 21.396386278481103 ], [ -157.982701656371461, 21.396376816638121 ], [ -157.982714652831589, 21.39636731593572 ], [ -157.982727653101676, 21.396357780134029 ], [ -157.982740666262174, 21.396348209568018 ], [ -157.982753688365506, 21.396338614569135 ], [ -157.982766724974994, 21.396328994200459 ], [ -157.982779782627489, 21.396319353269952 ], [ -157.986256955664373, 21.39375159358633 ], [ -157.986274426349411, 21.393738693198227 ], [ -157.986291906340398, 21.393725789877912 ], [ -157.986309408736304, 21.393712880808806 ], [ -157.986326923875339, 21.393699975466436 ], [ -157.986344471359473, 21.393687067503656 ], [ -157.98636204022651, 21.393674168461356 ], [ -157.986362118421624, 21.393674111118411 ], [ -157.986379639377304, 21.393661277587753 ], [ -157.986379725972768, 21.393661214242091 ], [ -157.986397264282459, 21.393648401483937 ], [ -157.986397365807221, 21.393648327427513 ], [ -157.986414924362833, 21.393635539054749 ], [ -157.986415040344895, 21.393635454729253 ], [ -157.98643262300547, 21.39362269345159 ], [ -157.986432750905237, 21.393622600801997 ], [ -157.986450357667792, 21.393609871135524 ], [ -157.98645049777366, 21.393609770052372 ], [ -157.98646813249718, 21.393597073803505 ], [ -157.986468287755088, 21.393596962284999 ], [ -157.986485953332505, 21.393584303066717 ], [ -157.986486122002702, 21.393584182502909 ], [ -157.986503820362117, 21.393571563927935 ], [ -157.986503997752266, 21.393571437788733 ], [ -157.986521730821636, 21.393558861663756 ], [ -157.986521925979474, 21.393558723664402 ], [ -157.986539696651704, 21.393546194505422 ], [ -157.98653990307335, 21.393546049418358 ], [ -157.986557713278501, 21.393533569934959 ], [ -157.986557935253671, 21.39353341491525 ], [ -157.986575787881776, 21.393520988720354 ], [ -157.986576018852247, 21.3935208285104 ], [ -157.986593915834305, 21.39350845741059 ], [ -157.986594165624865, 21.393508285390251 ], [ -157.986612108887783, 21.393495974804541 ], [ -157.986612369645712, 21.393495796599701 ], [ -157.986630362083588, 21.393483548334679 ], [ -157.986630636999479, 21.393483361955397 ], [ -157.986648680539275, 21.393471179623859 ], [ -157.986648969744721, 21.393470985206086 ], [ -157.986667066315363, 21.393458872421046 ], [ -157.98666736921129, 21.393458670596786 ], [ -157.986685521706846, 21.393446630067739 ], [ -157.986685839865515, 21.393446420035392 ], [ -157.986704049248942, 21.393434456278325 ], [ -157.986704379562013, 21.393434240328812 ], [ -157.986722647761354, 21.393422356053335 ], [ -157.98672299463243, 21.393422131566297 ], [ -157.986741324540674, 21.393410330385407 ], [ -157.986741684594818, 21.393410099820777 ], [ -157.986760077177905, 21.393398385347169 ], [ -157.986760451465159, 21.393398148291094 ], [ -157.986778909613179, 21.393386523234373 ], [ -157.986780570790614, 21.393385502681646 ], [ -157.986920691758655, 21.393301551332755 ], [ -157.986923684146177, 21.393299837307282 ], [ -157.987067312856425, 21.393221258166577 ], [ -157.987070376569761, 21.393219658895099 ], [ -157.987217277716468, 21.393146580185817 ], [ -157.987220408244667, 21.393145098031393 ], [ -157.987370343629152, 21.393077638945499 ], [ -157.987373534898211, 21.393076276760063 ], [ -157.98752625861087, 21.39301454655471 ], [ -157.987529506997475, 21.393013305903771 ], [ -157.987684769273642, 21.392957407514338 ], [ -157.987688067613732, 21.392956291136262 ], [ -157.987845614830803, 21.392906313951155 ], [ -157.987848958893011, 21.392905323234402 ], [ -157.988008533578522, 21.392861349417302 ], [ -157.988010446382759, 21.392860844523128 ], [ -157.988031923294471, 21.392855423421921 ], [ -157.988032359763167, 21.392855314390975 ], [ -157.988053866561842, 21.392849998056917 ], [ -157.988054288596175, 21.3928498947948 ], [ -157.988075824314762, 21.392844679614996 ], [ -157.988076230036256, 21.392844582341386 ], [ -157.988097791783758, 21.392839464703144 ], [ -157.988098186503066, 21.392839371939235 ], [ -157.98811977331556, 21.392834349132752 ], [ -157.988120149875471, 21.392834262351183 ], [ -157.988141760787897, 21.392829329860646 ], [ -157.988142121802241, 21.392829248228537 ], [ -157.988163754886557, 21.39282440244116 ], [ -157.988164101169588, 21.392824325576832 ], [ -157.98818575546187, 21.392819562879726 ], [ -157.988186086130668, 21.392819490790565 ], [ -157.988207759701908, 21.392814807571014 ], [ -157.988208076366504, 21.392814739730589 ], [ -157.988229769218719, 21.392810132375907 ], [ -157.988230065807954, 21.392810069894534 ], [ -157.988251775047132, 21.392805533888517 ], [ -157.988252061116981, 21.392805474590677 ], [ -157.988273786743122, 21.392801007224019 ], [ -157.988274057863748, 21.392800951899783 ], [ -157.988295798913839, 21.392796549559502 ], [ -157.988296051452011, 21.392796498791419 ], [ -157.988317806961021, 21.392792156961907 ], [ -157.988318039355931, 21.392792110893296 ], [ -157.988339806430957, 21.392787825058157 ], [ -157.988340032516277, 21.392787780837168 ], [ -157.988361812123259, 21.392783549190288 ], [ -157.988362018789843, 21.392783509281603 ], [ -157.988383808999799, 21.392779327307014 ], [ -157.988383997704148, 21.392779291295184 ], [ -157.98840579851705, 21.392775154476976 ], [ -157.988405971375784, 21.392775121847325 ], [ -157.988427780863674, 21.392771026572689 ], [ -157.988427942219289, 21.392770996423142 ], [ -157.988449759418216, 21.392766939982589 ], [ -157.988449899108758, 21.392766914121673 ], [ -157.988471724018609, 21.392762891096002 ], [ -157.988471851458797, 21.392762867697471 ], [ -157.988493682150619, 21.392758875377183 ], [ -157.98849379513112, 21.392758854788543 ], [ -157.988515631605964, 21.392754889560852 ], [ -157.988515725777631, 21.392754872511034 ], [ -157.988537567071489, 21.392750929860124 ], [ -157.988559491199538, 21.392746991951928 ], [ -157.988581404677547, 21.392743072059535 ], [ -157.988603304183812, 21.39273916678669 ], [ -157.988625185814584, 21.392735272114304 ], [ -157.988647057515522, 21.392731383900681 ], [ -157.989425207126004, 21.392593052867856 ], [ -157.989447161367622, 21.392589149552531 ], [ -157.989469098640313, 21.392585245471164 ], [ -157.989491017386172, 21.392581336227813 ], [ -157.989512919071331, 21.392577417970084 ], [ -157.989534802119351, 21.39257348705129 ], [ -157.989556667151646, 21.392569539955947 ], [ -157.989578507682523, 21.392565573769712 ], [ -157.989600326837063, 21.392561582747916 ], [ -157.989622127763369, 21.392557563308515 ], [ -157.989643903258951, 21.392553514132235 ], [ -157.989665652858264, 21.392549428733606 ], [ -157.989687378134875, 21.392545304906122 ], [ -157.989709077321464, 21.392541137678169 ], [ -157.989730752327915, 21.392536923883824 ], [ -157.989752398032493, 21.392532660644818 ], [ -157.989774016250095, 21.392528343220654 ], [ -157.989795603303008, 21.392523969376043 ], [ -157.989817157039852, 21.392519534301826 ], [ -157.989838679966567, 21.392515033434499 ], [ -157.98986017290008, 21.392510464020749 ], [ -157.989881630971382, 21.392505823438189 ], [ -157.989903052428701, 21.392501107541584 ], [ -157.989924434851218, 21.39249631281924 ], [ -157.989945782238124, 21.392491434060581 ], [ -157.989967090078579, 21.392486470214386 ], [ -157.989988355173494, 21.392481416412753 ], [ -157.99000958058835, 21.392476269187945 ], [ -157.990030760997911, 21.392471026211116 ], [ -157.990051188387923, 21.392465861529629 ], [ -157.990203400676904, 21.392423947623968 ], [ -157.990353046239392, 21.392376699028254 ], [ -157.990500598729682, 21.392323993521924 ], [ -157.990645832360741, 21.392265911269401 ], [ -157.990788523784119, 21.392202543535898 ], [ -157.99092845207764, 21.392133985817917 ], [ -157.991065405128495, 21.392060344053714 ], [ -157.991199169637127, 21.391981731356207 ], [ -157.99132954238533, 21.391898269860498 ], [ -157.991456910688157, 21.391809676060642 ], [ -157.991473612435129, 21.391797508865466 ], [ -157.991490833023391, 21.391784826398524 ], [ -157.991508000168892, 21.391772051816428 ], [ -157.991525111409373, 21.391759192235735 ], [ -157.991542170276347, 21.391746246609195 ], [ -157.991559179979959, 21.391733220680148 ], [ -157.991576142364778, 21.391720115035607 ], [ -157.991593059420182, 21.391706935658053 ], [ -157.991609932586471, 21.391693683635253 ], [ -157.991626766864215, 21.391680362316521 ], [ -157.991643561093724, 21.391666975898886 ], [ -157.991660319750395, 21.391653526517704 ], [ -157.991677044886615, 21.391640017237854 ], [ -157.991693738411584, 21.391626450853558 ], [ -157.991710404750961, 21.391612830196912 ], [ -157.991727044972862, 21.391599158525995 ], [ -157.991743661874608, 21.391585439372342 ], [ -157.991760257194017, 21.391571675469454 ], [ -157.991776834722714, 21.391557869448235 ], [ -157.991793396551969, 21.39154402377083 ], [ -157.991809946294694, 21.391530141423189 ], [ -157.991826485714171, 21.39151622667768 ], [ -157.991843014914906, 21.39150228289855 ], [ -157.991859541603645, 21.391488308656164 ], [ -157.991876067540062, 21.391474310163467 ], [ -157.991892592793675, 21.391460290670754 ], [ -157.991909122229401, 21.391446251344171 ], [ -157.991925658502026, 21.391432196702745 ], [ -157.991942201985438, 21.391418129859503 ], [ -157.993575061499769, 21.390029635561344 ], [ -157.993597584607841, 21.390010485106259 ], [ -157.993620133182617, 21.389991325877567 ], [ -157.993642718576439, 21.389972162214711 ], [ -157.99364278498615, 21.389972105924674 ], [ -157.993665346751385, 21.389953002006056 ], [ -157.993665434939516, 21.389952927436443 ], [ -157.993688024664692, 21.389933852417229 ], [ -157.993688136229423, 21.389933758374401 ], [ -157.993710760662594, 21.389914720383487 ], [ -157.993710894038799, 21.389914608382973 ], [ -157.993733560896857, 21.389895613742656 ], [ -157.993733714981005, 21.389895484930285 ], [ -157.993756430047966, 21.389876540866176 ], [ -157.993756610797078, 21.389876390546018 ], [ -157.993779381786965, 21.389857506090106 ], [ -157.993779581840982, 21.389857340694405 ], [ -157.993802415505769, 21.389838521266086 ], [ -157.993802639855375, 21.389838336997968 ], [ -157.993825541979078, 21.389819591628857 ], [ -157.993825792035949, 21.389819387745259 ], [ -157.993848770334495, 21.389800724564335 ], [ -157.993849668325169, 21.389800005182796 ], [ -157.993980850868383, 21.389696354831369 ], [ -157.993982411169696, 21.389695150857257 ], [ -157.994116136391568, 21.389594390636848 ], [ -157.994117725631611, 21.389593221451754 ], [ -157.994253919278066, 21.389495405543983 ], [ -157.994254863215986, 21.38949473711935 ], [ -157.994279249290088, 21.389477712279021 ], [ -157.994279514815247, 21.389477527641972 ], [ -157.994303969349232, 21.389460590407928 ], [ -157.994304208089687, 21.389460425646327 ], [ -157.994328725296526, 21.389443566083465 ], [ -157.994328943362177, 21.389443416616764 ], [ -157.994353515528928, 21.389426629305792 ], [ -157.994353706422402, 21.389426499262605 ], [ -157.994378327762064, 21.38940977426844 ], [ -157.994378498526942, 21.389409658565938 ], [ -157.994403163255555, 21.389392989566051 ], [ -157.994403308855624, 21.389392891380322 ], [ -157.994428010221128, 21.389376270246043 ], [ -157.994428131852402, 21.389376188551243 ], [ -157.994452864069842, 21.389359607153949 ], [ -157.994452960856052, 21.389359542358825 ], [ -157.99447771621044, 21.389342993472621 ], [ -157.994477787818852, 21.389342945653876 ], [ -157.994502562454244, 21.389326419343874 ], [ -157.994527398948662, 21.389309876667323 ], [ -157.994552215609843, 21.389293358946166 ], [ -157.994854077842461, 21.389092465250172 ], [ -157.994878856001492, 21.38907597396679 ], [ -157.994903605107964, 21.389059488506771 ], [ -157.994928319342733, 21.389043003262497 ], [ -157.994952989782632, 21.389026510742486 ], [ -157.994977611957097, 21.389010002322038 ], [ -157.99500218021052, 21.388993470585497 ], [ -157.99502668749696, 21.388976907801418 ], [ -157.995051126935323, 21.38896030706638 ], [ -157.99507549443021, 21.388943658471906 ], [ -157.99509978303476, 21.388926956773819 ], [ -157.995123985212672, 21.388910193180951 ], [ -157.995147764995039, 21.388893592237373 ], [ -157.995282672594016, 21.388796698228099 ], [ -157.995414807775887, 21.388697134434135 ], [ -157.995544751328566, 21.388594461102745 ], [ -157.995567158149328, 21.388576261524957 ], [ -157.995589823744467, 21.388557709953734 ], [ -157.995612442392257, 21.388539067247738 ], [ -157.995635023928202, 21.388520338395452 ], [ -157.995657572880162, 21.388501533926661 ], [ -157.995680094114732, 21.388482660662412 ], [ -157.995702596302294, 21.388463724866249 ], [ -157.995725086637492, 21.38844473389258 ], [ -157.99574756992925, 21.388425695712467 ], [ -157.995770055109688, 21.388406616380717 ], [ -157.995792548474611, 21.388387504227939 ], [ -157.995815054123142, 21.388368367857915 ], [ -157.99619024376679, 21.388049312915928 ], [ -157.996560044267909, 21.387730302662099 ], [ -157.996956112689446, 21.387383706762446 ], [ -157.996956528204493, 21.387383345521666 ], [ -157.997295550275965, 21.387090530611747 ], [ -157.997296388907984, 21.387089815719712 ], [ -157.997639466486817, 21.386801174627045 ], [ -157.997639889415126, 21.386800821135168 ], [ -157.998287677323191, 21.386262933658134 ], [ -157.998312294361398, 21.386242495044154 ], [ -157.998336925467896, 21.386222053364932 ], [ -157.998361584570375, 21.386201608097778 ], [ -157.998386275414418, 21.386181166497725 ], [ -157.998410998568517, 21.386160735752291 ], [ -157.998411075592685, 21.386160672176953 ], [ -157.998435765394419, 21.386140317639178 ], [ -157.998435857601578, 21.386140241730935 ], [ -157.998460577291212, 21.386119920606955 ], [ -157.998460685647188, 21.386119831680617 ], [ -157.99848544197377, 21.386099548486531 ], [ -157.998485562934462, 21.386099449566657 ], [ -157.998510358791009, 21.38607920972138 ], [ -157.998510497471415, 21.386079096764 ], [ -157.998535339607855, 21.386058905686607 ], [ -157.998535495026601, 21.386058779668012 ], [ -157.998560388264963, 21.386038643680831 ], [ -157.998560557808901, 21.386038506894835 ], [ -157.998585506006208, 21.386018431416748 ], [ -157.998585691035544, 21.38601828294847 ], [ -157.99861069901371, 21.385998273398677 ], [ -157.998610903621426, 21.385998110199218 ], [ -157.998635978129499, 21.385978172899826 ], [ -157.998636193207091, 21.385978002448777 ], [ -157.99866133617499, 21.38595814191568 ], [ -157.99866157233177, 21.385957956046248 ], [ -157.998686791473546, 21.385938178601556 ], [ -157.998687041347267, 21.385937983389965 ], [ -157.998712338591929, 21.385918295356159 ], [ -157.998713444982201, 21.385917448612798 ], [ -157.998899584352955, 21.385777369881886 ], [ -157.99890156946995, 21.385775919861231 ], [ -157.999091968819158, 21.385640957408135 ], [ -157.99909399826069, 21.385639561764258 ], [ -157.999288498482542, 21.385509829373493 ], [ -157.999290569707568, 21.38550848983331 ], [ -157.999489004949027, 21.385384095870567 ], [ -157.999491117662359, 21.385382812641044 ], [ -157.999693323036666, 21.385263863666435 ], [ -157.999695473897475, 21.385262638786752 ], [ -157.999901277769823, 21.385149233232276 ], [ -157.999903466108151, 21.385148067068744 ], [ -158.000112695880688, 21.385040301560807 ], [ -158.000114919115305, 21.385039195496958 ], [ -158.000327399300261, 21.384937159436983 ], [ -158.000329655885736, 21.384936114227429 ], [ -158.000545206173371, 21.384839894308328 ], [ -158.000547494015706, 21.384838910916343 ], [ -158.000765933135256, 21.384748587509343 ], [ -158.000768251227754, 21.384747666396244 ], [ -158.000989396946466, 21.384663317163888 ], [ -158.000991741980641, 21.38466245965142 ], [ -158.001215407242881, 21.38458415412865 ], [ -158.001217777767579, 21.384583360714878 ], [ -158.001443773594673, 21.384511164824836 ], [ -158.001446167638022, 21.384510436163563 ], [ -158.001674304085242, 21.384444410411295 ], [ -158.00167672017912, 21.384443746968767 ], [ -158.001906805373835, 21.384383948247461 ], [ -158.001909240835687, 21.384383350774741 ], [ -158.002141081945325, 21.384329828753359 ], [ -158.002142472498122, 21.384329519090045 ], [ -158.002174533839167, 21.384322640124839 ], [ -158.002174851612693, 21.384322572532419 ], [ -158.002206939953737, 21.38431580645706 ], [ -158.002207237523464, 21.384315744226427 ], [ -158.002239350934389, 21.384309083815619 ], [ -158.002239630676456, 21.384309026249763 ], [ -158.002271767230383, 21.384302465181314 ], [ -158.002272026673495, 21.384302412602036 ], [ -158.002304184440334, 21.384295943650528 ], [ -158.002304423543848, 21.384295895881685 ], [ -158.002336600595669, 21.384289511821844 ], [ -158.002336819322153, 21.384289468701215 ], [ -158.002369013729918, 21.384283162307728 ], [ -158.002369214991035, 21.38428312311672 ], [ -158.002401425790737, 21.384276888067205 ], [ -158.002401606110112, 21.384276853349512 ], [ -158.002433830407796, 21.384270682418759 ], [ -158.002433988817103, 21.384270652227432 ], [ -158.002466226613734, 21.384264537286956 ], [ -158.002466368434483, 21.38426451050131 ], [ -158.002498615873151, 21.384258446132016 ], [ -158.002498732794578, 21.384258424222335 ], [ -158.002530988909172, 21.384252401392608 ], [ -158.002531091176593, 21.384252382357158 ], [ -158.002563355968164, 21.384246395647931 ], [ -158.002595706344977, 21.384240422885235 ], [ -158.002628040959507, 21.384234474924249 ], [ -158.00266035598554, 21.384228544490398 ], [ -158.002692658242381, 21.384222624886899 ], [ -158.004392560543948, 21.38391114205951 ], [ -158.004867796512798, 21.383820875030946 ], [ -158.005610158286856, 21.383674880913659 ], [ -158.005610535374615, 21.383674807572039 ], [ -158.006121859264937, 21.383576465039724 ], [ -158.006122614753025, 21.383576323007489 ], [ -158.006634851348139, 21.383482235524909 ], [ -158.006635608209791, 21.383482099769644 ], [ -158.007148715124714, 21.383392275458977 ], [ -158.007149093803974, 21.383392209981078 ], [ -158.008280329332109, 21.383199032828525 ], [ -158.008280791860528, 21.383198955053999 ], [ -158.008657200605228, 21.383136646129618 ], [ -158.008658126993879, 21.383136497619912 ], [ -158.009035234771829, 21.383078010033127 ], [ -158.009035698612308, 21.383077939301373 ], [ -158.009387385813852, 21.38302522484426 ], [ -158.009423686930262, 21.383019781523714 ], [ -158.009459961685337, 21.38301433269222 ], [ -158.009496206399092, 21.383008867195347 ], [ -158.009532420228567, 21.383003374845483 ], [ -158.009568603506921, 21.382997845584775 ], [ -158.00960475174341, 21.382992270866968 ], [ -158.009640861326403, 21.382986639192989 ], [ -158.009676935411932, 21.382980940276873 ], [ -158.009712968884344, 21.382975165443199 ], [ -158.009748960989896, 21.382969304007968 ], [ -158.009784907581604, 21.3829633473473 ], [ -158.009820436412383, 21.382957346515482 ], [ -158.010031500115758, 21.38291919191694 ], [ -158.010241658418039, 21.382876887968536 ], [ -158.01027685979227, 21.382869377813265 ], [ -158.010312425963178, 21.382861675626827 ], [ -158.010347994015547, 21.382853867358428 ], [ -158.010383563783819, 21.382845965673031 ], [ -158.010419138626901, 21.382837977520367 ], [ -158.010454721955739, 21.38282991524553 ], [ -158.010490312812806, 21.382821787279351 ], [ -158.01052591743246, 21.382813603790112 ], [ -158.010561536385609, 21.382805374923773 ], [ -158.010597172543839, 21.382797110542548 ], [ -158.010632828090905, 21.38278882046728 ], [ -158.010668504394374, 21.382780515178538 ], [ -158.011088349616898, 21.38268275183157 ], [ -158.011116180900018, 21.382676272422898 ], [ -158.011144026347665, 21.382669795356893 ], [ -158.011171891441876, 21.382663324555914 ], [ -158.011199782391571, 21.382656865826092 ], [ -158.011227694245918, 21.382650425312764 ], [ -158.011227781532341, 21.382650405216875 ], [ -158.011255630053739, 21.382644007993683 ], [ -158.011255735903262, 21.382643983744437 ], [ -158.011283594066583, 21.382637619030135 ], [ -158.011283713053245, 21.382637591928717 ], [ -158.01131157989758, 21.382631264239201 ], [ -158.011312404467787, 21.382631080993498 ], [ -158.011611969012506, 21.382565953605759 ], [ -158.011612793004474, 21.382565778419195 ], [ -158.011640786183506, 21.382559960958236 ], [ -158.011640908563379, 21.382559935612445 ], [ -158.011668910422344, 21.382554156079365 ], [ -158.011669016135727, 21.382554134325051 ], [ -158.011697026673744, 21.382548387300851 ], [ -158.011697116659604, 21.38254836888499 ], [ -158.011725132983543, 21.382542649853985 ], [ -158.011753225595612, 21.382536938130869 ], [ -158.011781299787714, 21.382531246132562 ], [ -158.011809365728027, 21.382525568152261 ], [ -158.011837411912722, 21.382519899787717 ], [ -158.012334258858061, 21.382419501436981 ], [ -158.012366586652973, 21.382412967616158 ], [ -158.0123988972029, 21.382406430762089 ], [ -158.012431188876803, 21.3823998843128 ], [ -158.012463458755207, 21.382393324561541 ], [ -158.012495703938981, 21.382386742326524 ], [ -158.012527926166172, 21.382380133679369 ], [ -158.012560121788653, 21.382373490907515 ], [ -158.012591932051777, 21.382366883674489 ], [ -158.01295873457471, 21.382287046551401 ], [ -158.013323525984703, 21.382200906654429 ], [ -158.01368654027587, 21.382108415147787 ], [ -158.014047651449772, 21.382009606267257 ], [ -158.01440673441553, 21.381904512476229 ], [ -158.014763663585796, 21.381793170604926 ], [ -158.015118316088206, 21.38167561932412 ], [ -158.015470568816255, 21.381551900083512 ], [ -158.015820297880566, 21.381422055176699 ], [ -158.016167384418367, 21.381286129508638 ], [ -158.016511706086106, 21.381144171816707 ], [ -158.01685314307781, 21.380996228795226 ], [ -158.017191578263919, 21.380842354414217 ], [ -158.017527223424167, 21.380682442783375 ], [ -158.017556113352839, 21.38066833312973 ], [ -158.017585323789206, 21.380654016537711 ], [ -158.017614530976601, 21.380639660157907 ], [ -158.017643737343406, 21.380625267304001 ], [ -158.017672948152864, 21.380610844925215 ], [ -158.017702162376736, 21.380596398486404 ], [ -158.017731388834051, 21.380581931398922 ], [ -158.017760626496056, 21.380567452811253 ], [ -158.020134132134956, 21.379391919579732 ], [ -158.020390337983429, 21.379263755756288 ], [ -158.020645405478291, 21.37913361735913 ], [ -158.024352315729004, 21.377223639186724 ], [ -158.024670914844592, 21.377058267774103 ], [ -158.024988412915803, 21.376891047390057 ], [ -158.027489744842342, 21.375564022605314 ], [ -158.027518552851092, 21.375548740143991 ], [ -158.027547381558037, 21.3755334559694 ], [ -158.027576233928755, 21.37551817559541 ], [ -158.027605120286495, 21.375502904151773 ], [ -158.027634037928607, 21.375487650578751 ], [ -158.027634129723282, 21.375487602227416 ], [ -158.027662994705651, 21.375472419662113 ], [ -158.02766310710814, 21.375472360642814 ], [ -158.027691995233454, 21.375457218711496 ], [ -158.027692122751716, 21.375457152003744 ], [ -158.027721038843993, 21.375442055221409 ], [ -158.027721187079067, 21.375441978007228 ], [ -158.027750134031322, 21.375426934501981 ], [ -158.027750299399031, 21.375426848782162 ], [ -158.027779282033151, 21.375411863972097 ], [ -158.027779468267397, 21.375411767962518 ], [ -158.027808489478446, 21.375396849975839 ], [ -158.02780869385316, 21.37539674525371 ], [ -158.027837757500151, 21.375381900411806 ], [ -158.027837978130322, 21.375381788108136 ], [ -158.027867088069229, 21.375367021829419 ], [ -158.027867331804998, 21.375366898663032 ], [ -158.027896490931795, 21.375352219978787 ], [ -158.027896750184141, 21.375352090001158 ], [ -158.027925963320826, 21.37533750342639 ], [ -158.027926245906343, 21.37533736295304 ], [ -158.027955515947866, 21.375322877518947 ], [ -158.02795677086246, 21.375322268668327 ], [ -158.028174837052973, 21.375218569700056 ], [ -158.028177080257393, 21.375217540733789 ], [ -158.028398242525469, 21.375119763958853 ], [ -158.028400517225009, 21.375118795566877 ], [ -158.028624593365947, 21.375027024096195 ], [ -158.028626896084376, 21.375026117758853 ], [ -158.028853699069458, 21.374940425672882 ], [ -158.028856029030152, 21.374939581673875 ], [ -158.029085372796629, 21.374860040344526 ], [ -158.029087728037524, 21.374859259424621 ], [ -158.029319419774822, 21.374785936613247 ], [ -158.029321797678307, 21.374785219637861 ], [ -158.029555648429692, 21.374718174074122 ], [ -158.029558047250475, 21.374717521547502 ], [ -158.029793860349315, 21.374656809253974 ], [ -158.029796278490323, 21.374656221616139 ], [ -158.030033860161069, 21.374601893196878 ], [ -158.03003629542755, 21.374601370995283 ], [ -158.030275449001465, 21.374553471636975 ], [ -158.030277898905354, 21.374553015391015 ], [ -158.03051842482185, 21.374511583959666 ], [ -158.03052088812052, 21.374511193900094 ], [ -158.030762587783045, 21.374476265649701 ], [ -158.03076506203297, 21.374475942178943 ], [ -158.031007734914965, 21.374447546043225 ], [ -158.031010218095787, 21.374447289425358 ], [ -158.031253663671691, 21.37442544891973 ], [ -158.031256153318253, 21.374425259394119 ], [ -158.031500168167412, 21.374409991713637 ], [ -158.031501581953762, 21.374409914104206 ], [ -158.031534644679681, 21.374408352633523 ], [ -158.031534957925629, 21.374408338371239 ], [ -158.031568025495517, 21.374406888886401 ], [ -158.031568323782125, 21.37440687629304 ], [ -158.031601397159022, 21.374405533374837 ], [ -158.031601672565728, 21.374405522602657 ], [ -158.031634749821592, 21.374404278123006 ], [ -158.031635000031031, 21.374404269047954 ], [ -158.031668081160916, 21.374403113975056 ], [ -158.031668316247561, 21.374403106065568 ], [ -158.031701401253372, 21.374402034980321 ], [ -158.031701610944992, 21.374402028429554 ], [ -158.031734697893796, 21.374401032300764 ], [ -158.031734887409499, 21.374401026789261 ], [ -158.031767976302319, 21.374400098391448 ], [ -158.031768145700823, 21.374400093793593 ], [ -158.031801237497604, 21.374399225901239 ], [ -158.031801386559977, 21.374399222111862 ], [ -158.031834479332758, 21.374398407499982 ], [ -158.031834605675158, 21.374398404476167 ], [ -158.031867699421952, 21.374397635016173 ], [ -158.031867805563763, 21.374397632609128 ], [ -158.031900900282551, 21.374396901075603 ], [ -158.031934079382523, 21.374396197533802 ], [ -158.031967239244779, 21.374395517052267 ], [ -158.032000378847584, 21.374394852365466 ], [ -158.032033498243834, 21.374394196218706 ], [ -158.036707395319013, 21.374301626822135 ], [ -158.036728224898837, 21.374301213317406 ], [ -158.036749034027707, 21.374300796570324 ], [ -158.036769826148713, 21.374300371168552 ], [ -158.036790604139156, 21.37429993434597 ], [ -158.036811359050262, 21.374299482692688 ], [ -158.036832094989052, 21.3742990098572 ], [ -158.03685281688476, 21.374298513985604 ], [ -158.036873515702723, 21.374297990826008 ], [ -158.036894197511117, 21.374297434896686 ], [ -158.036914860246299, 21.374296844516579 ], [ -158.036935501008372, 21.374296213541612 ], [ -158.036956126775664, 21.374295539172447 ], [ -158.036976730511896, 21.37429481810722 ], [ -158.036997314215284, 21.374294045007915 ], [ -158.037017876927592, 21.37429321729234 ], [ -158.037038416740074, 21.374292329794191 ], [ -158.03705893947199, 21.374291378801562 ], [ -158.037079439415919, 21.374290361923581 ], [ -158.037099916381123, 21.374289274055432 ], [ -158.037120369401975, 21.374288111681473 ], [ -158.037140799541703, 21.374286870493876 ], [ -158.037161206917347, 21.374285546959548 ], [ -158.037181590495521, 21.3742841378041 ], [ -158.037201948080025, 21.374282638781182 ], [ -158.037222280848141, 21.374281046354572 ], [ -158.037242584054979, 21.37427935745961 ], [ -158.037262857551525, 21.374277567010544 ], [ -158.037282257396328, 21.374275750534832 ], [ -158.037439904745099, 21.374257189657381 ], [ -158.037595653715385, 21.37423212153999 ], [ -158.037750036603541, 21.37420049648895 ], [ -158.03790273823185, 21.374162379788498 ], [ -158.038053448881612, 21.374117848232583 ], [ -158.038201861061225, 21.374066992621827 ], [ -158.038347671760221, 21.374009917038819 ], [ -158.038490585592427, 21.373946736989261 ], [ -158.038630309823901, 21.373877582158453 ], [ -158.038766560534242, 21.373802592639869 ], [ -158.038899060719075, 21.373721922084286 ], [ -158.039027538778839, 21.373635733444271 ], [ -158.039151736045028, 21.373544203014795 ], [ -158.03927139643406, 21.37344751697314 ], [ -158.039386278485892, 21.373345872547109 ], [ -158.039496146555848, 21.373239477335328 ], [ -158.039600778138038, 21.3731285460313 ], [ -158.039699959621601, 21.373013307028771 ], [ -158.039793489368151, 21.372893993481146 ], [ -158.039881175980412, 21.37277084808812 ], [ -158.039962842366378, 21.372644123327269 ], [ -158.040038320262539, 21.372514075599739 ], [ -158.040107458313429, 21.372380971010404 ], [ -158.040170113397409, 21.372245080551416 ], [ -158.040226463028006, 21.372105930711051 ], [ -158.040232911381878, 21.372088698111643 ], [ -158.040239538990733, 21.372070661629884 ], [ -158.040246069472175, 21.372052573590434 ], [ -158.040252505584078, 21.372034438863952 ], [ -158.040258850735171, 21.372016258841835 ], [ -158.040265108151061, 21.371998036395574 ], [ -158.040271281492068, 21.371979770397385 ], [ -158.040277376630087, 21.371961460614596 ], [ -158.040283395322518, 21.371943113355218 ], [ -158.040289342011107, 21.371924728205496 ], [ -158.040295220468977, 21.371906304514113 ], [ -158.040301035217595, 21.371887847313086 ], [ -158.040306788054522, 21.371869356553869 ], [ -158.040312485963199, 21.371850829508045 ], [ -158.040318131036429, 21.371832273163836 ], [ -158.04032372664787, 21.371813687290171 ], [ -158.040329278729587, 21.371795069971007 ], [ -158.040334789539088, 21.371776426514526 ], [ -158.040340264153457, 21.371757754738351 ], [ -158.04034570646877, 21.371739056832833 ], [ -158.040351120697437, 21.371720334534992 ], [ -158.040356509528266, 21.371701591000097 ], [ -158.040361878077277, 21.371682824032103 ], [ -158.040367231046929, 21.371664032250354 ], [ -158.040372573029543, 21.371645221430025 ], [ -158.040377905164888, 21.371626395152308 ], [ -158.040383233737828, 21.371607548142759 ], [ -158.040388563163901, 21.371588682667735 ], [ -158.040470836754906, 21.371297428130585 ], [ -158.040476169126208, 21.371278553051752 ], [ -158.040481509023238, 21.371259665891035 ], [ -158.040486864793706, 21.371240758530874 ], [ -158.040492234678254, 21.371221845892041 ], [ -158.040497625978674, 21.371202919321028 ], [ -158.040497649889289, 21.371202835560766 ], [ -158.040503044367625, 21.371183978722776 ], [ -158.040503072134555, 21.371183881900059 ], [ -158.040508491682857, 21.371165030474884 ], [ -158.040508525185771, 21.371164914280619 ], [ -158.040513974626037, 21.371146070073365 ], [ -158.040514011921431, 21.371145941523192 ], [ -158.04051949414665, 21.371127106339546 ], [ -158.040519537073607, 21.371126959399039 ], [ -158.040525056904841, 21.371108134141014 ], [ -158.040525104252907, 21.371107973308053 ], [ -158.040530665546186, 21.371089157974644 ], [ -158.040530719314233, 21.371088976877743 ], [ -158.040536326893402, 21.371070174177362 ], [ -158.040536384254068, 21.371069982746096 ], [ -158.040542041010184, 21.371051192678038 ], [ -158.040542105816087, 21.371050978535102 ], [ -158.040547817536236, 21.37103220290437 ], [ -158.040547886782491, 21.371031976522261 ], [ -158.040553656358583, 21.371013217134351 ], [ -158.04055373062053, 21.371012977065114 ], [ -158.040559561909589, 21.370994233919134 ], [ -158.040559644132458, 21.370993971282633 ], [ -158.040565542921485, 21.370975246183598 ], [ -158.040565628942375, 21.37097497486053 ], [ -158.040571597159385, 21.370956269614222 ], [ -158.040571691547058, 21.370955975812343 ], [ -158.040577734977973, 21.370937292223768 ], [ -158.040577833931053, 21.370936988445479 ], [ -158.040583955467923, 21.370918326513937 ], [ -158.04058406244846, 21.370918002782098 ], [ -158.040590266914279, 21.370899365215895 ], [ -158.040590379164939, 21.370899030569586 ], [ -158.040596669451759, 21.370880418271121 ], [ -158.040596791010472, 21.37088006145142 ], [ -158.040603172904213, 21.370861476225819 ], [ -158.040603300542443, 21.37086110753879 ], [ -158.040609776937117, 21.370842551191522 ], [ -158.040609911652524, 21.370842168417472 ], [ -158.040616486404133, 21.370823641850741 ], [ -158.040616629651595, 21.370823241677538 ], [ -158.040623306618102, 21.370804748503271 ], [ -158.040623457036276, 21.37080433554674 ], [ -158.040630240074762, 21.370785875763808 ], [ -158.040630399985957, 21.37078544451154 ], [ -158.040637293918365, 21.370767019925161 ], [ -158.040638020669064, 21.370765151204505 ], [ -158.040692847436475, 21.370629363060221 ], [ -158.040694248399575, 21.370626107601247 ], [ -158.040755283369151, 21.370492664372389 ], [ -158.040756832986574, 21.370489468831043 ], [ -158.040823962432853, 21.370358618007824 ], [ -158.040825657971396, 21.37035548800241 ], [ -158.040898756601962, 21.370227474367816 ], [ -158.040900594910198, 21.370224415751789 ], [ -158.040979526823719, 21.370099477768807 ], [ -158.040981504260685, 21.370096496580757 ], [ -158.041066121023732, 21.369974868199233 ], [ -158.041068234301605, 21.369971969415758 ], [ -158.04115837976596, 21.369853876458549 ], [ -158.04116062477371, 21.369851065779187 ], [ -158.041256130255078, 21.369736729556113 ], [ -158.04125850245822, 21.369734012623553 ], [ -158.041359189632402, 21.369623645414951 ], [ -158.041361684815143, 21.369621027008154 ], [ -158.041467364749053, 21.369514835678025 ], [ -158.041469978397117, 21.36951232053984 ], [ -158.041580455410639, 21.369410502018688 ], [ -158.041583182701828, 21.369408094817558 ], [ -158.041698250505931, 21.369310839716611 ], [ -158.041699843425505, 21.369309526130976 ], [ -158.041715654850407, 21.369296805528705 ], [ -158.041716025300275, 21.369296509183282 ], [ -158.041731911955054, 21.369283872555911 ], [ -158.041732268853195, 21.369283590216025 ], [ -158.041748227843868, 21.369271033951456 ], [ -158.041748570938495, 21.369270765419607 ], [ -158.041764599372073, 21.369258285905925 ], [ -158.041764935603396, 21.369258025457157 ], [ -158.041781030585838, 21.369245621791876 ], [ -158.041781350702252, 21.369245376289328 ], [ -158.041797508376561, 21.369233044860636 ], [ -158.041797814134782, 21.369232812587111 ], [ -158.041814031607032, 21.369220549783122 ], [ -158.041814325257064, 21.369220328724921 ], [ -158.041830599634181, 21.369208131836729 ], [ -158.041830883502371, 21.369207920001372 ], [ -158.041847211890399, 21.369195787223369 ], [ -158.041847478461506, 21.369195589943473 ], [ -158.041863857967428, 21.369183516760462 ], [ -158.041864115059383, 21.369183327993333 ], [ -158.041880541825208, 21.36917131350322 ], [ -158.041880782713605, 21.369171137956101 ], [ -158.041897255773364, 21.369159176739984 ], [ -158.041897482544272, 21.369159012640726 ], [ -158.041913997077984, 21.369147102893404 ], [ -158.041914210435777, 21.369146949519418 ], [ -158.041930764513438, 21.369135087628798 ], [ -158.04193096748071, 21.369134942634616 ], [ -158.04194755820825, 21.369123126794975 ], [ -158.041947742454767, 21.369122995937989 ], [ -158.041964367903262, 21.369111220730751 ], [ -158.04196454029244, 21.369111098949201 ], [ -158.041981195639892, 21.369099363472458 ], [ -158.041981355513201, 21.36909925109444 ], [ -158.041998040758614, 21.369087550832194 ], [ -158.041998186112124, 21.369087449127306 ], [ -158.042014896433471, 21.369075782274557 ], [ -158.042015022661701, 21.369075694310865 ], [ -158.042031756130001, 21.369064055449023 ], [ -158.042031873491567, 21.369063973962376 ], [ -158.042048628176843, 21.369052361285526 ], [ -158.042048730214503, 21.36905229067127 ], [ -158.042065502259788, 21.369040701470905 ], [ -158.042065587562007, 21.369040642603807 ], [ -158.042082375038177, 21.369029072364444 ], [ -158.042082451364422, 21.369029019819106 ], [ -158.042099252340648, 21.369017466734942 ], [ -158.042116116028211, 21.369005888925415 ], [ -158.042132981013708, 21.368994326406021 ], [ -158.042149832033544, 21.368982783116316 ], [ -158.042166671661079, 21.368971252327743 ], [ -158.050546160123787, 21.363233675030219 ], [ -158.050562375593216, 21.363222569968229 ], [ -158.050578569899471, 21.363211472911825 ], [ -158.050594737006691, 21.363200381117121 ], [ -158.050610876337316, 21.363189288957066 ], [ -158.050626979810573, 21.363178195385714 ], [ -158.050643048883785, 21.36316709186432 ], [ -158.050659077775748, 21.363155978031344 ], [ -158.050675061023554, 21.363144848861296 ], [ -158.050690999843653, 21.363133698054344 ], [ -158.050706889144493, 21.363122523055289 ], [ -158.050722724820787, 21.363111320431905 ], [ -158.050738503474321, 21.363100085610771 ], [ -158.05075422269951, 21.363088814219864 ], [ -158.050769877178311, 21.363077503995843 ], [ -158.050785463192256, 21.36306615047237 ], [ -158.050800978721213, 21.363054748369475 ], [ -158.050816421028657, 21.363043294311773 ], [ -158.050831785263284, 21.363031785117496 ], [ -158.050847067663312, 21.363020218066126 ], [ -158.050862263031718, 21.36300858889015 ], [ -158.050877371681196, 21.362996892694891 ], [ -158.050891699887785, 21.362985666140364 ], [ -158.051004482782588, 21.36289236474078 ], [ -158.051111760028903, 21.36279473418535 ], [ -158.0512139612228, 21.362692437151587 ], [ -158.051310856662042, 21.362585705657299 ], [ -158.0514022266849, 21.362474779941028 ], [ -158.05148786426227, 21.362359912037309 ], [ -158.051567577003283, 21.362241360596197 ], [ -158.051641184005717, 21.362119393622493 ], [ -158.051708519181091, 21.361994288235532 ], [ -158.051769429699476, 21.361866325774088 ], [ -158.05182377889551, 21.36173579499043 ], [ -158.051871443752987, 21.361602992631568 ], [ -158.051912315561935, 21.361468218488561 ], [ -158.051946302609082, 21.361331776333664 ], [ -158.051973328038571, 21.361193975706914 ], [ -158.051993330964962, 21.361055127055636 ], [ -158.052006265581326, 21.360915544762104 ], [ -158.052012103854651, 21.36077554352104 ], [ -158.052010831833627, 21.360635442106769 ], [ -158.0520024515302, 21.360495554463057 ], [ -158.051986983699294, 21.360356198800943 ], [ -158.051964462314174, 21.360217688544218 ], [ -158.051934938099407, 21.360080338701287 ], [ -158.051898478785375, 21.359944457999948 ], [ -158.051855165198589, 21.359810354039894 ], [ -158.051805096778793, 21.359678330500536 ], [ -158.051748386439641, 21.35954868496265 ], [ -158.051685161783723, 21.359421711524998 ], [ -158.051615148560558, 21.359296951091064 ], [ -158.051606016724094, 21.359281688152791 ], [ -158.051596333223586, 21.359265726569003 ], [ -158.051586540465507, 21.359249794299831 ], [ -158.051576647098102, 21.359233894953054 ], [ -158.051566653407178, 21.35921802312113 ], [ -158.051556565277792, 21.35920217398953 ], [ -158.051546389582057, 21.359186350183442 ], [ -158.051536130526557, 21.359170549462402 ], [ -158.051525789143625, 21.359154764728089 ], [ -158.051515373737658, 21.359138994453286 ], [ -158.051504889675641, 21.359123240957942 ], [ -158.051494339167448, 21.35910749748097 ], [ -158.051483728840196, 21.359091762985095 ], [ -158.05147306166927, 21.359076033412393 ], [ -158.05146234390125, 21.359060307432532 ], [ -158.051451579619908, 21.359044582034567 ], [ -158.05144077482268, 21.359028855956087 ], [ -158.051429931366158, 21.359013123364477 ], [ -158.051419056184216, 21.358997382896316 ], [ -158.051408153751396, 21.358981632852529 ], [ -158.051397227887691, 21.358965868269344 ], [ -158.051386285145412, 21.358950088986326 ], [ -158.050754039535406, 21.35803848813805 ], [ -158.050735873965948, 21.358012294950299 ], [ -158.050717704066443, 21.35798607986305 ], [ -158.050699538573497, 21.357959844401346 ], [ -158.050681381803344, 21.35793358188273 ], [ -158.0506632384797, 21.357907282488043 ], [ -158.050663184125597, 21.357907203599673 ], [ -158.050645119679217, 21.357880951973041 ], [ -158.050645053033634, 21.357880854971157 ], [ -158.05062702811432, 21.357854578944838 ], [ -158.050626950722688, 21.357854465921122 ], [ -158.050608972079431, 21.357828161880512 ], [ -158.050608882889179, 21.357828031113964 ], [ -158.050590958232931, 21.357801695443868 ], [ -158.050590860748827, 21.357801551884705 ], [ -158.05057299489971, 21.357775180971213 ], [ -158.050572883969721, 21.357775016799341 ], [ -158.050555085602667, 21.357748606123774 ], [ -158.050554965475783, 21.357748427355325 ], [ -158.050537240374837, 21.357721973303356 ], [ -158.050537110049618, 21.35772177818469 ], [ -158.050519464961752, 21.357695277141648 ], [ -158.050519324581018, 21.357695065583282 ], [ -158.050501766255223, 21.357668513934456 ], [ -158.050501615291296, 21.357668284800141 ], [ -158.050484150474631, 21.357641678027626 ], [ -158.050483534676545, 21.357640725319808 ], [ -158.050368274803276, 21.357459615724316 ], [ -158.050367232935201, 21.357457933158788 ], [ -158.050256633111246, 21.357274290487364 ], [ -158.050255634613308, 21.357272585186816 ], [ -158.050149758495593, 21.357086516004301 ], [ -158.050148803749579, 21.357084788617239 ], [ -158.050047712101929, 21.35689639858564 ], [ -158.050046801805706, 21.356894650365255 ], [ -158.049950552497904, 21.356704047856891 ], [ -158.049950047375802, 21.356703029416881 ], [ -158.049935668931511, 21.356673507122753 ], [ -158.049935539797417, 21.356673240711384 ], [ -158.049921275110194, 21.356643670513893 ], [ -158.049921146999026, 21.356643403664791 ], [ -158.049906996068927, 21.356613785563937 ], [ -158.049906871172283, 21.356613522908191 ], [ -158.049892832070327, 21.356583857807674 ], [ -158.049892710727164, 21.356583600201844 ], [ -158.049878781527269, 21.356553889908671 ], [ -158.049878662406996, 21.356553634643475 ], [ -158.049864842143222, 21.356523880061225 ], [ -158.049864724832872, 21.356523626316658 ], [ -158.049851012543172, 21.356493827445444 ], [ -158.049850899521175, 21.356493580711135 ], [ -158.049837292313583, 21.356463739358361 ], [ -158.049837180533814, 21.356463493097536 ], [ -158.049823678406312, 21.356433610166402 ], [ -158.049823570796633, 21.356433370940699 ], [ -158.049810170859246, 21.356403448238289 ], [ -158.049810063707838, 21.356403207884952 ], [ -158.049796765960508, 21.356373244508283 ], [ -158.049796662039853, 21.356373009308747 ], [ -158.049783464553656, 21.356343007064616 ], [ -158.049783363800941, 21.356342777021993 ], [ -158.049770264648828, 21.356312737717392 ], [ -158.049770165984711, 21.356312510479182 ], [ -158.049757163238667, 21.356282433211618 ], [ -158.049757066321348, 21.356282208061518 ], [ -158.049744159980406, 21.356252095540491 ], [ -158.049744066263457, 21.356251875960638 ], [ -158.049731253437557, 21.356221728186938 ], [ -158.04973116123233, 21.356221510320168 ], [ -158.049718440954535, 21.356191327294187 ], [ -158.049718018516529, 21.356190304779858 ], [ -158.04961272152687, 21.355930233478013 ], [ -158.049612001465619, 21.355928388026687 ], [ -158.049513447158375, 21.355666007051539 ], [ -158.049512775250008, 21.355664146733467 ], [ -158.049421018600924, 21.355399612329858 ], [ -158.049420394612412, 21.355397736509449 ], [ -158.049335491559276, 21.355131200405207 ], [ -158.049334916317662, 21.355129311529744 ], [ -158.049256915085039, 21.354860931776667 ], [ -158.049256388730129, 21.354859030370697 ], [ -158.04918533464874, 21.354588962311009 ], [ -158.04918485751196, 21.354587049567947 ], [ -158.049120792055533, 21.354315451254031 ], [ -158.04912036435735, 21.354313528023205 ], [ -158.049063326105454, 21.354040559313457 ], [ -158.049062948167432, 21.354038627006801 ], [ -158.049012969915793, 21.353764445954308 ], [ -158.049012641961667, 21.353762505745028 ], [ -158.048969752648901, 21.353487273112975 ], [ -158.048969474848832, 21.353485326026711 ], [ -158.048933699555619, 21.353209202578068 ], [ -158.04893347209287, 21.353207249944003 ], [ -158.048904831079767, 21.35293039734572 ], [ -158.048904654045486, 21.352928439943931 ], [ -158.048883164679182, 21.352651019862972 ], [ -158.04888303818629, 21.352649058744003 ], [ -158.048868713978379, 21.35237123284751 ], [ -158.048868638147411, 21.352369270134798 ], [ -158.04886148489453, 21.352091200994305 ], [ -158.048861459715596, 21.35208923668424 ], [ -158.048861483217365, 21.351811086870487 ], [ -158.04886150872872, 21.351809122545006 ], [ -158.048868708995741, 21.351531054629611 ], [ -158.048868785188574, 21.351529091341806 ], [ -158.048883158379425, 21.351251267896476 ], [ -158.048883285162475, 21.351249307506215 ], [ -158.048904820682907, 21.350971890200658 ], [ -158.048904998085135, 21.350969932405562 ], [ -158.048933686310647, 21.350693084714365 ], [ -158.048933914090526, 21.350691132230587 ], [ -158.04896973574975, 21.350415014017941 ], [ -158.048970013867404, 21.350413067022817 ], [ -158.049012948730024, 21.350137840861493 ], [ -158.049013276993804, 21.35013590075426 ], [ -158.049063300007418, 21.349861726508337 ], [ -158.049063678263138, 21.349859794233076 ], [ -158.049120760519315, 21.349586833573113 ], [ -158.049121188539772, 21.349584910341122 ], [ -158.049185297275216, 21.349313321325273 ], [ -158.049185559483504, 21.34931224522504 ], [ -158.049194321001949, 21.34927738100895 ], [ -158.04919437701767, 21.349277159499923 ], [ -158.049203242661036, 21.34924231873519 ], [ -158.04920329349352, 21.349242120077776 ], [ -158.049212252654826, 21.34920730005808 ], [ -158.049212296611984, 21.349207130020936 ], [ -158.049221335793248, 21.34917232804079 ], [ -158.049221374198282, 21.349172180774662 ], [ -158.049230482795565, 21.34913739412745 ], [ -158.049230515761252, 21.349137268659369 ], [ -158.049239683166462, 21.349102496444974 ], [ -158.049239708544803, 21.349102400435275 ], [ -158.049248921261977, 21.349067638142003 ], [ -158.049258188279651, 21.349032810174826 ], [ -158.04926747207125, 21.348998012646081 ], [ -158.049276760629965, 21.348963242481684 ], [ -158.049579591601542, 21.347829893887759 ], [ -158.049585779895779, 21.347806742860872 ], [ -158.049591995072831, 21.347783553548606 ], [ -158.049592020541155, 21.347783458765921 ], [ -158.049598252236933, 21.347760325708116 ], [ -158.049598291356659, 21.347760181049249 ], [ -158.049604568365368, 21.34773705881577 ], [ -158.049604620439197, 21.347736867963292 ], [ -158.049610957223877, 21.347713760162645 ], [ -158.049611023410222, 21.34771352032395 ], [ -158.049617435396925, 21.347690430564437 ], [ -158.049617516170969, 21.347690141871063 ], [ -158.049624018784584, 21.347667073760604 ], [ -158.049624113516472, 21.347666740562932 ], [ -158.049630720257028, 21.34764369951661 ], [ -158.049630831397195, 21.347643315665866 ], [ -158.049637558655718, 21.347620304388407 ], [ -158.049638083307883, 21.347618584301681 ], [ -158.049689406175077, 21.347457071477859 ], [ -158.049690427163824, 21.347454072144998 ], [ -158.049748389166894, 21.347294541612495 ], [ -158.049749533751111, 21.347291580688999 ], [ -158.04981404914966, 21.347134274517398 ], [ -158.049815314912962, 21.347131358250106 ], [ -158.049886285433416, 21.346976510383413 ], [ -158.049887671048054, 21.346973641761373 ], [ -158.049964990705064, 21.346821486145434 ], [ -158.049966494006725, 21.346818669754825 ], [ -158.050050047173812, 21.346669434918525 ], [ -158.050051665621339, 21.346666675504121 ], [ -158.050141327032208, 21.346520583656794 ], [ -158.050143058217657, 21.346517885251885 ], [ -158.050238692000903, 21.34637515679907 ], [ -158.050240533791595, 21.34637252276433 ], [ -158.050341997329042, 21.346233372694414 ], [ -158.050343946256532, 21.346230807983964 ], [ -158.050451086323847, 21.346095444062605 ], [ -158.05045224126988, 21.346094017968987 ], [ -158.050467857435109, 21.346075170333059 ], [ -158.050468116077695, 21.346074859726407 ], [ -158.050483828669854, 21.346056084314 ], [ -158.050484058713863, 21.346055810638024 ], [ -158.050499857124862, 21.346037098420542 ], [ -158.050500054840256, 21.346036865119238 ], [ -158.050515926535155, 21.346018207068663 ], [ -158.05051609145184, 21.34601801380439 ], [ -158.050532023892657, 21.34599940089284 ], [ -158.050532154031004, 21.345999249232403 ], [ -158.050548133719815, 21.345980672432059 ], [ -158.050548236490727, 21.345980553188493 ], [ -158.050564253783449, 21.345962004373757 ], [ -158.050564318347995, 21.345961929695189 ], [ -158.050580358780707, 21.345943398935354 ], [ -158.050596446974765, 21.345924837433074 ], [ -158.051558443308181, 21.344815120020087 ], [ -158.051572804167364, 21.344798555786646 ], [ -158.051587189892103, 21.344781976080426 ], [ -158.051601610488575, 21.34476538262135 ], [ -158.051601674976183, 21.344765308506162 ], [ -158.051616074067425, 21.344748779586084 ], [ -158.05161615827862, 21.344748683070048 ], [ -158.051630584366819, 21.344732174913386 ], [ -158.051630690225522, 21.34473205401391 ], [ -158.051645150061688, 21.344715572037749 ], [ -158.051645279521153, 21.344715424826486 ], [ -158.051659780819222, 21.344698974447432 ], [ -158.051659930461398, 21.34469880515902 ], [ -158.051674479008426, 21.344682391794276 ], [ -158.05167491595455, 21.344681902757809 ], [ -158.051735271034175, 21.34461488843866 ], [ -158.051735713086941, 21.344614401510441 ], [ -158.051750535483535, 21.344598203913648 ], [ -158.051750689723463, 21.344598035827989 ], [ -158.051765558404043, 21.344581877052111 ], [ -158.051765689645919, 21.344581734756133 ], [ -158.05178059882445, 21.344565607577668 ], [ -158.051780707953611, 21.344565489761894 ], [ -158.051795649917068, 21.344549389667122 ], [ -158.051795738848313, 21.344549293993857 ], [ -158.051810707808727, 21.34453321556569 ], [ -158.051810772792834, 21.344533145845297 ], [ -158.051825761037236, 21.344517083666929 ], [ -158.051840810144682, 21.344500982634713 ], [ -158.051855839119838, 21.344484914793746 ], [ -158.052150425288772, 21.344170015567951 ], [ -158.052155690808064, 21.344164385780779 ], [ -158.052161608337229, 21.344158652661203 ], [ -158.052168097189934, 21.344153490542865 ], [ -158.052175094875025, 21.344148949139729 ], [ -158.052182534000991, 21.344145072187928 ], [ -158.052190342925087, 21.344141897024564 ], [ -158.052198446443157, 21.344139454228152 ], [ -158.052206766513962, 21.344137767324106 ], [ -158.052215223010847, 21.344136852558215 ], [ -158.052223734493253, 21.344136718740142 ], [ -158.052232218991065, 21.344137367158627 ], [ -158.052240594794085, 21.344138791569037 ], [ -158.052248781238859, 21.344140978253549 ], [ -158.052256699485554, 21.344143906153221 ], [ -158.052264273277274, 21.344147547070801 ], [ -158.052271429674335, 21.344151865942326 ], [ -158.052278099756762, 21.344156821174753 ], [ -158.052284219288055, 21.344162365046536 ], [ -158.052289729333836, 21.34416844416722 ], [ -158.052294576829297, 21.344174999991626 ], [ -158.052298715090359, 21.344181969383627 ], [ -158.052302104263305, 21.344189285224235 ], [ -158.052304711708388, 21.344196877057943 ], [ -158.052306512314402, 21.344204671771301 ], [ -158.052307488740411, 21.34421259429698 ], [ -158.052307631582835, 21.344220568336752 ], [ -158.052306939465751, 21.344228517096262 ], [ -158.052305419054619, 21.344236364024617 ], [ -158.052303084991621, 21.344244033551583 ], [ -158.052299959754976, 21.344251451815389 ], [ -158.052296073442307, 21.344258547374078 ], [ -158.052291463480827, 21.344265251893482 ], [ -158.052286174266953, 21.344271500805377 ], [ -158.052280905805787, 21.344277133743656 ], [ -158.051986317746639, 21.344592035311145 ], [ -158.05197132179066, 21.34460806785896 ], [ -158.051956352543527, 21.344624083424506 ], [ -158.051941420007608, 21.344640085919142 ], [ -158.051926528028019, 21.344656081677186 ], [ -158.051911685120331, 21.344672075054998 ], [ -158.05189689615986, 21.344688072210783 ], [ -158.051882170259631, 21.34470407583451 ], [ -158.051867646914275, 21.344719946651157 ], [ -158.051807731359219, 21.344786473022264 ], [ -158.051793475210332, 21.344802556527142 ], [ -158.051779113439181, 21.344818848643719 ], [ -158.051764771238396, 21.344835196551895 ], [ -158.05175044016886, 21.344851595994431 ], [ -158.051736115417128, 21.344868039597511 ], [ -158.051721791133758, 21.34488452221078 ], [ -158.051707458780072, 21.344901040415071 ], [ -158.051693113431924, 21.344917586775981 ], [ -158.050731125663873, 21.346027295555757 ], [ -158.050715092499843, 21.346045793562165 ], [ -158.050699101988045, 21.34606426667148 ], [ -158.050683168406948, 21.346082718564876 ], [ -158.050667305217132, 21.34610115995314 ], [ -158.050651520371559, 21.346119600459101 ], [ -158.050635830071627, 21.346138045291138 ], [ -158.05062024563307, 21.346156504093287 ], [ -158.050604777481112, 21.346174987439042 ], [ -158.050589876099707, 21.346192972401596 ], [ -158.050484306171882, 21.346326352731484 ], [ -158.05038473879705, 21.346462902539521 ], [ -158.050290892257294, 21.346602963841825 ], [ -158.050202906403655, 21.346746325829685 ], [ -158.050120914823509, 21.346892771787669 ], [ -158.050045040294123, 21.347042083891051 ], [ -158.049975396092663, 21.347194038281089 ], [ -158.049912086491219, 21.34734840481304 ], [ -158.04985520782364, 21.347504954138959 ], [ -158.04980463704004, 21.347664100733375 ], [ -158.049798218097976, 21.347686057469446 ], [ -158.049791714194129, 21.347708739963437 ], [ -158.049785299264073, 21.347731497108679 ], [ -158.049778960694823, 21.347754322584827 ], [ -158.049772682993705, 21.34777721502714 ], [ -158.049766451554461, 21.347800169496963 ], [ -158.049760252137673, 21.347823182828911 ], [ -158.049754069749127, 21.347846249837843 ], [ -158.049747891020473, 21.347869365177754 ], [ -158.049445063934201, 21.34900270414364 ], [ -158.04943578563126, 21.349037436052296 ], [ -158.049426524952025, 21.3490721470355 ], [ -158.04941729399269, 21.349106839490375 ], [ -158.049408103813363, 21.349141516893255 ], [ -158.049398965640563, 21.349176178380613 ], [ -158.049389892787133, 21.349210828672017 ], [ -158.049380894849691, 21.349245472012985 ], [ -158.049371983157243, 21.349280107699883 ], [ -158.049363171008793, 21.34931473839487 ], [ -158.049354572375336, 21.349348954610168 ], [ -158.049290817565094, 21.349619045596611 ], [ -158.049234138813034, 21.349890078261232 ], [ -158.04918446942159, 21.350162316065845 ], [ -158.04914183811124, 21.350435598418041 ], [ -158.049106269754873, 21.350709766624885 ], [ -158.049077784482108, 21.350984658903347 ], [ -158.049056401390089, 21.351260116833505 ], [ -158.049042130035218, 21.351535978150558 ], [ -158.049034980952001, 21.351812081961992 ], [ -158.049034957941444, 21.352088267153409 ], [ -158.049042061000051, 21.352364372471012 ], [ -158.049056284362194, 21.352640236132711 ], [ -158.049077622258267, 21.352915696628195 ], [ -158.049106061306503, 21.353190593877137 ], [ -158.049141584244978, 21.353464767127608 ], [ -158.04918417094251, 21.353738055768282 ], [ -158.049233796498299, 21.35401030021341 ], [ -158.049290432167993, 21.354281340799854 ], [ -158.049354045424792, 21.354551020768181 ], [ -158.049424597966663, 21.354819181389541 ], [ -158.049502048590654, 21.355085665634121 ], [ -158.049586352209758, 21.355350319016704 ], [ -158.049677461057172, 21.35561298497915 ], [ -158.04977531953125, 21.355873512687545 ], [ -158.049880037275869, 21.356132152636633 ], [ -158.049892496743922, 21.356161716731258 ], [ -158.049905216637654, 21.356191645766639 ], [ -158.049918027696293, 21.356221535905163 ], [ -158.049930932680894, 21.356251386963002 ], [ -158.049943932154918, 21.35628119761105 ], [ -158.049957027338593, 21.35631096721621 ], [ -158.049970219584083, 21.356340692798454 ], [ -158.04998351216426, 21.356370375697463 ], [ -158.049996904634298, 21.356400015865621 ], [ -158.050010399466771, 21.356429610705586 ], [ -158.050023996627573, 21.356459159317183 ], [ -158.05003769870342, 21.356488659378261 ], [ -158.050051507700289, 21.356518113218886 ], [ -158.050065423715893, 21.356547518169123 ], [ -158.050079448174159, 21.35657687149881 ], [ -158.050093584261703, 21.356606175050747 ], [ -158.050107649100653, 21.356635053378927 ], [ -158.05020319825644, 21.356824268992714 ], [ -158.050303357385815, 21.357010920872309 ], [ -158.050408256864671, 21.357195273364866 ], [ -158.050517836476359, 21.357377221755783 ], [ -158.050632260357247, 21.357557017472462 ], [ -158.050649338525318, 21.35758303516759 ], [ -158.05066675116359, 21.357609366470584 ], [ -158.050684260887067, 21.357635664173454 ], [ -158.05070186075244, 21.357661931279139 ], [ -158.050719543585586, 21.357688170479516 ], [ -158.050737305216813, 21.357714387525785 ], [ -158.050755136535827, 21.35774058602485 ], [ -158.050773031884574, 21.357766768163913 ], [ -158.050790984785607, 21.357792939169208 ], [ -158.050808988732769, 21.357819102841777 ], [ -158.050827035741435, 21.357845262660483 ], [ -158.050845120647807, 21.357871421233298 ], [ -158.050863236900199, 21.357897585560583 ], [ -158.050881376485592, 21.357923756881878 ], [ -158.050899534350549, 21.357949938925366 ], [ -158.051531781137072, 21.35886154025042 ], [ -158.051542733904256, 21.358877333967843 ], [ -158.051553692788644, 21.358893146168576 ], [ -158.051564655227935, 21.358908982855272 ], [ -158.051575617594381, 21.358924849434814 ], [ -158.051575669583372, 21.358924924773422 ], [ -158.051586572854347, 21.358940744127526 ], [ -158.051586640447368, 21.358940842351871 ], [ -158.051597518658383, 21.35895667526059 ], [ -158.051597597848541, 21.358956790733568 ], [ -158.051608448107572, 21.358972641713674 ], [ -158.051608540817085, 21.358972777447551 ], [ -158.051619357340172, 21.358988648307065 ], [ -158.051619462083323, 21.358988802375993 ], [ -158.051630241016454, 21.359004696728821 ], [ -158.051630359726659, 21.359004872271452 ], [ -158.051641094318853, 21.359020791022786 ], [ -158.05164122407237, 21.359020984038789 ], [ -158.051651911433623, 21.359036931705628 ], [ -158.051652055299002, 21.359037147128479 ], [ -158.051662689646292, 21.359053126421934 ], [ -158.051662846262701, 21.359053362654858 ], [ -158.051673421811074, 21.359069375383122 ], [ -158.05167358541641, 21.359069624100528 ], [ -158.051684099273871, 21.359085672070801 ], [ -158.051684280483101, 21.359085949908863 ], [ -158.051694725902621, 21.359102037639147 ], [ -158.051694917324085, 21.359102333880603 ], [ -158.051705289485682, 21.359118463178817 ], [ -158.051705490892886, 21.359118777984413 ], [ -158.051715784975613, 21.359134950658234 ], [ -158.051715995372007, 21.359135282998235 ], [ -158.051726207521796, 21.359151501758475 ], [ -158.051726433872034, 21.359151863372055 ], [ -158.051736556374948, 21.359168130930716 ], [ -158.051736788205574, 21.359168505791438 ], [ -158.05174681816959, 21.359184823955623 ], [ -158.051747060605265, 21.359185220963589 ], [ -158.051756992248386, 21.359201591541499 ], [ -158.051757245933544, 21.359202012607987 ], [ -158.051767073469762, 21.359218438310911 ], [ -158.051768185013117, 21.359220356065261 ], [ -158.051839700144143, 21.359347792604598 ], [ -158.051841531876903, 21.359351254013689 ], [ -158.05190650067064, 21.359481729916208 ], [ -158.051908155012171, 21.359485269620567 ], [ -158.051966429837137, 21.359618491408501 ], [ -158.051967902502383, 21.35962210027191 ], [ -158.052019352111074, 21.359757765429517 ], [ -158.052020640017957, 21.359761435797182 ], [ -158.052065148587786, 21.359899239094112 ], [ -158.052066248998472, 21.359902963327507 ], [ -158.052103714200882, 21.360042592302989 ], [ -158.052104624191969, 21.360046360458707 ], [ -158.05213496297921, 21.360187499032556 ], [ -158.052135680880639, 21.360191304138574 ], [ -158.052158823702172, 21.360333635322462 ], [ -158.052159347675939, 21.360337467812197 ], [ -158.052175242329923, 21.360480667385858 ], [ -158.052175571223728, 21.36048451842171 ], [ -158.052184182866455, 21.360628264868375 ], [ -158.052184316017446, 21.360632127114275 ], [ -158.052185623299152, 21.360776093492913 ], [ -158.052185560324006, 21.360779956827173 ], [ -158.05217956117994, 21.360923819802533 ], [ -158.052179302284685, 21.360927675579315 ], [ -158.052166011041066, 21.361071108197216 ], [ -158.052165556725015, 21.361074948706467 ], [ -158.052145002168089, 21.361217627620281 ], [ -158.052144353537273, 21.361221443285558 ], [ -158.052116582777273, 21.361363045141836 ], [ -158.052115741274775, 21.361366827602264 ], [ -158.052080816847024, 21.361507033557825 ], [ -158.052079784337394, 21.361510774392237 ], [ -158.052037785172104, 21.361649266500962 ], [ -158.052036563942579, 21.361652957328097 ], [ -158.051987584399143, 21.36178942305752 ], [ -158.051986177497554, 21.361793054762856 ], [ -158.051930329291253, 21.36192718609011 ], [ -158.051928739597486, 21.361930751308446 ], [ -158.051866148910818, 21.362062243818219 ], [ -158.051864379913184, 21.362065734597362 ], [ -158.051795187394617, 21.362194291094511 ], [ -158.051793243625497, 21.362197698538875 ], [ -158.051717606319414, 21.362323029951462 ], [ -158.051715491566227, 21.362326347449297 ], [ -158.051633580019285, 21.362448169216332 ], [ -158.051631299499121, 21.362451388552433 ], [ -158.051543299689968, 21.362569425139817 ], [ -158.051540858277036, 21.362572539448273 ], [ -158.051446967758295, 21.362686525252673 ], [ -158.051444370917068, 21.362689527512455 ], [ -158.051344802674521, 21.362799203248162 ], [ -158.051342056882675, 21.362802086016163 ], [ -158.051237036443212, 21.362907205037615 ], [ -158.051234146858945, 21.362909962878252 ], [ -158.051123910358399, 21.363010286665727 ], [ -158.051120884800952, 21.363012912123278 ], [ -158.051005682847347, 21.363108214796689 ], [ -158.051003916568305, 21.363109636906984 ], [ -158.05098849784298, 21.363121717922009 ], [ -158.050988102495808, 21.363122025827337 ], [ -158.050972607569349, 21.363134021062667 ], [ -158.05097223047062, 21.363134311321257 ], [ -158.050956664164005, 21.363146224387975 ], [ -158.05095629946166, 21.363146501959314 ], [ -158.050940663704978, 21.363158336469429 ], [ -158.050940321808469, 21.363158593911049 ], [ -158.050924623351648, 21.363170353475361 ], [ -158.050924296880908, 21.36317059682813 ], [ -158.050908537655033, 21.363182285961845 ], [ -158.050908230374887, 21.363182512827407 ], [ -158.050892415200849, 21.363194135141718 ], [ -158.050892123257995, 21.363194348744123 ], [ -158.050876255030886, 21.363205907850922 ], [ -158.050875982623694, 21.363206105472262 ], [ -158.050860066163494, 21.363217604982555 ], [ -158.050859814682298, 21.36321778598986 ], [ -158.050843852886004, 21.363229231322045 ], [ -158.050843619285445, 21.363229398237355 ], [ -158.050827616009059, 21.363240793002742 ], [ -158.050827400420388, 21.363240946011572 ], [ -158.050811359521987, 21.363252293821851 ], [ -158.050811164724507, 21.363252431225096 ], [ -158.050795090064042, 21.363263736594863 ], [ -158.050794914191272, 21.363263859960917 ], [ -158.050778808660738, 21.363275127405185 ], [ -158.050778651156719, 21.363275237335166 ], [ -158.05076251861513, 21.363286470465333 ], [ -158.050762377568816, 21.363286568468798 ], [ -158.050746220910185, 21.363297770896853 ], [ -158.050746106469859, 21.363297850109543 ], [ -158.050729929552176, 21.3633090281565 ], [ -158.050729828329764, 21.363309097993881 ], [ -158.050713635012073, 21.363320253464838 ], [ -158.050713556578302, 21.363320307433863 ], [ -158.050697348788617, 21.363331446650509 ], [ -158.050681073855174, 21.363342612463281 ], [ -158.05066480941008, 21.363353757604916 ], [ -158.050648562817173, 21.363364883991835 ], [ -158.042269071379479, 21.369102466590693 ], [ -158.042252253935914, 21.369113982193685 ], [ -158.042235451501909, 21.369125492199704 ], [ -158.042218670425825, 21.369136997175659 ], [ -158.042201909661543, 21.369148504300682 ], [ -158.042185173384468, 21.369160012901485 ], [ -158.042168466720881, 21.369171527449922 ], [ -158.042151788348434, 21.369183051930563 ], [ -158.042135143366409, 21.369194588578722 ], [ -158.042118531693717, 21.369206142733088 ], [ -158.042101957172122, 21.369217714779573 ], [ -158.042085424547281, 21.369229308025897 ], [ -158.042068935337824, 21.369240926447475 ], [ -158.042052488214438, 21.369252575360353 ], [ -158.042036091109736, 21.36926425330968 ], [ -158.042019745203049, 21.369275966041641 ], [ -158.042003450746876, 21.369287717083314 ], [ -158.041987211532529, 21.36929950850968 ], [ -158.041971033777401, 21.369311340881371 ], [ -158.041954916115486, 21.369323221068996 ], [ -158.041938862973581, 21.369335149333409 ], [ -158.041922877371547, 21.369347129805792 ], [ -158.041906959625038, 21.369359165980626 ], [ -158.041891114915927, 21.369371258564289 ], [ -158.041875348141446, 21.369383409302799 ], [ -158.041859659387768, 21.369395624354709 ], [ -158.041844050427301, 21.369407905229775 ], [ -158.041828527482522, 21.369420252561987 ], [ -158.041813705872755, 21.369432176846924 ], [ -158.041700817345998, 21.36952759009845 ], [ -158.041593012052118, 21.369626946375881 ], [ -158.04148988774449, 21.369730569810216 ], [ -158.041391635435332, 21.369838268180057 ], [ -158.041298439693662, 21.369949839385576 ], [ -158.041210474450224, 21.370065076347835 ], [ -158.041127904066855, 21.370183763433531 ], [ -158.041050881010136, 21.370305680171537 ], [ -158.040979550225529, 21.370430598109422 ], [ -158.040914044223285, 21.370558284736909 ], [ -158.040854485359489, 21.370688501012282 ], [ -158.040800697252024, 21.370821717103631 ], [ -158.040794235107739, 21.370838987753942 ], [ -158.040787607197643, 21.370857025416704 ], [ -158.040781077045551, 21.37087511201651 ], [ -158.040774641246145, 21.370893247097069 ], [ -158.040768296009873, 21.370911427705078 ], [ -158.040762038703321, 21.370929650171028 ], [ -158.040755865287053, 21.370947916723686 ], [ -158.040749770430921, 21.370966225096812 ], [ -158.040743751836857, 21.370984573264181 ], [ -158.040737805074968, 21.371002958060458 ], [ -158.040731927038166, 21.371021380735481 ], [ -158.040726112374614, 21.37103983885422 ], [ -158.040720359308779, 21.371058330640597 ], [ -158.04071466148477, 21.371076856800794 ], [ -158.040709016792192, 21.371095412168046 ], [ -158.040703421107878, 21.37111399944472 ], [ -158.040697869100001, 21.371132615881788 ], [ -158.040692358361412, 21.371151260248126 ], [ -158.040686883673374, 21.371169931619807 ], [ -158.040681441562384, 21.371188629057837 ], [ -158.040676027531362, 21.371207350894476 ], [ -158.040670638624363, 21.371226095812069 ], [ -158.040665269997362, 21.371244862360435 ], [ -158.040659917715374, 21.371263651928626 ], [ -158.040654576377761, 21.371282464048651 ], [ -158.040649242831023, 21.371301292994758 ], [ -158.040643914536645, 21.371320139188303 ], [ -158.040638585153602, 21.371339003766639 ], [ -158.040556312009755, 21.371630257913502 ], [ -158.040550979897631, 21.371649132974131 ], [ -158.040545639732983, 21.371668021067126 ], [ -158.040540285649172, 21.371686924946388 ], [ -158.040534913064363, 21.371705843672895 ], [ -158.040529522745629, 21.371724766738346 ], [ -158.040529499104423, 21.371724849556625 ], [ -158.040524104610682, 21.371743707296435 ], [ -158.040524076301807, 21.37174380600857 ], [ -158.040518656734093, 21.371762656528787 ], [ -158.040518623504084, 21.371762771773316 ], [ -158.040513174043326, 21.37178161597835 ], [ -158.040513136746341, 21.371781744533521 ], [ -158.040507654496622, 21.371800579714478 ], [ -158.040507611851638, 21.371800725692619 ], [ -158.040502091993858, 21.371819551850695 ], [ -158.040502044075851, 21.371819714618667 ], [ -158.040496482751053, 21.371838529045355 ], [ -158.04049642955971, 21.371838708198805 ], [ -158.040490821946861, 21.371857511798318 ], [ -158.040490763999401, 21.371857705186667 ], [ -158.040485107206564, 21.371876494347006 ], [ -158.040485042695849, 21.371876707507976 ], [ -158.040479330935966, 21.37189548313383 ], [ -158.04047926199658, 21.371895708516398 ], [ -158.040473492377714, 21.371914468801997 ], [ -158.040473417806481, 21.371914709874979 ], [ -158.040467586470498, 21.371933453015004 ], [ -158.040467503925498, 21.371933716671766 ], [ -158.040461605086534, 21.371952440861122 ], [ -158.040461519386469, 21.371952711163278 ], [ -158.040455551116452, 21.371971416402477 ], [ -158.040455457065633, 21.37197170916016 ], [ -158.040449413578585, 21.371990393644278 ], [ -158.040449313938836, 21.371990699527551 ], [ -158.040443192340689, 21.372009360547818 ], [ -158.040443086061401, 21.372009682154452 ], [ -158.040436881531235, 21.372028320615048 ], [ -158.040436768922973, 21.372028656331757 ], [ -158.040430478567771, 21.372047268620697 ], [ -158.04043035700721, 21.372047625441649 ], [ -158.040423975040966, 21.372066210657326 ], [ -158.040423847401883, 21.372066579342334 ], [ -158.04041737093155, 21.372085135678866 ], [ -158.04041723581355, 21.372085519582644 ], [ -158.040410660981166, 21.372104045234721 ], [ -158.040410518542956, 21.372104443142113 ], [ -158.040403841491496, 21.372122937207536 ], [ -158.040403690659247, 21.37212335130533 ], [ -158.040396907531687, 21.372141811075299 ], [ -158.040396747179301, 21.372142243500679 ], [ -158.040389853153698, 21.372160667170203 ], [ -158.040389097080094, 21.37216260829344 ], [ -158.040331661910415, 21.372304439159247 ], [ -158.040330191084195, 21.372307837904355 ], [ -158.040265983284229, 21.372447096331122 ], [ -158.040264349980532, 21.372450429977292 ], [ -158.040193498663797, 21.372586833233317 ], [ -158.040191706997518, 21.372590093468961 ], [ -158.04011435863643, 21.372723364236791 ], [ -158.040112411011989, 21.372726546644991 ], [ -158.040028720763189, 21.37285641212058 ], [ -158.040026622598305, 21.372859507841579 ], [ -158.039936762975401, 21.372985705151134 ], [ -158.039934517133389, 21.372988709985844 ], [ -158.039838669336064, 21.373110980769077 ], [ -158.039836281331759, 21.37311388725848 ], [ -158.039734641988701, 21.37323198218299 ], [ -158.03973211669836, 21.373234784488101 ], [ -158.039624892088511, 21.373348465057063 ], [ -158.039622233875775, 21.37335115830415 ], [ -158.03950964281384, 21.373460190533532 ], [ -158.039506857794493, 21.373462768485453 ], [ -158.039389128746564, 21.373566931936828 ], [ -158.039386222684755, 21.373569389321439 ], [ -158.039263596654706, 21.373668471681967 ], [ -158.039260574458524, 21.373670804303277 ], [ -158.039133299206469, 21.37376460319372 ], [ -158.039130168660449, 21.373766805062626 ], [ -158.038998506413549, 21.373855129842045 ], [ -158.038995271886137, 21.373857197872582 ], [ -158.038859487772527, 21.373939867834753 ], [ -158.038856157939591, 21.373941796469389 ], [ -158.038716530589539, 21.374018644452882 ], [ -158.038713110719783, 21.374020430684261 ], [ -158.038569923590586, 21.374091299462467 ], [ -158.038566421376515, 21.37409293924631 ], [ -158.03841996564563, 21.374157685138734 ], [ -158.038416387872616, 21.374159175304506 ], [ -158.038266963400446, 21.374217665468059 ], [ -158.03826331753902, 21.374219002897561 ], [ -158.038111227082993, 21.374271118939589 ], [ -158.038107520389133, 21.374272300966112 ], [ -158.037953074427804, 21.37431793623486 ], [ -158.037949314576991, 21.374318960402867 ], [ -158.037792828412989, 21.374358021794126 ], [ -158.037789023342327, 21.374358885961552 ], [ -158.037630814211184, 21.374391294822104 ], [ -158.037626970997223, 21.374391997375014 ], [ -158.037467361927639, 21.374417686793279 ], [ -158.037463489199183, 21.374418226155619 ], [ -158.03730280514884, 21.374437144574252 ], [ -158.037300614665781, 21.374437376037516 ], [ -158.037279875169645, 21.374439317950774 ], [ -158.03727938939852, 21.374439362143061 ], [ -158.037258638303285, 21.374441194772348 ], [ -158.037258168936773, 21.374441235019891 ], [ -158.037237408170569, 21.374442961977529 ], [ -158.037236962479881, 21.374442997967265 ], [ -158.037216192046657, 21.374444624672247 ], [ -158.037215762463688, 21.374444657310253 ], [ -158.037194983327424, 21.374446187375181 ], [ -158.037194569862265, 21.374446216889528 ], [ -158.037173782987963, 21.374447653926822 ], [ -158.037173389916433, 21.374447680260065 ], [ -158.03715259723316, 21.374449028785001 ], [ -158.037152219742552, 21.374449052492917 ], [ -158.037131420288205, 21.374450316118608 ], [ -158.037131059201982, 21.37445033734755 ], [ -158.037110254905656, 21.374451519686204 ], [ -158.037109913493339, 21.374451538456629 ], [ -158.037089103391992, 21.374452644024341 ], [ -158.037088778582785, 21.374452660708187 ], [ -158.037067965569406, 21.374453693116859 ], [ -158.037067664291015, 21.374453707569529 ], [ -158.037046846439637, 21.37445467223877 ], [ -158.037046557527901, 21.374454685174364 ], [ -158.037025736766481, 21.374455584813163 ], [ -158.037025463829139, 21.374455596203088 ], [ -158.037004640159722, 21.374456434424253 ], [ -158.037004391232301, 21.374456444109018 ], [ -158.036983564655884, 21.374457226331561 ], [ -158.036983327884627, 21.374457234921103 ], [ -158.036962499366183, 21.374457963854212 ], [ -158.036962286621474, 21.374457971054802 ], [ -158.036941456162054, 21.374458652117692 ], [ -158.036941259569545, 21.37445865833639 ], [ -158.036920428134124, 21.374459295141346 ], [ -158.036920243426607, 21.374459300603302 ], [ -158.036899410053167, 21.374459895860138 ], [ -158.036899253531573, 21.374459900199888 ], [ -158.036878419184148, 21.374460460230704 ], [ -158.03687827067381, 21.374460464103482 ], [ -158.03685743535334, 21.374460990714386 ], [ -158.036857310905219, 21.374460993776108 ], [ -158.036836474613779, 21.374461492386391 ], [ -158.036836370316763, 21.374461494823432 ], [ -158.036815534019269, 21.374461969948602 ], [ -158.036815437645089, 21.374461972096018 ], [ -158.036794600378613, 21.374462425542685 ], [ -158.036773693852808, 21.374462865093928 ], [ -158.036752803460615, 21.374463292522229 ], [ -158.036731926148263, 21.374463710644726 ], [ -158.036711070725119, 21.374464124665138 ], [ -158.032037166792321, 21.374556694472119 ], [ -158.032004082386266, 21.374557349924828 ], [ -158.031971018527031, 21.374558013084435 ], [ -158.031937974906441, 21.374558691160978 ], [ -158.03190495248927, 21.374559391344963 ], [ -158.031871952510897, 21.37456012078626 ], [ -158.031838974970412, 21.374560887546288 ], [ -158.031806019864206, 21.374561698771302 ], [ -158.031773087262394, 21.374562562490411 ], [ -158.031740177791278, 21.37456348585599 ], [ -158.031707290410964, 21.374564475978417 ], [ -158.031674427759668, 21.374565539867138 ], [ -158.031641589243179, 21.374566686470782 ], [ -158.031608774761452, 21.374567921065886 ], [ -158.031575988197773, 21.37456925234018 ], [ -158.031543226360469, 21.37457068842544 ], [ -158.031511027439848, 21.374572209102666 ], [ -158.031268965161985, 21.374587354627874 ], [ -158.031028006256093, 21.374608972058169 ], [ -158.03078781234791, 21.374637078133354 ], [ -158.030548581721149, 21.374671649595534 ], [ -158.030310512669672, 21.374712657838288 ], [ -158.030073801950721, 21.374760067940162 ], [ -158.029838647256355, 21.374813841393127 ], [ -158.029605242914613, 21.374873933547555 ], [ -158.029373780807958, 21.374940294300821 ], [ -158.029144455931856, 21.375012868100111 ], [ -158.028917455057183, 21.375091596888446 ], [ -158.028692968707787, 21.375176413715902 ], [ -158.028471181584905, 21.375267247738371 ], [ -158.028252278573518, 21.375364025720497 ], [ -158.028035956036689, 21.37546689555171 ], [ -158.02800745221785, 21.375481001795723 ], [ -158.027978509961002, 21.375495453121651 ], [ -158.027949602297355, 21.375510005225319 ], [ -158.027920724505151, 21.375524653751388 ], [ -158.027891873330958, 21.375539390074479 ], [ -158.027863047394561, 21.375554207688719 ], [ -158.027834240530751, 21.375569101626816 ], [ -158.027805450352872, 21.375584063663787 ], [ -158.027776672109582, 21.37559908848284 ], [ -158.02774790392067, 21.375614167554811 ], [ -158.027719141012057, 21.375629296437069 ], [ -158.027690378609151, 21.375644468087188 ], [ -158.02766161426203, 21.375659675006915 ], [ -158.027632842347657, 21.375674912767369 ], [ -158.027604060405451, 21.375690172151842 ], [ -158.02757526640579, 21.375705447187766 ], [ -158.025073817260079, 21.37703253471534 ], [ -158.025073582783591, 21.377032658659068 ], [ -158.024755732619752, 21.377200064553243 ], [ -158.02475526268185, 21.37720031026657 ], [ -158.024436310293794, 21.37736586511604 ], [ -158.024436074686434, 21.377365986962609 ], [ -158.020728887564132, 21.379276108567598 ], [ -158.020728573833111, 21.379276269423499 ], [ -158.020473034956552, 21.379406648377277 ], [ -158.020472405194909, 21.379406966541517 ], [ -158.020215725814069, 21.379535367294441 ], [ -158.02021540989233, 21.379535524546899 ], [ -158.01784174271063, 21.380711138246181 ], [ -158.01781249288058, 21.380725622865267 ], [ -158.017783230891666, 21.380740107547819 ], [ -158.017753944154379, 21.380754589858142 ], [ -158.01772462970348, 21.380769063432687 ], [ -158.017695292712745, 21.380783520691551 ], [ -158.017695211589455, 21.380783560617779 ], [ -158.017665918229937, 21.380797959359853 ], [ -158.017665827041071, 21.380798004117825 ], [ -158.017636515349523, 21.380812370342486 ], [ -158.017636404052553, 21.38081242479522 ], [ -158.017607070171948, 21.380826751277564 ], [ -158.017606291621348, 21.380827126848324 ], [ -158.017269535433968, 21.38098756786626 ], [ -158.017268087702405, 21.380988241781253 ], [ -158.016928198081558, 21.381142777497352 ], [ -158.016926737677778, 21.38114342581839 ], [ -158.016583833256618, 21.381292004721431 ], [ -158.016582359552956, 21.381292627721788 ], [ -158.016236557999633, 21.381435195591688 ], [ -158.016235072720463, 21.38143579253936 ], [ -158.015886494603222, 21.381572302382168 ], [ -158.015884997531543, 21.381572873376435 ], [ -158.015533765345594, 21.38170327639228 ], [ -158.01553225700701, 21.381703821222253 ], [ -158.015178490355481, 21.381828072225403 ], [ -158.015176971707206, 21.381828590548309 ], [ -158.01482079502037, 21.381946647062684 ], [ -158.014819266180069, 21.38194713884204 ], [ -158.014460802921036, 21.38205895929595 ], [ -158.014459264486788, 21.382059424332965 ], [ -158.014098638123897, 21.382164969865197 ], [ -158.014097090688438, 21.382165407978064 ], [ -158.013734427582847, 21.382264641534348 ], [ -158.013732872101883, 21.382265052463431 ], [ -158.013368297651851, 21.382357941506672 ], [ -158.013366733776451, 21.38235832534173 ], [ -158.013000374345268, 21.382444835529149 ], [ -158.012998803160315, 21.382445191991778 ], [ -158.0126307860792, 21.382525293497494 ], [ -158.012629931439506, 21.382525475258923 ], [ -158.012597633746395, 21.382532183737052 ], [ -158.012597514551032, 21.382532208412446 ], [ -158.012565206244858, 21.382538874435948 ], [ -158.012565100141217, 21.382538896262599 ], [ -158.012532783151045, 21.382545524347389 ], [ -158.012500376051577, 21.382552139676761 ], [ -158.012467971842653, 21.382558726767996 ], [ -158.012435590974377, 21.382565291314723 ], [ -158.012403217798123, 21.38257184084852 ], [ -158.012370862132258, 21.382578380306278 ], [ -158.011874014690221, 21.38267877879013 ], [ -158.0118459961528, 21.382684441567047 ], [ -158.011817995922002, 21.382690106247253 ], [ -158.011790014512655, 21.382695779421912 ], [ -158.011762052224384, 21.382701464621146 ], [ -158.011734116119072, 21.382707167278799 ], [ -158.011706203404628, 21.382712894234036 ], [ -158.011678315566996, 21.382718650235169 ], [ -158.011650795992011, 21.382724369274985 ], [ -158.011352055454978, 21.38278931753819 ], [ -158.01132465989474, 21.382795538215706 ], [ -158.011296914120209, 21.382801877254646 ], [ -158.011269162137012, 21.382808252303519 ], [ -158.011241399021173, 21.382814658469375 ], [ -158.011213625527944, 21.382821089983928 ], [ -158.011185837332391, 21.382827542923167 ], [ -158.011158034097633, 21.382834010170363 ], [ -158.011130217334596, 21.382840486200497 ], [ -158.010710371209058, 21.382938249787532 ], [ -158.010674675118025, 21.382946559685401 ], [ -158.010638957412056, 21.382954864219023 ], [ -158.010603208209403, 21.38296315483387 ], [ -158.010567426631326, 21.382971421306326 ], [ -158.010567326434284, 21.382971444395157 ], [ -158.010531609238797, 21.382979653761737 ], [ -158.01053148434616, 21.382979682375616 ], [ -158.010495754607661, 21.382987842060967 ], [ -158.010495601795839, 21.382987876821574 ], [ -158.010459855655256, 21.382995975987896 ], [ -158.010459682904894, 21.382996014953395 ], [ -158.010423919398306, 21.383004045471989 ], [ -158.010423714874975, 21.383004091151303 ], [ -158.010387931108369, 21.383012040378055 ], [ -158.010387707694463, 21.383012089716313 ], [ -158.010351900773742, 21.383019950426025 ], [ -158.010351646502045, 21.383020005868552 ], [ -158.010315815464281, 21.383027765416809 ], [ -158.010315540059054, 21.383027824616082 ], [ -158.010279682008218, 21.383035474874607 ], [ -158.0102786428223, 21.383035690312557 ], [ -158.010067071780071, 21.383078278652988 ], [ -158.010065283483016, 21.383078620239758 ], [ -158.009852801733558, 21.38311703119625 ], [ -158.009851757010978, 21.383117213844706 ], [ -158.009815564198334, 21.383123326825576 ], [ -158.009815282141545, 21.383123374014836 ], [ -158.009779068103825, 21.383129374995846 ], [ -158.00977881536042, 21.383129416516702 ], [ -158.009742582026689, 21.38313531723897 ], [ -158.009742352400622, 21.38313535433689 ], [ -158.009706102664836, 21.383141163831805 ], [ -158.009705899851184, 21.383141196103598 ], [ -158.009669634679341, 21.38314692520937 ], [ -158.009669455404719, 21.383146953349971 ], [ -158.009633178652905, 21.383152611097913 ], [ -158.009633023672933, 21.383152635133662 ], [ -158.009596735342058, 21.383158231458768 ], [ -158.009596610216903, 21.38315825066741 ], [ -158.009560313201973, 21.38316379731069 ], [ -158.009560210934552, 21.383163812879733 ], [ -158.009523907163612, 21.383169318872699 ], [ -158.009487520066727, 21.383174805876067 ], [ -158.009451155528978, 21.383180268211223 ], [ -158.009414816927517, 21.38318571715784 ], [ -158.00906335365795, 21.383238398071285 ], [ -158.008686940930289, 21.383296777882183 ], [ -158.008311225939252, 21.383358971988663 ], [ -158.00718040981684, 21.383552077590572 ], [ -158.006667870391084, 21.383641802589022 ], [ -158.00615638946465, 21.383735751302915 ], [ -158.005645631095717, 21.383833985101464 ], [ -158.004903165000513, 21.383979999781694 ], [ -158.004902580526021, 21.383980112759925 ], [ -158.004426759129842, 21.384070491015848 ], [ -158.004426173726841, 21.384070600245202 ], [ -158.002725980250091, 21.384382136535049 ], [ -158.002693713628503, 21.384388049607168 ], [ -158.002661466633214, 21.384393967550004 ], [ -158.002629239669801, 21.384399895690599 ], [ -158.002597040019623, 21.384405840589977 ], [ -158.00256486671401, 21.384411810326089 ], [ -158.002532720163146, 21.384417812700221 ], [ -158.002500602066846, 21.384423852747769 ], [ -158.002468514355712, 21.384429939221715 ], [ -158.00243645939463, 21.384436077726676 ], [ -158.002404439357917, 21.384442275852223 ], [ -158.002372454916525, 21.384448541118569 ], [ -158.002340506753825, 21.384454879767937 ], [ -158.00230859823526, 21.384461298582004 ], [ -158.00227673124985, 21.384467804616872 ], [ -158.002244906470594, 21.384474405166763 ], [ -158.002213125778894, 21.384481106374 ], [ -158.002181919863887, 21.384487801804241 ], [ -158.00195199480288, 21.384540881509949 ], [ -158.001724335681075, 21.384600049716735 ], [ -158.00149860459922, 21.384665379342994 ], [ -158.00127499136002, 21.384736814120309 ], [ -158.001053684186331, 21.384814294096412 ], [ -158.00083487034874, 21.384897753930755 ], [ -158.000618734511477, 21.38498712497254 ], [ -158.000405456763986, 21.385082330481517 ], [ -158.000195216819719, 21.385183290783509 ], [ -157.999988193172754, 21.385289920051452 ], [ -157.999784559238776, 21.385402129938317 ], [ -157.999584486006398, 21.38551982471806 ], [ -157.999388143079955, 21.385642907124478 ], [ -157.999195693557311, 21.385771271761278 ], [ -157.999007301850298, 21.3859048111986 ], [ -157.998822700682268, 21.38604373244711 ], [ -157.998798078038675, 21.386062895473284 ], [ -157.998773101888702, 21.386082482371314 ], [ -157.998748184505217, 21.38610216472776 ], [ -157.998723319823114, 21.386121935203452 ], [ -157.998698506636231, 21.38614178890932 ], [ -157.998673735705012, 21.386161721757741 ], [ -157.998649004930172, 21.38618172634321 ], [ -157.998624309824635, 21.386201797931768 ], [ -157.998599643770604, 21.386221931838897 ], [ -157.998575002090121, 21.386242121116322 ], [ -157.998550382668498, 21.386262359828319 ], [ -157.998525777471372, 21.386282644631802 ], [ -157.998501181889253, 21.386302969923939 ], [ -157.998476591701774, 21.386323328176395 ], [ -157.998452002743164, 21.386343715288586 ], [ -157.998427407528851, 21.386364127192873 ], [ -157.998402802364353, 21.386384555963353 ], [ -157.997755228163356, 21.386922266382406 ], [ -157.997412783215907, 21.387210375438066 ], [ -157.997074386341097, 21.387502650586534 ], [ -157.996678298916862, 21.387849263384616 ], [ -157.996677845170097, 21.387849657623843 ], [ -157.996307589432632, 21.388169060834326 ], [ -157.996307132748314, 21.388169451984314 ], [ -157.99593171233488, 21.388488703409696 ], [ -157.995909190202724, 21.388507853810168 ], [ -157.995886640644869, 21.388527013730346 ], [ -157.99586405727652, 21.388546176416678 ], [ -157.99586399086607, 21.388546232709484 ], [ -157.995841429603331, 21.388565336927375 ], [ -157.995841340049395, 21.388565412653097 ], [ -157.995818749851566, 21.388584487965577 ], [ -157.995818639654914, 21.388584580856641 ], [ -157.995796015700051, 21.388603619135221 ], [ -157.995795882327059, 21.388603731137064 ], [ -157.995773215936111, 21.388622726059342 ], [ -157.995773058953546, 21.388622857293456 ], [ -157.995750343377523, 21.388641800730547 ], [ -157.995750167073425, 21.388641947355911 ], [ -157.995727396526348, 21.388660832985497 ], [ -157.995727194748639, 21.388660999815325 ], [ -157.995704362479415, 21.38867981860561 ], [ -157.995704136953691, 21.388680003841301 ], [ -157.995681234283381, 21.388698749469679 ], [ -157.995680985594362, 21.38869895224013 ], [ -157.995658007701905, 21.38871761567481 ], [ -157.995657109430852, 21.388718335299927 ], [ -157.99552594148804, 21.388821976138782 ], [ -157.995524381280404, 21.388823180062708 ], [ -157.99539067123527, 21.388923930579896 ], [ -157.995389082216661, 21.388925099623073 ], [ -157.995252902399102, 21.389022907430604 ], [ -157.99525195670779, 21.389023577090207 ], [ -157.995227570823857, 21.389040601170265 ], [ -157.995227308846381, 21.38904078334323 ], [ -157.995202854490401, 21.389057721616492 ], [ -157.995202612183789, 21.389057888841688 ], [ -157.995178095142592, 21.389074747630428 ], [ -157.995177880661572, 21.389074894642221 ], [ -157.99515330864935, 21.38909168297846 ], [ -157.995153114156778, 21.389091815475204 ], [ -157.995128492959452, 21.389108539681221 ], [ -157.995128324000461, 21.389108654158463 ], [ -157.995103659405032, 21.389125323266082 ], [ -157.995103513802434, 21.389125421454636 ], [ -157.995078812556898, 21.389142042689446 ], [ -157.995078692227736, 21.389142123512098 ], [ -157.995053961083187, 21.389158705002814 ], [ -157.995053863515523, 21.389158770323515 ], [ -157.995029107293959, 21.389175320198817 ], [ -157.995029033337801, 21.389175369584823 ], [ -157.995004258788185, 21.389191895070212 ], [ -157.994979426023036, 21.389208436286264 ], [ -157.994954605768015, 21.38922495560341 ], [ -157.99465274615892, 21.389425847662878 ], [ -157.994627966997541, 21.389442340427937 ], [ -157.994603217795543, 21.38945882494609 ], [ -157.994578504108546, 21.3894753106085 ], [ -157.99455383295296, 21.38949180321708 ], [ -157.994529209949206, 21.389508311402516 ], [ -157.994504642206948, 21.389524842633115 ], [ -157.994480135672831, 21.389541404730672 ], [ -157.994455695173315, 21.389558006891523 ], [ -157.994431327507357, 21.389574654500194 ], [ -157.994407038721448, 21.389591356996029 ], [ -157.994382836349814, 21.389608119591809 ], [ -157.994359057245191, 21.389624720693508 ], [ -157.994224134984819, 21.389721623535124 ], [ -157.994091984722672, 21.389821197107572 ], [ -157.993962026431063, 21.389923880219303 ], [ -157.993939619746328, 21.389942079143186 ], [ -157.993916954784453, 21.389960630408805 ], [ -157.993894333285766, 21.38997927498399 ], [ -157.993871752671112, 21.389998001571374 ], [ -157.993849204988948, 21.390016806052564 ], [ -157.993826681839039, 21.39003568028054 ], [ -157.993804179856369, 21.390054615245912 ], [ -157.993781689989731, 21.390073605957589 ], [ -157.993759205510145, 21.390092644449691 ], [ -157.993736720566261, 21.39011172286876 ], [ -157.993714226671926, 21.390130835644403 ], [ -157.993691719945673, 21.390149972184933 ], [ -157.992058861510003, 21.391538466609365 ], [ -157.992042309008923, 21.391552541130888 ], [ -157.992025741221852, 21.391566622570458 ], [ -157.992009160775666, 21.391580705239701 ], [ -157.991992555192098, 21.39159479291061 ], [ -157.991975926827621, 21.391608878208903 ], [ -157.991959277277545, 21.391622956390833 ], [ -157.991959202473851, 21.391623019567806 ], [ -157.99194259253926, 21.39163703146324 ], [ -157.99194250586396, 21.391637104482516 ], [ -157.991925875676344, 21.391651095602338 ], [ -157.99192578080752, 21.391651175298463 ], [ -157.991909129402814, 21.391665142933078 ], [ -157.991909020931899, 21.391665233767917 ], [ -157.991892343486199, 21.391679176110841 ], [ -157.991892220704699, 21.391679278560527 ], [ -157.991875515291923, 21.391693191095751 ], [ -157.991875382290971, 21.391693301632728 ], [ -157.991858646982166, 21.391707181650755 ], [ -157.99185849998176, 21.391707303293341 ], [ -157.991841730917884, 21.391721148084262 ], [ -157.991841573577062, 21.391721277671348 ], [ -157.991824768831123, 21.39173508452577 ], [ -157.991824597097008, 21.391735225249441 ], [ -157.991807753777039, 21.391748990554259 ], [ -157.991807571530757, 21.391749139078112 ], [ -157.991790687705702, 21.391762860123933 ], [ -157.991790489317424, 21.391763020857244 ], [ -157.99177356016628, 21.391776694934265 ], [ -157.991773350501347, 21.39177686374078 ], [ -157.99175637602616, 21.391790486333001 ], [ -157.991756154027144, 21.391790663889044 ], [ -157.991739130368813, 21.39180423319015 ], [ -157.991738893474803, 21.391804421331134 ], [ -157.991721817741364, 21.391817933728056 ], [ -157.991721571705312, 21.391818127690993 ], [ -157.991704442931848, 21.3918315804743 ], [ -157.991704177702047, 21.391831787942294 ], [ -157.991686992031475, 21.391845176595798 ], [ -157.991686720019658, 21.391845387633246 ], [ -157.991669475523992, 21.391858711253857 ], [ -157.991669183256079, 21.391858936068179 ], [ -157.991651878006309, 21.39187218833337 ], [ -157.991651579171929, 21.391872416144082 ], [ -157.991634210276061, 21.391885597053776 ], [ -157.991633888983898, 21.391885839692772 ], [ -157.991616453546897, 21.391898942924669 ], [ -157.991616126440107, 21.391899187542428 ], [ -157.99159862446399, 21.391912211290109 ], [ -157.991598281866374, 21.391912464912796 ], [ -157.991580709494116, 21.39192540646658 ], [ -157.991580348468347, 21.391925670909636 ], [ -157.991562702805993, 21.391938525753407 ], [ -157.99156116372265, 21.391939621421326 ], [ -157.991431653372587, 21.392029705220338 ], [ -157.991428882758385, 21.392031554569733 ], [ -157.991295701201608, 21.392116814241348 ], [ -157.991292856496585, 21.392118559748532 ], [ -157.991156210121289, 21.392198866141488 ], [ -157.991153293413788, 21.392200506530063 ], [ -157.991013389576068, 21.392275735009537 ], [ -157.991010407152316, 21.392277266709691 ], [ -157.990867463812492, 21.392347301673219 ], [ -157.990864418624597, 21.392348723152217 ], [ -157.990718652784977, 21.392413456223711 ], [ -157.990715551732535, 21.392414764282584 ], [ -157.990567189071442, 21.392474097925017 ], [ -157.990564034679124, 21.39247529152026 ], [ -157.9904133028069, 21.39252913271293 ], [ -157.99041010113001, 21.392530209506226 ], [ -157.990257231515073, 21.392578476067733 ], [ -157.990253987838088, 21.392579434334298 ], [ -157.99009921580577, 21.392622053115886 ], [ -157.990097354488654, 21.39262254461984 ], [ -157.990075772568332, 21.392628001204248 ], [ -157.990075330400856, 21.392628111827165 ], [ -157.990053717626438, 21.39263346183273 ], [ -157.990053295138267, 21.392633565350508 ], [ -157.990031654402827, 21.392638813293331 ], [ -157.990031246315027, 21.392638911266467 ], [ -157.990009578582487, 21.392644060759341 ], [ -157.99000918145498, 21.392644154206064 ], [ -157.989987487689376, 21.392649207958392 ], [ -157.989987113038495, 21.392649294408649 ], [ -157.989965395167786, 21.392654257839627 ], [ -157.989965028905999, 21.392654340756863 ], [ -157.989943288860303, 21.3926592156729 ], [ -157.989942939939169, 21.392659293200222 ], [ -157.989921177716411, 21.392664084117225 ], [ -157.989920845167518, 21.392664156680965 ], [ -157.989899063661738, 21.392668867211835 ], [ -157.989898749403068, 21.392668934598653 ], [ -157.989876949578161, 21.392673569259184 ], [ -157.989876650111256, 21.392673632404659 ], [ -157.989854832931343, 21.392678194807552 ], [ -157.989854543945086, 21.392678254755847 ], [ -157.989832709410138, 21.392682747610813 ], [ -157.989832436857085, 21.392682803263625 ], [ -157.98981058786012, 21.392687230183256 ], [ -157.989810336583986, 21.392687280730687 ], [ -157.989788473124008, 21.392691647134178 ], [ -157.989788233967431, 21.392691694566953 ], [ -157.989766357974361, 21.392696003163927 ], [ -157.989766136608807, 21.392696046481063 ], [ -157.989744248079745, 21.392700301787311 ], [ -157.98974404245277, 21.392700341519877 ], [ -157.989722143318687, 21.392704547148202 ], [ -157.989721949100897, 21.392704584230394 ], [ -157.989700040325801, 21.392708742890402 ], [ -157.989699867600422, 21.392708775505668 ], [ -157.989677949182294, 21.392712892616249 ], [ -157.989677784317763, 21.392712923428498 ], [ -157.989655857222601, 21.392717000796264 ], [ -157.989655718941719, 21.392717026400412 ], [ -157.989633785096572, 21.392721070347456 ], [ -157.989633657587774, 21.392721093763416 ], [ -157.989611716993579, 21.392725106999546 ], [ -157.989611601671299, 21.39272512801767 ], [ -157.989589656255106, 21.392729113252194 ], [ -157.989589561856064, 21.392729130344009 ], [ -157.989567610654831, 21.392733092996014 ], [ -157.989545578669834, 21.392737050704746 ], [ -157.989523556563228, 21.392740990530939 ], [ -157.98950154834958, 21.39274491574567 ], [ -157.989479552650124, 21.3927488302329 ], [ -157.989457574735297, 21.392752737759825 ], [ -157.988679422411224, 21.392891069323142 ], [ -157.988657579263247, 21.392894952460132 ], [ -157.988635751638128, 21.392898837516483 ], [ -157.98861393984231, 21.39290272713616 ], [ -157.988592147341848, 21.39290662536585 ], [ -157.98857037389854, 21.392910536174824 ], [ -157.988548619159587, 21.392914463202747 ], [ -157.988526886240834, 21.392918409627306 ], [ -157.988505175739249, 21.392922379968979 ], [ -157.988483484374512, 21.392926378379382 ], [ -157.988461817680701, 21.392930406838097 ], [ -157.98844017528026, 21.392934470739263 ], [ -157.988418555230538, 21.392938573258071 ], [ -157.988396962688824, 21.392942717297558 ], [ -157.988375399441423, 21.392946906908442 ], [ -157.988353861587029, 21.392951147612493 ], [ -157.988332348529553, 21.392955441056412 ], [ -157.988310869294196, 21.392959790383273 ], [ -157.988289422248016, 21.392964200467897 ], [ -157.988268004322038, 21.392968675607307 ], [ -157.988246618084816, 21.392973217841316 ], [ -157.988225268166588, 21.392977831127439 ], [ -157.988203952337983, 21.39298251938348 ], [ -157.988182672890446, 21.39298728595805 ], [ -157.988161430754616, 21.392992134280213 ], [ -157.988140229573645, 21.39299706735968 ], [ -157.988119068035161, 21.393002090010608 ], [ -157.988097946187338, 21.393007204967262 ], [ -157.988076868632874, 21.393012415196619 ], [ -157.988056569273539, 21.393017539067145 ], [ -157.987899630479347, 21.393060786527542 ], [ -157.987745405681778, 21.393109709787836 ], [ -157.987593417986801, 21.393164429260988 ], [ -157.987443915293341, 21.393224857565237 ], [ -157.987297142000557, 21.393290893982851 ], [ -157.987153339144385, 21.393362431417643 ], [ -157.987012739644371, 21.393439353313187 ], [ -157.986874933130736, 21.39352191803091 ], [ -157.986857486799437, 21.393532905844662 ], [ -157.986839461359295, 21.393544386486116 ], [ -157.986821484888083, 21.39355596012285 ], [ -157.986803555250077, 21.393567624155285 ], [ -157.986785670079399, 21.39357937490745 ], [ -157.986767828083629, 21.393591209488779 ], [ -157.986750027539244, 21.393603124137691 ], [ -157.986732266035489, 21.393615116055585 ], [ -157.986714541410635, 21.39362718201496 ], [ -157.986696853403117, 21.393639317480904 ], [ -157.986679196773224, 21.393651522446788 ], [ -157.986661570602678, 21.393663791024593 ], [ -157.986643974573468, 21.393676120443622 ], [ -157.986626404674155, 21.393688508055522 ], [ -157.98660885785614, 21.393700952100172 ], [ -157.98659133251391, 21.39371344732481 ], [ -157.986573828884019, 21.3937259904984 ], [ -157.986556341825434, 21.393738580442417 ], [ -157.986538869051742, 21.393751213242794 ], [ -157.986521408319334, 21.393763886034204 ], [ -157.986503958503704, 21.393776595216451 ], [ -157.98648651424142, 21.393789339275322 ], [ -157.986469075672687, 21.393802112468109 ], [ -157.986451640897172, 21.39381491302434 ], [ -157.986434206803352, 21.393827737552222 ], [ -157.98641676946005, 21.393840585569251 ], [ -157.986399325482438, 21.393853451550864 ], [ -157.986381874531986, 21.393866333441007 ], [ -157.986364414467431, 21.393879225994795 ], [ -157.982887240086825, 21.396446988270494 ], [ -157.982874166818675, 21.396456640736872 ], [ -157.982861078969478, 21.396466298927269 ], [ -157.98284795009539, 21.396475972631887 ], [ -157.982834800445545, 21.396485643627678 ], [ -157.982834712653045, 21.396485708109555 ], [ -157.982821612201349, 21.396495317401182 ], [ -157.982821499609315, 21.396495399848362 ], [ -157.982808381797582, 21.396504989267385 ], [ -157.98280825166961, 21.396505084207607 ], [ -157.982795114572838, 21.396514650141125 ], [ -157.98279495878316, 21.396514763315494 ], [ -157.982781798541367, 21.396524301247418 ], [ -157.98278162255977, 21.396524428453496 ], [ -157.982768436281873, 21.396533934770606 ], [ -157.982768239985489, 21.39653407586858 ], [ -157.982755024777589, 21.3965435469581 ], [ -157.982754796823826, 21.396543709769784 ], [ -157.982741547865828, 21.396553140212099 ], [ -157.982741307324062, 21.396553310809612 ], [ -157.982728023651049, 21.39656269789511 ], [ -157.982727753486841, 21.396562888038186 ], [ -157.982714431241732, 21.396572226347473 ], [ -157.98271414333135, 21.396572427290987 ], [ -157.982700779622178, 21.396581714114188 ], [ -157.982700464059832, 21.396581932373373 ], [ -157.98268705599358, 21.396591162291159 ], [ -157.982686719045404, 21.396591393074313 ], [ -157.982673263730078, 21.396600562473783 ], [ -157.982672899504081, 21.396600809334 ], [ -157.982659393080638, 21.396609913698764 ], [ -157.982659008474116, 21.396610171465866 ], [ -157.982645449980566, 21.396619206280022 ], [ -157.98264503855583, 21.396619478754651 ], [ -157.982631423170204, 21.396628440404996 ], [ -157.982630989778926, 21.396628723820342 ], [ -157.982617317501166, 21.396637606887886 ], [ -157.982616856801371, 21.396637904155245 ], [ -157.982603122811497, 21.396646705026757 ], [ -157.982602637079196, 21.396647014034126 ], [ -157.982588840411239, 21.39665572729044 ], [ -157.982586568196041, 21.396657114421913 ], [ -157.982475970625416, 21.396722347908302 ], [ -157.982471819584674, 21.396724647953832 ], [ -157.982357523199767, 21.396784025723719 ], [ -157.982353241358055, 21.396786106569376 ], [ -157.982235598196326, 21.396839444405767 ], [ -157.9822312009006, 21.396841298652792 ], [ -157.982110574568594, 21.396888434016546 ], [ -157.982106072703743, 21.396890057080821 ], [ -157.981982836452971, 21.396930841885599 ], [ -157.98197824615653, 21.396932227907836 ], [ -157.98185278095383, 21.396966537551563 ], [ -157.981848115759362, 21.396967682543888 ], [ -157.981720809319256, 21.39699541139268 ], [ -157.981716082497712, 21.396996312043274 ], [ -157.981587326391121, 21.397017373431652 ], [ -157.981582553765207, 21.39701802667879 ], [ -157.981452748243868, 21.397032355619231 ], [ -157.981447944747714, 21.397032759485711 ], [ -157.981317489092447, 21.397040312667993 ], [ -157.98131266838314, 21.397040465993143 ], [ -157.981181965734947, 21.397041219075465 ], [ -157.981177143796316, 21.397041121331199 ], [ -157.981046598255006, 21.397035072552104 ], [ -157.981041789110435, 21.397034724019996 ], [ -157.980911804773967, 21.397021891489388 ], [ -157.980907023931195, 21.397021293273003 ], [ -157.980778001037379, 21.397001716777321 ], [ -157.980773263562924, 21.397000870816861 ], [ -157.980645602343685, 21.396974611820294 ], [ -157.980642960050432, 21.396974027596666 ], [ -157.98062682622907, 21.396970209840671 ], [ -157.980626257895182, 21.396970073439647 ], [ -157.980610152054908, 21.396966153627005 ], [ -157.980609614160443, 21.39696602099017 ], [ -157.980593535337164, 21.396962004539873 ], [ -157.980593023067485, 21.39696187500375 ], [ -157.98057697029634, 21.396957766431505 ], [ -157.980576485613682, 21.396957640966505 ], [ -157.980560459857571, 21.396953445691516 ], [ -157.980560004454333, 21.396953325219819 ], [ -157.980544001856259, 21.396949047757484 ], [ -157.980543567743638, 21.396948930574656 ], [ -157.980527590229627, 21.396944575440983 ], [ -157.980527193196082, 21.396944466255679 ], [ -157.980511237874083, 21.396940039772577 ], [ -157.980510861249428, 21.396939934416103 ], [ -157.980494927154439, 21.39693544019616 ], [ -157.980494580066164, 21.396935341558269 ], [ -157.980478666233267, 21.396930785020498 ], [ -157.9804783499645, 21.396930693846745 ], [ -157.980462454462668, 21.396926080409749 ], [ -157.980462156895754, 21.396925993496417 ], [ -157.980446279725896, 21.396921326773082 ], [ -157.980446017358958, 21.396921249228342 ], [ -157.980430156591154, 21.396916535540495 ], [ -157.980429912540643, 21.396916462639204 ], [ -157.980414065280854, 21.39691170469602 ], [ -157.980413856452486, 21.39691164172514 ], [ -157.980398023664719, 21.396906846752248 ], [ -157.980397834531402, 21.39690678924881 ], [ -157.980382012357666, 21.396901959955098 ], [ -157.980381856662774, 21.39690191228112 ], [ -157.980366044138066, 21.396897054988791 ], [ -157.980365911220417, 21.396897014047951 ], [ -157.980350108343714, 21.396892133272807 ], [ -157.980349999608251, 21.396892099614938 ], [ -157.98033420252159, 21.396887198969292 ], [ -157.980318334790127, 21.39688226132661 ], [ -157.98030249055688, 21.396877319803639 ], [ -157.980286673908893, 21.396872380835724 ], [ -157.978611756668499, 21.396349346168162 ], [ -157.978585988144516, 21.396341300083026 ], [ -157.978560243420304, 21.396333271643105 ], [ -157.978534521566132, 21.39632526924072 ], [ -157.978508820633891, 21.396317302119733 ], [ -157.978483134955582, 21.396309377735566 ], [ -157.978457465419893, 21.396301504945832 ], [ -157.978431807291145, 21.396293693224283 ], [ -157.978406156836598, 21.396285949340783 ], [ -157.978380513602076, 21.396278283423825 ], [ -157.978354872865793, 21.396270702786122 ], [ -157.978329232782784, 21.396263215847284 ], [ -157.978303590646306, 21.396255831687405 ], [ -157.97827857616727, 21.39624873662024 ], [ -157.978082086389776, 21.39619696794021 ], [ -157.977884421557832, 21.396151839732976 ], [ -157.977685186415783, 21.396113241635646 ], [ -157.977483970476413, 21.396081115107808 ], [ -157.977458124586974, 21.396077479864914 ], [ -157.97743157982768, 21.396073855690943 ], [ -157.977404988237168, 21.39607032434489 ], [ -157.9773783524588, 21.396066877352776 ], [ -157.977351675878509, 21.396063506165078 ], [ -157.977324959432053, 21.396060202898227 ], [ -157.977298201793445, 21.396056958355636 ], [ -157.97727140676713, 21.396053763044073 ], [ -157.97724457584664, 21.396050609174807 ], [ -157.977217707718239, 21.396047487476494 ], [ -157.977190806185973, 21.396044388456847 ], [ -157.977163873171719, 21.396041304851323 ], [ -157.977139827652991, 21.396038559375079 ], [ -157.976991338623918, 21.396021615267195 ], [ -157.976821654382547, 21.396002251476453 ], [ -157.976805429536711, 21.39600039999392 ], [ -157.97680312460983, 21.396000137155767 ], [ -157.976800206421984, 21.395999804385436 ], [ -157.976797288233541, 21.395999471614921 ], [ -157.976794798257714, 21.395999186814954 ], [ -157.976792907279076, 21.395998971027531 ], [ -157.976791452827797, 21.395998805171711 ], [ -157.976790934829495, 21.3959987459431 ], [ -157.976752514804417, 21.395994361669288 ], [ -157.976752170204321, 21.395994306158691 ], [ -157.976750503363974, 21.395994113967028 ], [ -157.976747600166675, 21.395993780099314 ], [ -157.976744657380834, 21.395993440883146 ], [ -157.976741736710125, 21.395993104101695 ], [ -157.976738791443978, 21.395992763576544 ], [ -157.976735874223948, 21.39599242628972 ], [ -157.976732942979311, 21.395992086478078 ], [ -157.976730039778801, 21.395991750811984 ], [ -157.97672708049754, 21.395991406846782 ], [ -157.976724177296887, 21.395991070281802 ], [ -157.976721203999006, 21.395990723766662 ], [ -157.976718285999738, 21.395990383566843 ], [ -157.976715370521873, 21.395990043773057 ], [ -157.976712425270307, 21.395989699601657 ], [ -157.976709505515487, 21.395989358292578 ], [ -157.976706563768204, 21.39598901361887 ], [ -157.976703615972554, 21.395988667211522 ], [ -157.9767006997115, 21.39598832450427 ], [ -157.976697757983203, 21.395987978010879 ], [ -157.976694838211642, 21.39598763398698 ], [ -157.976691879913773, 21.395987283608434 ], [ -157.976688977669653, 21.395986940750575 ], [ -157.976686005370539, 21.395986587792983 ], [ -157.976683089116648, 21.39598624147369 ], [ -157.976680142248199, 21.395985890495542 ], [ -157.976677201539559, 21.395985539453758 ], [ -157.976674282680563, 21.395985190901808 ], [ -157.976671341984087, 21.395984838950596 ], [ -157.976668382887453, 21.39598448286285 ], [ -157.976665482433191, 21.395984134826293 ], [ -157.976662507538663, 21.395983775915735 ], [ -157.976659564244557, 21.395983419890655 ], [ -157.976656646303894, 21.395983066811382 ], [ -157.97665370662483, 21.395982710311586 ], [ -157.976650735344407, 21.395982348152341 ], [ -157.976647820056996, 21.395981992800888 ], [ -157.976644874090567, 21.395981632683636 ], [ -157.976641931771582, 21.395981272099181 ], [ -157.976638989455637, 21.395980910603221 ], [ -157.976636047140602, 21.395980548195368 ], [ -157.976633104833127, 21.395980184876603 ], [ -157.976630162525311, 21.395979820645792 ], [ -157.976627204386176, 21.395979452634727 ], [ -157.976624303159923, 21.395979092466884 ], [ -157.976622865178513, 21.395978902471384 ], [ -157.976377100228945, 21.395944463579905 ], [ -157.976374546936199, 21.395944069248607 ], [ -157.976129987734851, 21.395902782328708 ], [ -157.976127447260495, 21.395902316695842 ], [ -157.975884311785848, 21.395854216104595 ], [ -157.975881787751035, 21.395853679816717 ], [ -157.975640293016511, 21.395798809847186 ], [ -157.97563778700453, 21.395798203253822 ], [ -157.975398146162576, 21.395736611812289 ], [ -157.975395660847113, 21.395735935564428 ], [ -157.975158088978162, 21.395667678687289 ], [ -157.975155625739632, 21.395666933146526 ], [ -157.974920333099135, 21.39559206957988 ], [ -157.974918988748357, 21.395591630289971 ], [ -157.974916222084005, 21.395590702320458 ], [ -157.97491343825746, 21.395589768012893 ], [ -157.974910620194464, 21.395588820066745 ], [ -157.974907862576657, 21.395587893007793 ], [ -157.974905037395018, 21.395586940827769 ], [ -157.974902279764166, 21.395586011962862 ], [ -157.974902195090152, 21.395585983395293 ], [ -157.974899447495289, 21.395585054895641 ], [ -157.974896698937499, 21.395584127292068 ], [ -157.974893874733596, 21.395583172003985 ], [ -157.974891081226389, 21.39558222584127 ], [ -157.974888321041533, 21.395581291283094 ], [ -157.974885523001035, 21.395580342670531 ], [ -157.974882717882082, 21.395579389507361 ], [ -157.974879971258389, 21.395578457421333 ], [ -157.974879886664212, 21.395578428667221 ], [ -157.974877136429484, 21.395577492332691 ], [ -157.974874386196092, 21.395576556897282 ], [ -157.97487159825269, 21.395575607728606 ], [ -157.974868802123979, 21.395574654529881 ], [ -157.974866015145579, 21.395573703535486 ], [ -157.974863253307518, 21.395572761115584 ], [ -157.974860450155376, 21.395571802452825 ], [ -157.974857705464672, 21.395570864986436 ], [ -157.974854885179496, 21.395569899541464 ], [ -157.974852124304306, 21.39556895441125 ], [ -157.974849334690617, 21.395567998203912 ], [ -157.974846578413349, 21.395567053745992 ], [ -157.974843784207309, 21.395566095050086 ], [ -157.974841024296751, 21.395565148113334 ], [ -157.974838222142807, 21.395564184865179 ], [ -157.974835471139556, 21.39556323975393 ], [ -157.974832678201778, 21.395562278754316 ], [ -157.974829927193127, 21.395561332740588 ], [ -157.974827130622231, 21.395560369244372 ], [ -157.974824384217129, 21.395559423914506 ], [ -157.974821591930663, 21.395558461549061 ], [ -157.974818817147309, 21.395557504636098 ], [ -157.974816049931519, 21.39555654999792 ], [ -157.974813291964978, 21.395555598550438 ], [ -157.974810508907183, 21.395554637539185 ], [ -157.974807750918245, 21.395553685179891 ], [ -157.974804980421794, 21.395552727598876 ], [ -157.974802234972543, 21.395551779569992 ], [ -157.974799435744586, 21.395550810821572 ], [ -157.974796694920599, 21.39554986349216 ], [ -157.974793903601977, 21.395548897465723 ], [ -157.974791146586284, 21.395547943303207 ], [ -157.974788377048611, 21.395546983903824 ], [ -157.974785632558508, 21.395546034076148 ], [ -157.974782850498087, 21.395545070338624 ], [ -157.974780093474152, 21.395544115269519 ], [ -157.974777336470765, 21.395543160207851 ], [ -157.974774562303111, 21.395542198295558 ], [ -157.974771814139416, 21.395541245962782 ], [ -157.974769041347571, 21.395540284524614 ], [ -157.974766280673549, 21.395539326952409 ], [ -157.974763528296734, 21.395538372591677 ], [ -157.974760767602987, 21.395537415012452 ], [ -157.97475801522495, 21.395536460650838 ], [ -157.974755237392088, 21.395535496223491 ], [ -157.974752498491995, 21.39553454620307 ], [ -157.974749746109808, 21.395533591839737 ], [ -157.974746980800063, 21.395532632659275 ], [ -157.971459156957565, 21.394391938796119 ], [ -157.968171389572689, 21.393251182252452 ], [ -157.968170962154943, 21.393251032747909 ], [ -157.96788180255146, 21.393149076529696 ], [ -157.967592440854276, 21.393047048425011 ], [ -157.967592014348099, 21.393046896839714 ], [ -157.966717647522046, 21.392733668707752 ], [ -157.965843283500618, 21.392420436024672 ], [ -157.965839832207081, 21.39241919952973 ], [ -157.965836381911345, 21.392417963736843 ], [ -157.965832917973756, 21.392416722154408 ], [ -157.965829473779081, 21.392415488546632 ], [ -157.965826019713489, 21.392414251403395 ], [ -157.965822552962294, 21.392413008467827 ], [ -157.965819112543159, 21.39241177621215 ], [ -157.965815638731357, 21.392410531090068 ], [ -157.965812191723444, 21.392409295228358 ], [ -157.965808751301239, 21.392408062971008 ], [ -157.965805264817817, 21.39240681205829 ], [ -157.965801824394532, 21.392405578900849 ], [ -157.965798363743687, 21.392404338147362 ], [ -157.965794904544822, 21.392403097011535 ], [ -157.965791464125829, 21.392401863855429 ], [ -157.965787983730706, 21.392400615116671 ], [ -157.965784520767443, 21.392399371724562 ], [ -157.965781077528789, 21.392398136312288 ], [ -157.96577760469475, 21.392396889375483 ], [ -157.965774148776774, 21.392395648163596 ], [ -157.965770699458602, 21.392394409667588 ], [ -157.965767246359036, 21.392393169813875 ], [ -157.965763766926614, 21.39239191925067 ], [ -157.965760314790003, 21.392390678493012 ], [ -157.965756842931285, 21.392389429741101 ], [ -157.965753390794418, 21.392388188080051 ], [ -157.965749938651015, 21.392386946416202 ], [ -157.965746466805655, 21.392385696760538 ], [ -157.965743008054204, 21.392384451467709 ], [ -157.965739543779023, 21.392383203628402 ], [ -157.965736085025753, 21.392381957429272 ], [ -157.965732633864093, 21.392380713965402 ], [ -157.965729162974412, 21.392379462487217 ], [ -157.965725711810421, 21.392378218119099 ], [ -157.96572223430087, 21.39237696299546 ], [ -157.965718784101909, 21.392375717724246 ], [ -157.965715304337863, 21.392374459970288 ], [ -157.96571186398134, 21.392373217350418 ], [ -157.965708394077893, 21.39237196315262 ], [ -157.965704937243117, 21.39237071332731 ], [ -157.965701461296362, 21.392369455129067 ], [ -157.965698018101136, 21.392368209332965 ], [ -157.96569453648047, 21.392366947472237 ], [ -157.965691100891036, 21.392365703528032 ], [ -157.965687605632013, 21.392364435808521 ], [ -157.96568415735868, 21.392363185116086 ], [ -157.965680679567782, 21.392361921906033 ], [ -157.965677241123444, 21.392360673877398 ], [ -157.965673766521718, 21.392359411467105 ], [ -157.96567029954403, 21.392358150916081 ], [ -157.96566682971627, 21.392356888068694 ], [ -157.965663386226453, 21.392355635152718 ], [ -157.965659902749451, 21.392354365521062 ], [ -157.965656466236993, 21.392353113893179 ], [ -157.965652964073541, 21.392351835272393 ], [ -157.965649528518412, 21.392350581841566 ], [ -157.965646053666546, 21.392349312261672 ], [ -157.965642618112327, 21.392348057930427 ], [ -157.965639116932039, 21.392346776555968 ], [ -157.965635682336455, 21.392345520422186 ], [ -157.965632185967308, 21.392344238615895 ], [ -157.965628755205501, 21.392342982084632 ], [ -157.96562842992833, 21.392342862242511 ], [ -157.965528295174721, 21.392305751193668 ], [ -157.965527590802907, 21.392305486803505 ], [ -157.965389064575561, 21.392252830536009 ], [ -157.965387822960594, 21.392252348051606 ], [ -157.965106301557512, 21.392140548573749 ], [ -157.965104939969308, 21.392139994934936 ], [ -157.964924896796987, 21.392065066489433 ], [ -157.964923741517026, 21.392064576196557 ], [ -157.964712581544376, 21.391973213245127 ], [ -157.964711420313648, 21.391972701018314 ], [ -157.964529112030021, 21.391890735068927 ], [ -157.964528540252473, 21.391890475580276 ], [ -157.964525227526167, 21.3918889581218 ], [ -157.964521914800855, 21.391887441564407 ], [ -157.964518556412685, 21.391885902285878 ], [ -157.964515234555222, 21.391884379740837 ], [ -157.964511873843406, 21.39188283668609 ], [ -157.964508566544424, 21.391881319473921 ], [ -157.964505201190917, 21.391879773365719 ], [ -157.964501863016125, 21.391878238822422 ], [ -157.964498535108532, 21.391876708552811 ], [ -157.964495197913095, 21.391875173106101 ], [ -157.964491860714134, 21.391873636749029 ], [ -157.964488515543138, 21.391872095367141 ], [ -157.964485197543155, 21.391870566499414 ], [ -157.964481861323094, 21.391869028330177 ], [ -157.964478526216737, 21.391867489322458 ], [ -157.964475218287646, 21.391865963750682 ], [ -157.964471851252512, 21.391864408191843 ], [ -157.964468539801913, 21.391862878748327 ], [ -157.964465205530757, 21.391861337859019 ], [ -157.964461871257868, 21.391859796060189 ], [ -157.964458555200736, 21.391858262682472 ], [ -157.964455212912725, 21.391856715820136 ], [ -157.964451888721698, 21.391855176424542 ], [ -157.964448582716159, 21.391853646349073 ], [ -157.964445223209253, 21.391852089243553 ], [ -157.96444190908241, 21.391850553156583 ], [ -157.964438585851894, 21.391849011946345 ], [ -157.964435280806583, 21.391847480068439 ], [ -157.964431922277925, 21.391845921131814 ], [ -157.964428609115885, 21.391844383238364 ], [ -157.964425295934149, 21.391842845335212 ], [ -157.964421964596539, 21.391841298098729 ], [ -157.964418638805569, 21.391839752084842 ], [ -157.964415339218988, 21.391838219592529 ], [ -157.964411999850626, 21.391836667267327 ], [ -157.964408687634631, 21.391835127558032 ], [ -157.964405357273961, 21.391833578508329 ], [ -157.964402037013571, 21.391832033704766 ], [ -157.96439871567847, 21.391830487945512 ], [ -157.964395395417455, 21.391828942235982 ], [ -157.964392084173198, 21.391827400723287 ], [ -157.964388772932779, 21.391825859212393 ], [ -157.964385443548139, 21.39182430834898 ], [ -157.964382132306298, 21.391822765934108 ], [ -157.964378817512852, 21.391821221415455 ], [ -157.964375510780371, 21.391819681100547 ], [ -157.964372177860582, 21.391818127231414 ], [ -157.964368871133985, 21.391816586017647 ], [ -157.964365551817934, 21.391815038485273 ], [ -157.964362241553857, 21.391813495173043 ], [ -157.964358922205378, 21.391811946721738 ], [ -157.964355621000038, 21.391810407632679 ], [ -157.964352292583072, 21.391808854950884 ], [ -157.964348978759887, 21.391807308624912 ], [ -157.964345682059843, 21.391805770736156 ], [ -157.964342380851974, 21.391804231645185 ], [ -157.964339039829866, 21.391802671730261 ], [ -157.964335743131358, 21.391801133842023 ], [ -157.964332432848863, 21.3917995896165 ], [ -157.964329114520353, 21.391798041187787 ], [ -157.964325799691494, 21.391796493937477 ], [ -157.964322494935402, 21.391794951841376 ], [ -157.963168487765159, 21.391256436783376 ], [ -157.962014731803208, 21.390718027499478 ], [ -157.961622235997993, 21.390537701411791 ], [ -157.961258654712367, 21.390375665601056 ], [ -157.960992745374966, 21.390258899076066 ], [ -157.960726611940942, 21.390142033536723 ], [ -157.960726102864641, 21.39014180809858 ], [ -157.960238051260006, 21.389923861913129 ], [ -157.960236654114965, 21.389923223547768 ], [ -157.959734183877003, 21.38968839853586 ], [ -157.959733654848037, 21.38968814918216 ], [ -157.959471549790067, 21.389563555985966 ], [ -157.959209768070053, 21.389439114509837 ], [ -157.958947050672236, 21.389316794351537 ], [ -157.958684026932872, 21.389194331833036 ], [ -157.957590831394299, 21.388695926834121 ], [ -157.956497325967945, 21.388197370025491 ], [ -157.956494007903132, 21.388195857956941 ], [ -157.956490665269683, 21.388194333347613 ], [ -157.956487349836948, 21.388192822040502 ], [ -157.956484025250944, 21.388191306560881 ], [ -157.956480694998334, 21.388189788033671 ], [ -157.956477375115099, 21.388188274697566 ], [ -157.95647405497553, 21.388186761244139 ], [ -157.95647073387579, 21.388185247791942 ], [ -157.956467404841703, 21.388183730284542 ], [ -157.956464088440526, 21.388182218973416 ], [ -157.956460768553853, 21.388180706536914 ], [ -157.95645744275356, 21.388179190943195 ], [ -157.956454126348234, 21.388177680530248 ], [ -157.956450800804731, 21.38817616505505 ], [ -157.956447493555658, 21.388174659710337 ], [ -157.95644414970937, 21.388173136802497 ], [ -157.956440833308761, 21.388171626391387 ], [ -157.956437521359476, 21.388170118907556 ], [ -157.956434199288168, 21.388168607254308 ], [ -157.95643087844536, 21.388167095722377 ], [ -157.956427565535336, 21.38816558913722 ], [ -157.95642423553835, 21.388164073443427 ], [ -157.956420931787051, 21.388162571920155 ], [ -157.956417600554602, 21.388161057004936 ], [ -157.956414286674146, 21.388159551314001 ], [ -157.956410955721282, 21.388158037428237 ], [ -157.956407641847022, 21.388156531740002 ], [ -157.956404332689544, 21.388155029093458 ], [ -157.956401014369789, 21.38815352318661 ], [ -157.956397677734316, 21.388152008064576 ], [ -157.956394373021965, 21.388150508333339 ], [ -157.956391058178781, 21.388149005339365 ], [ -157.9563877297293, 21.388147496175648 ], [ -157.956384410462249, 21.388145991175744 ], [ -157.956381091187353, 21.388144487072879 ], [ -157.956377776348461, 21.388142984980043 ], [ -157.956374460547721, 21.388141483786082 ], [ -157.956371149482351, 21.388139984735471 ], [ -157.956367838429372, 21.388138487487215 ], [ -157.956364507735174, 21.388136980890355 ], [ -157.9563611957158, 21.388135483638241 ], [ -157.956357874523263, 21.388133983139983 ], [ -157.956354557755759, 21.388132484640707 ], [ -157.956351240027487, 21.388130987040782 ], [ -157.956347917873501, 21.388129487443116 ], [ -157.956344609321178, 21.388127994881987 ], [ -157.956341290625573, 21.388126499077298 ], [ -157.956337977663821, 21.388125005425678 ], [ -157.956334671615707, 21.388123517544035 ], [ -157.956331334901961, 21.388122014527866 ], [ -157.956328024444275, 21.38812052555906 ], [ -157.956324704778268, 21.388119031551003 ], [ -157.95632140255529, 21.388117548504088 ], [ -157.956318068321281, 21.388116050179587 ], [ -157.956314752496155, 21.388114561921874 ], [ -157.956311436278213, 21.388113073488196 ], [ -157.956308118127623, 21.38811158594515 ], [ -157.956304796946824, 21.388110096614415 ], [ -157.956301483604875, 21.388108613021302 ], [ -157.956298170272419, 21.388107129432886 ], [ -157.956294855971208, 21.388105647633029 ], [ -157.956291679199751, 21.388104226056484 ], [ -157.956178749973617, 21.388054308885277 ], [ -157.956000590136824, 21.387977782749285 ], [ -157.955997496212831, 21.387976478353274 ], [ -157.955994137999738, 21.38797506163613 ], [ -157.955990797646251, 21.387973655537156 ], [ -157.955987424823434, 21.387972234869331 ], [ -157.955984075064464, 21.387970825708017 ], [ -157.955980724341345, 21.387969416544074 ], [ -157.955977369391832, 21.387968007398829 ], [ -157.955974009246859, 21.387966596070878 ], [ -157.955970648146604, 21.387965185645008 ], [ -157.955967292240558, 21.387963777398188 ], [ -157.955963936347729, 21.387962370953641 ], [ -157.955960569059641, 21.387960959235471 ], [ -157.95595721220505, 21.38795955368737 ], [ -157.955953859564403, 21.387958149904016 ], [ -157.955950505957901, 21.387956747910362 ], [ -157.955947129288063, 21.387955335374684 ], [ -157.955943771478871, 21.387953932522429 ], [ -157.95594040844631, 21.387952527487929 ], [ -157.955937044449058, 21.387951123351069 ], [ -157.955933680442683, 21.387949719209988 ], [ -157.955930315479748, 21.387948315969957 ], [ -157.955926943075696, 21.387946909226187 ], [ -157.955923578110571, 21.387945506884599 ], [ -157.955920218399427, 21.387944106732608 ], [ -157.955916858688738, 21.387942708377306 ], [ -157.955913487503238, 21.387941304745478 ], [ -157.955910126832237, 21.387939907287215 ], [ -157.955906738768704, 21.387938497136268 ], [ -157.955903381329307, 21.387937101419503 ], [ -157.955900011208371, 21.387935700932172 ], [ -157.955896634860807, 21.387934298257118 ], [ -157.95589327323674, 21.387932901699124 ], [ -157.95588991160929, 21.387931506935505 ], [ -157.955886521620045, 21.387930099501499 ], [ -157.955883154722386, 21.387928702551545 ], [ -157.955879777400099, 21.387927301675006 ], [ -157.95587640214427, 21.387925901257482 ], [ -157.955873034287606, 21.38792450520706 ], [ -157.955869662245817, 21.387923107421699 ], [ -157.955866294390546, 21.387921712271208 ], [ -157.955862916107179, 21.387920313199672 ], [ -157.955859530415694, 21.387918910660833 ], [ -157.955856157417998, 21.387917513777776 ], [ -157.955852785381893, 21.387916117796134 ], [ -157.955849407088664, 21.387914719622003 ], [ -157.95584603409182, 21.387913323639776 ], [ -157.955842661095602, 21.387911928558783 ], [ -157.955839269157167, 21.387910524739542 ], [ -157.955835896161972, 21.387909129658905 ], [ -157.955832517865389, 21.387907732385052 ], [ -157.955829138615798, 21.387906335115375 ], [ -157.955825761434937, 21.387904938303297 ], [ -157.955822391653726, 21.387903545848019 ], [ -157.955819000836044, 21.387902144301453 ], [ -157.955815612107671, 21.38790074311251 ], [ -157.955812239108639, 21.387899348930443 ], [ -157.955808859847309, 21.3878979525571 ], [ -157.955805476425382, 21.387896554464934 ], [ -157.955802089774807, 21.38789515463996 ], [ -157.95579871051973, 21.38789375826909 ], [ -157.955795327093824, 21.387892360174977 ], [ -157.955791943919252, 21.387890962184297 ], [ -157.955647298411577, 21.387831192900475 ], [ -157.955502652786038, 21.387771423394391 ], [ -157.955499268865566, 21.387770025087523 ], [ -157.955495885431475, 21.387768626981153 ], [ -157.955492498799885, 21.387767227155329 ], [ -157.95548911955234, 21.387765830779141 ], [ -157.955485736119499, 21.387764432673034 ], [ -157.955482349487937, 21.387763032847456 ], [ -157.955478970234083, 21.387761636468138 ], [ -157.955475574127661, 21.387760231823215 ], [ -157.955472204355516, 21.387758839362139 ], [ -157.95546881352854, 21.387757437801291 ], [ -157.95546541952686, 21.387756034422413 ], [ -157.955462028711395, 21.387754631961194 ], [ -157.955458650424845, 21.387753234681036 ], [ -157.955455271179403, 21.387751837402593 ], [ -157.955451870891892, 21.387750430119983 ], [ -157.955448497897919, 21.387749035028644 ], [ -157.955445096504747, 21.387747627285503 ], [ -157.955441710827813, 21.387746225645177 ], [ -157.9554383325505, 21.387744827466456 ], [ -157.955434931153803, 21.387743418812967 ], [ -157.955431541297202, 21.387742014536656 ], [ -157.955428159801613, 21.38774061372337 ], [ -157.955424778308441, 21.387739212911111 ], [ -157.95542137787956, 21.387737803348312 ], [ -157.955417996386927, 21.387736401632534 ], [ -157.955414595982944, 21.387734991172209 ], [ -157.955411211253221, 21.387733586810338 ], [ -157.955407833950176, 21.387732185928986 ], [ -157.955404435587212, 21.387730775007221 ], [ -157.955401064519776, 21.3877293763137 ], [ -157.955397646157451, 21.387727956180097 ], [ -157.95539426562766, 21.387726551753619 ], [ -157.955390877675399, 21.387725143842307 ], [ -157.95538747920591, 21.387723730654205 ], [ -157.955384090191387, 21.387722320492035 ], [ -157.955380720076903, 21.387720919092107 ], [ -157.95537730892579, 21.387719498414288 ], [ -157.955373943006265, 21.387718097858681 ], [ -157.95537051823095, 21.38771667059093 ], [ -157.955367139623974, 21.387715262548362 ], [ -157.955363738906101, 21.38771384398272 ], [ -157.955360364507214, 21.387712436791688 ], [ -157.955356956350215, 21.387711013808826 ], [ -157.955353582920765, 21.387709605718577 ], [ -157.955350186406292, 21.387708187086467 ], [ -157.955346801325703, 21.387706772824441 ], [ -157.955343396342926, 21.38770534843502 ], [ -157.955340029108555, 21.387703940727302 ], [ -157.955336607247716, 21.387702507957684 ], [ -157.955333231546064, 21.387701094500486 ], [ -157.955329823342765, 21.387699665620683 ], [ -157.955326453810756, 21.387698253441695 ], [ -157.955323041371145, 21.387696821463511 ], [ -157.955319666634807, 21.387695405296956 ], [ -157.955316265569707, 21.387693976768521 ], [ -157.955312891797831, 21.387692559698646 ], [ -157.955309480354828, 21.387691124989455 ], [ -157.955306099089569, 21.387689702555612 ], [ -157.955302688622027, 21.387688266019474 ], [ -157.955299315822657, 21.387686845340085 ], [ -157.955295913421793, 21.387685410469409 ], [ -157.955292545814984, 21.387683990669284 ], [ -157.955291974542661, 21.387683747487511 ], [ -157.955107597863019, 21.38760450642398 ], [ -157.955106473236384, 21.387604013931259 ], [ -157.954909911143545, 21.387516325644182 ], [ -157.954908978345259, 21.387515903094869 ], [ -157.954789337004087, 21.387460878627511 ], [ -157.954788614132525, 21.387460542252718 ], [ -157.954663427249983, 21.387401607277141 ], [ -157.954662726423493, 21.387401273611172 ], [ -157.954550419678839, 21.387347202896901 ], [ -157.954550063867572, 21.387347030615835 ], [ -157.954546787028733, 21.387345435008424 ], [ -157.954543511151883, 21.387343840303348 ], [ -157.954540190113022, 21.387342221359635 ], [ -157.954536914228925, 21.387340624846498 ], [ -157.954533590146468, 21.387339002551176 ], [ -157.954530310958319, 21.3873374021512 ], [ -157.954527005647407, 21.387335787622046 ], [ -157.954523717941385, 21.387334181253838 ], [ -157.954520417865126, 21.387332566993262 ], [ -157.954517153164943, 21.387330971395777 ], [ -157.954513817525907, 21.387329337920239 ], [ -157.954510545467173, 21.387327735981081 ], [ -157.95450724194805, 21.387326117299505 ], [ -157.9545039563518, 21.387324506921264 ], [ -157.954500658605184, 21.387322889207365 ], [ -157.954497386955495, 21.387321284762137 ], [ -157.954494076228798, 21.387319659294203 ], [ -157.954490792439316, 21.387318046610638 ], [ -157.954487508762014, 21.387316433507305 ], [ -157.954484216645, 21.387314815351541 ], [ -157.95448094227595, 21.387313205916907 ], [ -157.954477641815288, 21.387311582274592 ], [ -157.954474350675838, 21.387309962306436 ], [ -157.954471077270227, 21.387308351064746 ], [ -157.954467790339777, 21.38730673226074 ], [ -157.954464522113398, 21.387305123094684 ], [ -157.954461214208919, 21.387303492575644 ], [ -157.95445794176112, 21.387301879523623 ], [ -157.95445464790626, 21.387300254537713 ], [ -157.954451380127608, 21.387298642885082 ], [ -157.954448099332666, 21.387297024337041 ], [ -157.95444480644241, 21.387295398438425 ], [ -157.954441539633223, 21.387293785887348 ], [ -157.954438242073451, 21.387292156771924 ], [ -157.954434971570322, 21.387290541018128 ], [ -157.954431691725262, 21.387288920221252 ], [ -157.954428421209514, 21.387287303984518 ], [ -157.954425142329484, 21.387285683186541 ], [ -157.954421850420118, 21.387284054564276 ], [ -157.954418584573403, 21.387282439305903 ], [ -157.954415305700053, 21.387280817127802 ], [ -157.954412036146977, 21.387279199559604 ], [ -157.954408745203466, 21.387277570024729 ], [ -157.954405480333179, 21.387275953871253 ], [ -157.954402210788118, 21.387274335403614 ], [ -157.954398932859647, 21.387272712308025 ], [ -157.954395651268726, 21.387271086493698 ], [ -157.954392386402787, 21.387269469440298 ], [ -157.954389108461811, 21.387267845432046 ], [ -157.954385839890875, 21.387266226065705 ], [ -157.954382557795014, 21.387264599094173 ], [ -157.954379294340157, 21.387262981785181 ], [ -157.954376026274588, 21.387261361766114 ], [ -157.954372766538398, 21.387259746776561 ], [ -157.954369476564722, 21.387258115421545 ], [ -157.954366212659181, 21.38725649746393 ], [ -157.954362944079776, 21.387254877189314 ], [ -157.954359662947894, 21.387253249310948 ], [ -157.954356407886451, 21.387251635737172 ], [ -157.954353130916587, 21.38725001082436 ], [ -157.954349863311421, 21.387248390554848 ], [ -157.954346590163254, 21.387246767110724 ], [ -157.954227637956421, 21.387187782082812 ], [ -157.954108682239905, 21.387128794278766 ], [ -157.954105419955056, 21.387127176639606 ], [ -157.954102156056422, 21.387125558677255 ], [ -157.954098879099035, 21.387123933763128 ], [ -157.954095606362728, 21.387122310515913 ], [ -157.954092347594269, 21.387120694620098 ], [ -157.954089083695351, 21.387119076657395 ], [ -157.954085811407367, 21.387117454057876 ], [ -157.954082556353882, 21.38711584047978 ], [ -157.954079296620165, 21.387114225482314 ], [ -157.954076006655782, 21.387112594123167 ], [ -157.954072751595589, 21.387110980541085 ], [ -157.954069491866932, 21.387109365545889 ], [ -157.954066223295996, 21.387107746169917 ], [ -157.954062959390313, 21.38710612910468 ], [ -157.954059694530798, 21.387104512044004 ], [ -157.954056425456173, 21.387102892418859 ], [ -157.954053170398936, 21.387101280637264 ], [ -157.954049905532941, 21.387099664475084 ], [ -157.954046632286349, 21.387098043686791 ], [ -157.954043376268828, 21.387096431904656 ], [ -157.954040115576504, 21.387094818708977 ], [ -157.954036850708775, 21.387093203447428 ], [ -157.954033584877294, 21.387091588185182 ], [ -157.954030319517074, 21.387089972680563 ], [ -157.954027062533697, 21.387088362693774 ], [ -157.954023797183936, 21.387086748096305 ], [ -157.954020544868172, 21.387085141315264 ], [ -157.954017278068676, 21.387083527853935 ], [ -157.954014007087807, 21.387081911851645 ], [ -157.954010750109035, 21.387080303666171 ], [ -157.954007492163129, 21.387078695476863 ], [ -157.954004234211737, 21.387077088184238 ], [ -157.954000966442919, 21.387075476522721 ], [ -157.953997699175829, 21.387073864634825 ], [ -157.953994440265603, 21.38707225824173 ], [ -157.953991176700924, 21.387070649554758 ], [ -157.953987926653099, 21.387069048426977 ], [ -157.953984666785374, 21.387067443834063 ], [ -157.953981393390166, 21.387065832582483 ], [ -157.953978128867845, 21.387064225698328 ], [ -157.953974868993782, 21.387062622002066 ], [ -157.953971617027037, 21.387061022665929 ], [ -157.953968360415814, 21.38705942284259 ], [ -157.953965090705452, 21.387057815684773 ], [ -157.953961837781691, 21.387056219039874 ], [ -157.953958572299996, 21.387054615760029 ], [ -157.953955314191404, 21.387053017939053 ], [ -157.953952043096365, 21.387051413277572 ], [ -157.953948780339402, 21.387049814076267 ], [ -157.95394552646448, 21.387048219228259 ], [ -157.953942271630979, 21.387046626173934 ], [ -157.953938999014724, 21.387045023516368 ], [ -157.95393574321335, 21.38704343135344 ], [ -157.95393248374333, 21.38704183692856 ], [ -157.953929231628877, 21.387040248827709 ], [ -157.953925957667593, 21.387038649588682 ], [ -157.953922692021621, 21.387037055779292 ], [ -157.95391942637545, 21.387035461969784 ], [ -157.953916168665131, 21.387033873397819 ], [ -157.95391291985797, 21.387032290061761 ], [ -157.953909661190039, 21.387030704180251 ], [ -157.953906581262089, 21.387029204440413 ], [ -157.953766840159346, 21.386962101748349 ], [ -157.953563633677817, 21.386867654732225 ], [ -157.95356062104301, 21.386866282591523 ], [ -157.953557318290649, 21.386864778312827 ], [ -157.953554014587922, 21.386863275830908 ], [ -157.953550698257686, 21.38686176627446 ], [ -157.95354740719975, 21.386860271763549 ], [ -157.953544080745388, 21.386858759843516 ], [ -157.95354077956631, 21.386857262066538 ], [ -157.953537456874216, 21.386855754092828 ], [ -157.953534142092195, 21.386854251043466 ], [ -157.953530836479842, 21.386852752151789 ], [ -157.953527529909735, 21.386851255054509 ], [ -157.953524210686709, 21.386849751793143 ], [ -157.953520898413274, 21.386848253445688 ], [ -157.953517582980055, 21.386846753234867 ], [ -157.953514275452193, 21.386845258827897 ], [ -157.953510949562059, 21.386843755224515 ], [ -157.953507641074964, 21.386842261713774 ], [ -157.953504319935092, 21.386840762057709 ], [ -157.953501005721733, 21.386839267292753 ], [ -157.953497688389632, 21.38683777068859 ], [ -157.95349437894501, 21.386836279868266 ], [ -157.953491037513487, 21.386834773735355 ], [ -157.953487723655741, 21.386833280926933 ], [ -157.953484405021044, 21.386831786866491 ], [ -157.953481085413245, 21.386830292799761 ], [ -157.953477761394254, 21.386828797647848 ], [ -157.953474432607834, 21.386827300351982 ], [ -157.953471121240625, 21.386825811321568 ], [ -157.953467805466659, 21.386824322106321 ], [ -157.953464472248982, 21.386822823725723 ], [ -157.953461164332509, 21.386821339364285 ], [ -157.953457812146496, 21.386819833800093 ], [ -157.953454491586484, 21.386818343334511 ], [ -157.953451170055132, 21.386816852863571 ], [ -157.953447844121939, 21.386815361318 ], [ -157.953444522591042, 21.386813871746583 ], [ -157.953441200098325, 21.386812383073572 ], [ -157.953437860562929, 21.386810885433221 ], [ -157.953434547282342, 21.386809401784976 ], [ -157.953431198528591, 21.386807900917361 ], [ -157.953427876036386, 21.386806413143727 ], [ -157.953424544339271, 21.386804921248672 ], [ -157.953421216485765, 21.386803431504472 ], [ -157.953417885199769, 21.386801940695218 ], [ -157.953414553489893, 21.386800449696267 ], [ -157.953411220817628, 21.386798958696637 ], [ -157.95340788954087, 21.386797467891874 ], [ -157.953404566086448, 21.386795981916045 ], [ -157.953401229019931, 21.38679448985393 ], [ -157.953397891953188, 21.386792997791591 ], [ -157.953394554881243, 21.386791505726482 ], [ -157.95339122703939, 21.386790017788652 ], [ -157.953387899189835, 21.386788530748007 ], [ -157.953384557300438, 21.386787036531675 ], [ -157.953381232879366, 21.386785551451617 ], [ -157.953377887020622, 21.386784056363538 ], [ -157.953374545139866, 21.386782562150859 ], [ -157.953371220719305, 21.386781077070843 ], [ -157.953367879256831, 21.386779583947021 ], [ -157.953364545623316, 21.386778094751186 ], [ -157.953361204165446, 21.386776601629329 ], [ -157.953357870531931, 21.386775112433515 ], [ -157.952653085182845, 21.386460232395194 ], [ -157.951948310536267, 21.386145351918152 ], [ -157.951945747084039, 21.386144206919898 ], [ -157.951943161775091, 21.386143051253857 ], [ -157.95194060710017, 21.386141909747732 ], [ -157.951938045192833, 21.386140765439443 ], [ -157.951935477575347, 21.386139618580621 ], [ -157.9519328994989, 21.386138466618846 ], [ -157.951930325605247, 21.386137316051911 ], [ -157.95192776522606, 21.386136171996736 ], [ -157.951925197043778, 21.386135023982764 ], [ -157.951922641412665, 21.386133882477615 ], [ -157.951920063336246, 21.386132730515655 ], [ -157.95191748316762, 21.386131577143509 ], [ -157.951914917078028, 21.386130429634164 ], [ -157.951912362410866, 21.386129288131105 ], [ -157.951909782240023, 21.386128134757776 ], [ -157.95190720987739, 21.386126984443145 ], [ -157.951904647970679, 21.386125839232971 ], [ -157.951902069894174, 21.386124686363097 ], [ -157.951899503236518, 21.386123538598373 ], [ -157.951896936575849, 21.386122390831961 ], [ -157.951894357956718, 21.386121236815193 ], [ -157.951891803279864, 21.386120094408064 ], [ -157.951889224644162, 21.386118940383316 ], [ -157.951886669973192, 21.386117797978724 ], [ -157.951884079356262, 21.386116638591865 ], [ -157.951881512704745, 21.386115489926148 ], [ -157.951878946050556, 21.38611434125912 ], [ -157.951876362670589, 21.386113183772409 ], [ -157.951873813711416, 21.386112043024514 ], [ -157.951871218353773, 21.386110880171039 ], [ -157.951868663675754, 21.386109735964251 ], [ -157.951866104246506, 21.386108590100367 ], [ -157.951863508356297, 21.38610742610156 ], [ -157.951860959399596, 21.386106284457604 ], [ -157.951858382260241, 21.386105129758061 ], [ -157.951855792636536, 21.386103968556423 ], [ -157.951853226950305, 21.386102818084318 ], [ -157.951850661261233, 21.386101667610859 ], [ -157.951848085079291, 21.386100511998922 ], [ -157.951845506926958, 21.386099355030378 ], [ -157.951842948426815, 21.386098206448974 ], [ -157.951840400431792, 21.386097063909105 ], [ -157.951837788368948, 21.386095890386844 ], [ -157.951835235607234, 21.386094744380497 ], [ -157.951832646966437, 21.386093581359631 ], [ -157.951830082233897, 21.386092429075603 ], [ -157.951827517521366, 21.386091276800911 ], [ -157.951824952800138, 21.386090124522319 ], [ -157.951822359387023, 21.386088958010227 ], [ -157.951819800399477, 21.386087807405929 ], [ -157.951817225176114, 21.386086649067359 ], [ -157.951814637504128, 21.386085484220455 ], [ -157.951812073748158, 21.386084330135233 ], [ -157.951809510003812, 21.386083176055688 ], [ -157.951806946236275, 21.386082021965247 ], [ -157.951804353808939, 21.3860808536303 ], [ -157.951801795791937, 21.386079701227107 ], [ -157.951799221511635, 21.386078541061892 ], [ -157.95179663484376, 21.386077374405851 ], [ -157.951794072039064, 21.386076218508045 ], [ -157.951791509250825, 21.386075062617746 ], [ -157.951788922583177, 21.386073895049655 ], [ -157.951788474656013, 21.386073691378574 ], [ -157.951561625805454, 21.385969789370989 ], [ -157.951560586012278, 21.385969305018737 ], [ -157.951259323978661, 21.385826608872151 ], [ -157.951258716223492, 21.385826318184826 ], [ -157.951256188177553, 21.385825097266281 ], [ -157.951253660144914, 21.38582387635466 ], [ -157.951251120469266, 21.385822648916388 ], [ -157.951248604041098, 21.385821433608562 ], [ -157.951246047738351, 21.385820197668572 ], [ -157.951243525681406, 21.38581897874127 ], [ -157.951240963393644, 21.385817738991683 ], [ -157.951238436304465, 21.385816516262977 ], [ -157.951235909219889, 21.3858152935363 ], [ -157.951233382154498, 21.385814070819475 ], [ -157.951230831844242, 21.385812835947739 ], [ -157.951228293726246, 21.385811606507332 ], [ -157.951225761043787, 21.385810379262583 ], [ -157.951223240529799, 21.385809158348195 ], [ -157.951220691206856, 21.385807922571651 ], [ -157.951218165089898, 21.385806698039932 ], [ -157.951215627376484, 21.38580546698374 ], [ -157.951213112858426, 21.385804248074461 ], [ -157.951210558504386, 21.385803008478344 ], [ -157.951208038384777, 21.385801785952207 ], [ -157.951205501243095, 21.385800554700573 ], [ -157.95120296448431, 21.385799322729376 ], [ -157.951200450941741, 21.385798102928987 ], [ -157.951197913631972, 21.3857968711574 ], [ -157.951195359833036, 21.385795629536478 ], [ -157.951192852289068, 21.38579441174965 ], [ -157.951190327140125, 21.385793185413011 ], [ -157.951187778799437, 21.385791946905449 ], [ -157.951185248604702, 21.385790716744388 ], [ -157.951182729464279, 21.385789492424131 ], [ -157.951180181675454, 21.385788252805877 ], [ -157.951177669073957, 21.385787031197317 ], [ -157.951175133299614, 21.385785797418702 ], [ -157.951172620706302, 21.385784575814142 ], [ -157.951170073350085, 21.385783336400728 ], [ -157.951167549154036, 21.385782108251288 ], [ -157.95116501339399, 21.385780873572092 ], [ -157.951162500796073, 21.385779651066105 ], [ -157.951159976598404, 21.385778422915699 ], [ -157.951157424199039, 21.385777179665105 ], [ -157.951154911601407, 21.385775956259618 ], [ -157.951152393948433, 21.38577473082573 ], [ -157.951149858629691, 21.385773496357995 ], [ -157.951147323379075, 21.385772261452207 ], [ -157.951144793624906, 21.38577102878822 ], [ -157.951142275966276, 21.385769802449808 ], [ -157.951139752755807, 21.385768573407464 ], [ -157.951137223002348, 21.385767340743747 ], [ -157.951134705342696, 21.385766114404692 ], [ -157.951132170545037, 21.385764878814623 ], [ -157.951129658900697, 21.385763655405402 ], [ -157.951127112531594, 21.385762414174685 ], [ -157.951124600888477, 21.385761189867122 ], [ -157.951122089245246, 21.385759966458433 ], [ -157.951119542871339, 21.385758725225184 ], [ -157.951117019655868, 21.385757495276533 ], [ -157.951114496423031, 21.385756265318825 ], [ -157.951111973214466, 21.385755035373336 ], [ -157.951109449984585, 21.38575380541695 ], [ -157.951106926779005, 21.385752575472928 ], [ -157.951104403548698, 21.385751345516351 ], [ -157.951101880340218, 21.385750115570808 ], [ -157.950921185082251, 21.385662034210007 ], [ -157.950740491616472, 21.385573952988448 ], [ -157.950737213955563, 21.385572355495391 ], [ -157.950733933876478, 21.385570756823736 ], [ -157.950730653788582, 21.38556915814732 ], [ -157.950727373716745, 21.385567559479085 ], [ -157.950724084724072, 21.385565955559162 ], [ -157.950720813546837, 21.385564361225381 ], [ -157.950717533468492, 21.385562762553299 ], [ -157.950714266926013, 21.385561170478365 ], [ -157.950710999419641, 21.38555957930118 ], [ -157.950707701169279, 21.385557971777729 ], [ -157.950704429995795, 21.385556378346248 ], [ -157.950701144677538, 21.385554777591086 ], [ -157.950697873499053, 21.385553184157047 ], [ -157.950694597082077, 21.385551588639782 ], [ -157.950691316039837, 21.385549990870185 ], [ -157.950688043906013, 21.385548397439067 ], [ -157.950684771763974, 21.385546804904038 ], [ -157.950681490723213, 21.385545208038121 ], [ -157.950678209687936, 21.385543611175269 ], [ -157.950674942172611, 21.385542020891929 ], [ -157.950671673702772, 21.38554043151083 ], [ -157.950668391695586, 21.385538835546821 ], [ -157.950665113972946, 21.38553724166572 ], [ -157.950661846466318, 21.385535653185649 ], [ -157.950658572738121, 21.385534062615136 ], [ -157.950655295023381, 21.385532469640825 ], [ -157.950652025587061, 21.385530882054837 ], [ -157.950648738959103, 21.385529284753009 ], [ -157.950645478453595, 21.385527702401092 ], [ -157.950642200091124, 21.385526110482964 ], [ -157.950638938617402, 21.385524529022334 ], [ -157.950635642101474, 21.38552292919908 ], [ -157.950632380632157, 21.385521347740482 ], [ -157.950629110230977, 21.385519762850262 ], [ -157.9506258299416, 21.385518173634186 ], [ -157.95062255031678, 21.385516584274608 ], [ -157.950619278954264, 21.385515000282645 ], [ -157.950616011923103, 21.385513418388406 ], [ -157.950612744884126, 21.385511838286849 ], [ -157.950609459302058, 21.385510248780299 ], [ -157.950606182365988, 21.385508664356493 ], [ -157.950602914372752, 21.385507084256609 ], [ -157.950599646382216, 21.385505505954615 ], [ -157.950596368768629, 21.385503922569264 ], [ -157.950593104417806, 21.385502347384495 ], [ -157.950589825566254, 21.38550076566592 ], [ -157.950586547675755, 21.385499184848232 ], [ -157.950583278029455, 21.385497608468494 ], [ -157.950580011770114, 21.38549603508028 ], [ -157.95057673196257, 21.385494456066986 ], [ -157.950573452142862, 21.385492877047273 ], [ -157.950570185884118, 21.385491305453193 ], [ -157.950566909711625, 21.385489730450516 ], [ -157.950563642493847, 21.38548815975275 ], [ -157.950560374315472, 21.385486590847478 ], [ -157.95055709717073, 21.385485017637379 ], [ -157.950553819070876, 21.385483445329307 ], [ -157.950550546305863, 21.385481875120917 ], [ -157.950547280795831, 21.385480311101389 ], [ -157.950543993527759, 21.385478736200692 ], [ -157.950540719042351, 21.385477168780543 ], [ -157.950537751364578, 21.385475748637504 ], [ -157.950327123082815, 21.385377015362632 ], [ -157.950195048696258, 21.385317113502847 ], [ -157.950091420813692, 21.38527118029479 ], [ -157.950088236707472, 21.385269783780888 ], [ -157.950084910074764, 21.385268325176455 ], [ -157.950081579098736, 21.385266866463954 ], [ -157.950078243181025, 21.385265405587258 ], [ -157.950074915589994, 21.385263949673355 ], [ -157.950071583663657, 21.385262492760827 ], [ -157.950068246776539, 21.385261034578477 ], [ -157.950064918229771, 21.385259580458833 ], [ -157.950061589679137, 21.385258128131817 ], [ -157.95005825087361, 21.385256671748916 ], [ -157.95005490773886, 21.385255214378674 ], [ -157.950051564599789, 21.385253757006087 ], [ -157.950048235092794, 21.385252306473397 ], [ -157.950044904624235, 21.385250856835622 ], [ -157.950041564850466, 21.385249404046935 ], [ -157.950038224116071, 21.385247951258155 ], [ -157.950034879059302, 21.385246497490364 ], [ -157.950031543314509, 21.385245047769416 ], [ -157.950028207575485, 21.385243599847239 ], [ -157.950024860876198, 21.385242146684501 ], [ -157.950021524180499, 21.385240699661388 ], [ -157.950018168850221, 21.385239243656219 ], [ -157.950014836464334, 21.385237799398965 ], [ -157.950011493801526, 21.385236351103408 ], [ -157.950008146832204, 21.385234901843049 ], [ -157.950004794835479, 21.385233449505719 ], [ -157.9500014605307, 21.385232007040287 ], [ -157.949998109258132, 21.385230556818232 ], [ -157.949994765636404, 21.385229111222031 ], [ -157.949991408366913, 21.385227659724755 ], [ -157.949988064733219, 21.385226214122749 ], [ -157.949984729471709, 21.385224773450968 ], [ -157.949981380582017, 21.385223327793469 ], [ -157.949978023318153, 21.385221877206884 ], [ -157.949974691398694, 21.385220440183833 ], [ -157.949971315237718, 21.38521898275852 ], [ -157.949967970645872, 21.385217539855596 ], [ -157.949964625091582, 21.385216096951329 ], [ -157.949961275241719, 21.385214653095449 ], [ -157.949957912715291, 21.385213203359992 ], [ -157.949954562114328, 21.385211759179743 ], [ -157.949951211300771, 21.385210315322354 ], [ -157.94994785715329, 21.385208870515239 ], [ -157.949944511597835, 21.385207429409046 ], [ -157.949941165079423, 21.385205989201207 ], [ -157.949937792254872, 21.385204536354443 ], [ -157.949934445728701, 21.385203096142732 ], [ -157.949931085582705, 21.385201650069899 ], [ -157.949927734772444, 21.385200208014687 ], [ -157.949924383962809, 21.385198766860473 ], [ -157.949921014461779, 21.385197316763492 ], [ -157.949917663656919, 21.385195875611213 ], [ -157.949914307787509, 21.3851944322805 ], [ -157.949910950955314, 21.385192988949491 ], [ -157.949907582221499, 21.385191540085927 ], [ -157.949904226359024, 21.385190096758112 ], [ -157.949900874588678, 21.385188655602896 ], [ -157.949897519498961, 21.385187213509067 ], [ -157.949894153315654, 21.385185766157811 ], [ -157.949890798218519, 21.38518432406018 ], [ -157.949887426989278, 21.385182874539137 ], [ -157.949884065207101, 21.385181428664993 ], [ -157.949029634930099, 21.384814112882125 ], [ -157.948175202917866, 21.384446789743219 ], [ -157.94817478791154, 21.384446610087839 ], [ -157.947837696118881, 21.384299672579822 ], [ -157.947836803068981, 21.38429927749333 ], [ -157.947447475553645, 21.384124492635824 ], [ -157.947446997571575, 21.384124276363039 ], [ -157.946610513832923, 21.383742828883772 ], [ -157.945774034449755, 21.383361377231019 ], [ -157.945770710475955, 21.383359861253805 ], [ -157.945767390805798, 21.38335834770227 ], [ -157.945764057291711, 21.383356826935259 ], [ -157.945760742076402, 21.383355315414768 ], [ -157.94575740855683, 21.383353794645053 ], [ -157.94575409333828, 21.38335228312253 ], [ -157.945750755134185, 21.383350760215606 ], [ -157.945747434258493, 21.383349245650759 ], [ -157.945744097495833, 21.38334772295941 ], [ -157.945740777588185, 21.383346208396762 ], [ -157.945737453222932, 21.383344691800428 ], [ -157.945734128857453, 21.383343175203876 ], [ -157.945730786199562, 21.383341649356097 ], [ -157.945727458349438, 21.383340129825505 ], [ -157.945724138434798, 21.383338614356806 ], [ -157.945720806132783, 21.383337092793219 ], [ -157.945717482726479, 21.383335575290481 ], [ -157.945714148994284, 21.383334052609175 ], [ -157.945710816682237, 21.383332530134822 ], [ -157.94570749328895, 21.383331011734963 ], [ -157.945704161928859, 21.383329489253601 ], [ -157.945700829173944, 21.38332796567104 ], [ -157.945697505774405, 21.383326446364546 ], [ -157.945694174421476, 21.383324922980719 ], [ -157.945690833714764, 21.383323394413136 ], [ -157.945687511282472, 21.383321874204707 ], [ -157.945684188847736, 21.383320353995021 ], [ -157.945680848139659, 21.383318824518 ], [ -157.945677517752472, 21.383317299322066 ], [ -157.94567419628288, 21.383315778209365 ], [ -157.945670847418398, 21.383314242739083 ], [ -157.945667535077092, 21.383312724905537 ], [ -157.945664195355562, 21.383311193619722 ], [ -157.945660865922719, 21.383309666606436 ], [ -157.945657527160876, 21.383308134407784 ], [ -157.945654206657196, 21.383306610585439 ], [ -157.945650867910899, 21.383305077485641 ], [ -157.945647539437601, 21.383303548657633 ], [ -157.945644209622884, 21.383302018750946 ], [ -157.945640881146517, 21.383300489015234 ], [ -157.94563753986327, 21.383298952042892 ], [ -157.945634224803797, 21.383297427570891 ], [ -157.945630866412898, 21.383295880467877 ], [ -157.945627561431252, 21.383294359288556 ], [ -157.945624211051012, 21.383292815399813 ], [ -157.945620898075731, 21.38329128919645 ], [ -157.945617544024685, 21.383289742253663 ], [ -157.945614218422804, 21.383288207977298 ], [ -157.945610883571646, 21.383286668527521 ], [ -157.945607548716055, 21.383285128166939 ], [ -157.945604232075965, 21.383283596217609 ], [ -157.945600889220827, 21.38328205080532 ], [ -157.945597555352236, 21.383280508636357 ], [ -157.945594231653899, 21.383278970722632 ], [ -157.94559089875446, 21.383277427645162 ], [ -157.945587565861416, 21.383275883662517 ], [ -157.945584224943303, 21.383274334604252 ], [ -157.945580911194099, 21.383272798137515 ], [ -157.945577557566139, 21.383271240914119 ], [ -157.945574248322544, 21.383269704732054 ], [ -157.945570900348628, 21.383268148763605 ], [ -157.945567578396407, 21.383266604421923 ], [ -157.94556645680089, 21.38326607348753 ], [ -157.945379137479193, 21.383175800257828 ], [ -157.945192626388888, 21.383085916378249 ], [ -157.945191515854191, 21.383085371647081 ], [ -157.945188253257953, 21.383083743066763 ], [ -157.945184981458794, 21.383082109469704 ], [ -157.945181683427734, 21.383080460898451 ], [ -157.945178412614695, 21.383078825500078 ], [ -157.945175128087982, 21.383077181855473 ], [ -157.94517187151942, 21.383075552615878 ], [ -157.94516856684217, 21.383073896583202 ], [ -157.945165314974929, 21.383072267893624 ], [ -157.94516201068879, 21.383070610645689 ], [ -157.945158750976958, 21.383068975737658 ], [ -157.945155460197583, 21.383067323433913 ], [ -157.945152205538761, 21.38306568967494 ], [ -157.945148911656759, 21.383064034410829 ], [ -157.945145644458336, 21.383062392060864 ], [ -157.945142369122891, 21.383060744714236 ], [ -157.94513911135229, 21.383059106199418 ], [ -157.945135827552832, 21.383057453199232 ], [ -157.94513257074766, 21.383055813781606 ], [ -157.945129282893816, 21.383054156920878 ], [ -157.945126031107208, 21.383052518642504 ], [ -157.94512274017498, 21.383050858826174 ], [ -157.945119484324323, 21.383049216693276 ], [ -157.945116215003054, 21.383047566861876 ], [ -157.945112964182073, 21.383045926780877 ], [ -157.945109674219282, 21.383044265135251 ], [ -157.945106419344938, 21.383042621201863 ], [ -157.945103138462855, 21.383040962737233 ], [ -157.945099884543879, 21.383039317895964 ], [ -157.945096630645281, 21.38303767306552 ], [ -157.945093359204805, 21.383036018461485 ], [ -157.945090088040615, 21.383034362601755 ], [ -157.945086843855563, 21.383032721293777 ], [ -157.945083564641379, 21.38303106045251 ], [ -157.945080320453741, 21.383029418242444 ], [ -157.94507704150169, 21.383027757037784 ], [ -157.945073784531701, 21.383026106548567 ], [ -157.945070536573127, 21.383024461039806 ], [ -157.945067267088689, 21.383022803719697 ], [ -157.945063993834964, 21.383021143090662 ], [ -157.945060746589348, 21.383019496138626 ], [ -157.945057494621949, 21.383017846792299 ], [ -157.945054234121841, 21.383016192627828 ], [ -157.945050974372293, 21.383014537940756 ], [ -157.945047732105508, 21.383012893026404 ], [ -157.945044454846482, 21.383011228547499 ], [ -157.945041212577081, 21.383009582730431 ], [ -157.945037953057437, 21.383007927667155 ], [ -157.945034694020279, 21.383006272433068 ], [ -157.945031434506802, 21.383004616466884 ], [ -157.945028189194176, 21.38300296771413 ], [ -157.945024942921322, 21.38300131896268 ], [ -157.94502167465069, 21.38299965764319 ], [ -157.945018433353226, 21.382998010930606 ], [ -157.945015165805273, 21.382996349975038 ], [ -157.945011915767054, 21.382994697917987 ], [ -157.945008665712095, 21.382993045851929 ], [ -157.945005411893078, 21.382991391382667 ], [ -157.945002166590626, 21.382989741732697 ], [ -157.944998916533649, 21.382988089665304 ], [ -157.944995666488467, 21.382986437603922 ], [ -157.944992416449878, 21.382984785546274 ], [ -157.944989159585219, 21.382983129527599 ], [ -157.944849100002614, 21.382911920921693 ], [ -157.944709039708613, 21.382840712180968 ], [ -157.944705782060282, 21.382839055341933 ], [ -157.944702541717561, 21.38283740771482 ], [ -157.944699296416928, 21.382835758055837 ], [ -157.944696046387122, 21.382834105993378 ], [ -157.944692796337506, 21.382832453920276 ], [ -157.944689546305796, 21.382830801856656 ], [ -157.944686296258112, 21.382829149784431 ], [ -157.944683051183006, 21.382827499751372 ], [ -157.944679814626284, 21.382825855436241 ], [ -157.944676559621996, 21.382824201335485 ], [ -157.944673313581234, 21.382822552201862 ], [ -157.94467005480152, 21.382820895693065 ], [ -157.94466681824332, 21.382819251376912 ], [ -157.94466357198101, 21.382817602619745 ], [ -157.944660325938031, 21.382815953485391 ], [ -157.944657088417017, 21.382814310066756 ], [ -157.944653828904308, 21.382812654994911 ], [ -157.944650587377623, 21.38281100864317 ], [ -157.944647353861825, 21.382809368155698 ], [ -157.944644098847988, 21.382807715860046 ], [ -157.944640860357111, 21.382806073335139 ], [ -157.944637604631225, 21.382804421580644 ], [ -157.944634357394847, 21.382802774620554 ], [ -157.944631123883084, 21.382801134135516 ], [ -157.944627897928967, 21.382799500245742 ], [ -157.9446246189882, 21.382797838121814 ], [ -157.944621375767099, 21.382796194098077 ], [ -157.944618146044604, 21.382794557814474 ], [ -157.94461490660251, 21.382792917992525 ], [ -157.944611653665334, 21.382791270437913 ], [ -157.944608418252216, 21.382789633553596 ], [ -157.944605160319014, 21.382787984859952 ], [ -157.944601924908, 21.382786347975976 ], [ -157.944598684508207, 21.38278470995391 ], [ -157.944595435323521, 21.382783067490458 ], [ -157.944592189225915, 21.382781427073123 ], [ -157.94458894409749, 21.3827797875608 ], [ -157.944585716218597, 21.38277815724642 ], [ -157.944582482653431, 21.382776526337668 ], [ -157.944579214293839, 21.382774876489709 ], [ -157.944575980732111, 21.382773245582587 ], [ -157.944572733672572, 21.382771608767776 ], [ -157.944569482570813, 21.38276996991571 ], [ -157.944566248046584, 21.382768339902555 ], [ -157.944563008807961, 21.382766709310083 ], [ -157.944559765515066, 21.382765076676755 ], [ -157.944556521256914, 21.382763444940323 ], [ -157.944553276991456, 21.382761813200148 ], [ -157.944550031764976, 21.382760182358485 ], [ -157.944546791579938, 21.382758553569527 ], [ -157.944543558893685, 21.382756931301678 ], [ -157.944540295464748, 21.382755292223202 ], [ -157.944537066867326, 21.382753672901643 ], [ -157.944533820683972, 21.382752045659622 ], [ -157.944530573532091, 21.382750418413025 ], [ -157.944527335182244, 21.382748796474299 ], [ -157.944524087071215, 21.382747171027074 ], [ -157.944520835213183, 21.382745543224015 ], [ -157.944517594952401, 21.382743923080909 ], [ -157.94451435564315, 21.382742303832558 ], [ -157.944511114416088, 21.382740685479057 ], [ -157.944508461433372, 21.382739361180793 ], [ -157.944087556732171, 21.382537194683113 ], [ -157.94366803317638, 21.382351810681346 ], [ -157.943665285325324, 21.382350645416246 ], [ -157.943661925112906, 21.382349219977961 ], [ -157.943658579431656, 21.382347802497467 ], [ -157.943655232784579, 21.382346385013104 ], [ -157.943651881899143, 21.382344967529733 ], [ -157.943648525863324, 21.382343547867624 ], [ -157.943645168862673, 21.382342129103002 ], [ -157.943641817030851, 21.382340712522872 ], [ -157.943638469430397, 21.382339299525398 ], [ -157.943635111463323, 21.38233788255701 ], [ -157.943631749263602, 21.382336464703254 ], [ -157.943628400705308, 21.382335052602055 ], [ -157.94362505118778, 21.382333642294018 ], [ -157.943621692255249, 21.382332228021845 ], [ -157.943618332358199, 21.382330814646963 ], [ -157.943614964979616, 21.382329397720699 ], [ -157.943611614506324, 21.382327989207269 ], [ -157.94360825460717, 21.382326577630721 ], [ -157.943604893745345, 21.382325166052688 ], [ -157.943601538092395, 21.38232375756046 ], [ -157.943598173017762, 21.382322346014611 ], [ -157.943594802731212, 21.382320932282511 ], [ -157.94359143669206, 21.382319520734811 ], [ -157.943588081041042, 21.382318114039816 ], [ -157.943584732861439, 21.382316711773122 ], [ -157.943581370076771, 21.38231530469136 ], [ -157.943577990398495, 21.382313890137716 ], [ -157.94357462761036, 21.382312483054317 ], [ -157.943571260611634, 21.382311075109673 ], [ -157.943567893620724, 21.382309667168204 ], [ -157.943564530829946, 21.382308261883018 ], [ -157.943561157633638, 21.382306852650874 ], [ -157.943557785476457, 21.382305443853266 ], [ -157.943554432126462, 21.38230404340964 ], [ -157.943551071619623, 21.382302641676603 ], [ -157.943547685814423, 21.382301228087655 ], [ -157.943544327303641, 21.382299827685216 ], [ -157.94354094790458, 21.382298418072022 ], [ -157.943537578988668, 21.382297013731687 ], [ -157.943534211030226, 21.382295609390237 ], [ -157.943530849548893, 21.382294209446673 ], [ -157.943527453349901, 21.38229279373807 ], [ -157.943524093885856, 21.382291394235708 ], [ -157.943520724971052, 21.38228999169678 ], [ -157.94351734039077, 21.382288582133871 ], [ -157.943513971479632, 21.382287179595966 ], [ -157.943510596353093, 21.382285774871423 ], [ -157.943507226480335, 21.382284372333277 ], [ -157.943503856609055, 21.382282970696867 ], [ -157.943500477274711, 21.38228156512394 ], [ -157.94349708849694, 21.38228015471956 ], [ -157.943493728082188, 21.382278757015698 ], [ -157.943490358214433, 21.382277356281119 ], [ -157.943486967393795, 21.382275946333063 ], [ -157.943483589138879, 21.382274541209291 ], [ -157.943480219265041, 21.382273140471479 ], [ -157.943476833716005, 21.382271732715225 ], [ -157.943473459653802, 21.382270330236434 ], [ -157.943470075064653, 21.382268922479795 ], [ -157.943466708417361, 21.382267523481627 ], [ -157.943463324904826, 21.382266117074867 ], [ -157.943459948806691, 21.382264714149432 ], [ -157.94320780787703, 21.382159906266139 ], [ -157.94295568657995, 21.3820551065172 ], [ -157.942953095764153, 21.382054030278692 ], [ -157.942950470904066, 21.382052938990622 ], [ -157.942947878414202, 21.382051860757592 ], [ -157.942945295862472, 21.382050787951922 ], [ -157.942942678800677, 21.382049699507224 ], [ -157.942940096249288, 21.382048626701604 ], [ -157.942937466898172, 21.382047533145688 ], [ -157.942934878897461, 21.382046457177029 ], [ -157.942932286419392, 21.382045379848616 ], [ -157.942929667959618, 21.382044290817653 ], [ -157.94292707311601, 21.382043212003943 ], [ -157.942924468346575, 21.382042128663375 ], [ -157.942921873502797, 21.38204104984948 ], [ -157.942919263280032, 21.38203996424031 ], [ -157.942916669412057, 21.382038885432898 ], [ -157.942914074564897, 21.382037806617408 ], [ -157.942911464347304, 21.38203672101038 ], [ -157.942908865021934, 21.382035639932578 ], [ -157.942906265696593, 21.382034558854688 ], [ -157.942903658576682, 21.382033474032401 ], [ -157.942901066087643, 21.382032395797783 ], [ -157.942898454478808, 21.382031308707887 ], [ -157.942895867440001, 21.382030232739965 ], [ -157.942893243536929, 21.382029140532019 ], [ -157.942890644223326, 21.382028058555619 ], [ -157.942888044890111, 21.382026976570618 ], [ -157.942885445579293, 21.382025894595369 ], [ -157.942882841754056, 21.38202481033958 ], [ -157.942880247883295, 21.38202373062818 ], [ -157.942877636283328, 21.382022642633789 ], [ -157.942875049240172, 21.382021565764401 ], [ -157.942872420867076, 21.38202047038099 ], [ -157.942869826998447, 21.382019389769056 ], [ -157.9428672231804, 21.382018304610444 ], [ -157.94286462932061, 21.38201722400219 ], [ -157.942862020049915, 21.382016136571572 ], [ -157.942859421679572, 21.382015053682398 ], [ -157.942856816500324, 21.382013967054242 ], [ -157.942854234912943, 21.382012891558119 ], [ -157.94285160109132, 21.382011792987718 ], [ -157.942849002729673, 21.38201070919877 ], [ -157.942846404375842, 21.382009625413179 ], [ -157.942843789238964, 21.382008533321869 ], [ -157.942841208622355, 21.38200745693436 ], [ -157.942838585714298, 21.382006361999093 ], [ -157.942835982859492, 21.382005275029009 ], [ -157.942833389963738, 21.382004192618098 ], [ -157.942830781643494, 21.382003103365204 ], [ -157.9428281696797, 21.382002012087554 ], [ -157.942825561344875, 21.382000921921055 ], [ -157.942822963964801, 21.381999836332724 ], [ -157.942820366559772, 21.38199875073343 ], [ -157.942817769180181, 21.381997665145196 ], [ -157.942815147246989, 21.381996568386676 ], [ -157.942812556652285, 21.381995484732951 ], [ -157.942809967019343, 21.3819944019804 ], [ -157.942807338303311, 21.381993301476115 ], [ -157.942804748667868, 21.381992217821583 ], [ -157.942802137691928, 21.381991124735091 ], [ -157.942799530318808, 21.381990032751499 ], [ -157.942796933903281, 21.381988945356579 ], [ -157.942794312941288, 21.381987846773058 ], [ -157.942794197959529, 21.381987798484047 ], [ -157.942711050669089, 21.381952811063883 ], [ -157.942710668969056, 21.381952649410486 ], [ -157.942535210755864, 21.381877862823625 ], [ -157.942534764913546, 21.381877671362822 ], [ -157.942408127098474, 21.38182288221461 ], [ -157.942407468051073, 21.381822593935635 ], [ -157.941972324721263, 21.381630168772787 ], [ -157.941970790955594, 21.381629473189577 ], [ -157.941563923425235, 21.381440310867561 ], [ -157.94156296271953, 21.381439857236298 ], [ -157.941297664223129, 21.381312648681821 ], [ -157.941297139598106, 21.381312395014007 ], [ -157.941146347006196, 21.381238873716296 ], [ -157.941146103243909, 21.381238754405704 ], [ -157.94114359104492, 21.381237520046614 ], [ -157.941141077884339, 21.381236285686565 ], [ -157.941138558702193, 21.381235048369579 ], [ -157.941136011339239, 21.381233795827697 ], [ -157.941133503680049, 21.381232563270622 ], [ -157.941130990934596, 21.381231328642247 ], [ -157.941128438099241, 21.381230072501261 ], [ -157.941125931389394, 21.381228839938885 ], [ -157.941123401635451, 21.381227595142381 ], [ -157.941120894938166, 21.381226362586677 ], [ -157.941118342495429, 21.381225106150573 ], [ -157.941115824837993, 21.381223866399594 ], [ -157.941113318135677, 21.381222632941757 ], [ -157.941110765704849, 21.381221375595196 ], [ -157.941108248447193, 21.381220135566107 ], [ -157.94110573116842, 21.381218895526125 ], [ -157.941103213902409, 21.381217655492446 ], [ -157.941100696632589, 21.381216415456759 ], [ -157.941098167846775, 21.381215168845074 ], [ -157.941095662097609, 21.381213934484521 ], [ -157.941093121794921, 21.381212682195269 ], [ -157.941090593363413, 21.381211435277365 ], [ -157.941088070642337, 21.381210190746355 ], [ -157.941085559796818, 21.381208952500007 ], [ -157.941083037077135, 21.381207707970084 ], [ -157.941080526226074, 21.38120646972088 ], [ -157.941077986881766, 21.381205216512139 ], [ -157.941075470590874, 21.381203974676943 ], [ -157.941072942774241, 21.381202726249906 ], [ -157.941070437988913, 21.381201490092913 ], [ -157.941067921687306, 21.381200248252423 ], [ -157.941065393859759, 21.381198999819851 ], [ -157.94106288906886, 21.381197763659436 ], [ -157.941060349750984, 21.381196509552076 ], [ -157.941057828350012, 21.381195263813428 ], [ -157.941055318111012, 21.381194024063227 ], [ -157.941052796711176, 21.381192778325151 ], [ -157.941050286471977, 21.381191538574761 ], [ -157.941047753558934, 21.381190286246792 ], [ -157.941045254835643, 21.381189052183835 ], [ -157.941042715852035, 21.381187796854306 ], [ -157.941040212023097, 21.38118655979558 ], [ -157.941037690286322, 21.381185313462353 ], [ -157.941035180387047, 21.381184073404476 ], [ -157.941032642036959, 21.38118281838258 ], [ -157.941030126698848, 21.38118157473415 ], [ -157.941027611363381, 21.381180331087045 ], [ -157.941025096016318, 21.381179087433697 ], [ -157.941022580693783, 21.381177843792972 ], [ -157.941020065355389, 21.381176600144315 ], [ -157.941017550019723, 21.381175356496989 ], [ -157.941015023176533, 21.381174106256275 ], [ -157.941012519347765, 21.381172868298165 ], [ -157.94101000400039, 21.381171624644452 ], [ -157.941007488675638, 21.381170381002352 ], [ -157.941004961827105, 21.381169130758874 ], [ -157.941002457993591, 21.381167892797812 ], [ -157.940999931161826, 21.381166642562551 ], [ -157.940997427333741, 21.381165404604573 ], [ -157.940994900814758, 21.381164154949658 ], [ -157.940992386112072, 21.381162910712359 ], [ -157.940989882276824, 21.381161672750153 ], [ -157.94078077868329, 21.381058247896735 ], [ -157.940571693520184, 21.380954831274543 ], [ -157.940568428880681, 21.380953217100579 ], [ -157.940565146103296, 21.380951592578384 ], [ -157.940561889402545, 21.380949982328985 ], [ -157.940558615487788, 21.380948363092394 ], [ -157.94055534993538, 21.380946748466283 ], [ -157.940552067168937, 21.380945123949285 ], [ -157.940548810468556, 21.380943513699869 ], [ -157.940545549105906, 21.38094190114515 ], [ -157.940542287743938, 21.380940289491907 ], [ -157.940538996119045, 21.380938661500242 ], [ -157.940535739417669, 21.380937051250044 ], [ -157.940532478051949, 21.380935439594253 ], [ -157.94052920783713, 21.380933823565538 ], [ -157.940525942289554, 21.380932208943648 ], [ -157.940522693482336, 21.380930604863977 ], [ -157.940519400888689, 21.380928977781828 ], [ -157.940516138562202, 21.380927366125736 ], [ -157.940512877204753, 21.380925755374385 ], [ -157.940509610690299, 21.380924142551553 ], [ -157.940506348360856, 21.380922531794461 ], [ -157.940503086039143, 21.380920921942351 ], [ -157.940499814859834, 21.380919307719285 ], [ -157.940496548336228, 21.380917695793091 ], [ -157.940493289714198, 21.380916088239875 ], [ -157.940490026427454, 21.380914479286218 ], [ -157.940486764100768, 21.380912870332672 ], [ -157.940483509172509, 21.380911266870477 ], [ -157.940480227719462, 21.380909648965378 ], [ -157.940476973304072, 21.380908046182423 ], [ -157.940473709503351, 21.380906438349673 ], [ -157.940470454129297, 21.380904836464573 ], [ -157.940467172148971, 21.380903220583519 ], [ -157.940463912564184, 21.380901616626254 ], [ -157.94046065201735, 21.380900012667659 ], [ -157.940457386815751, 21.380898407320391 ], [ -157.940454122567019, 21.380896801969335 ], [ -157.940450865709181, 21.380895202093317 ], [ -157.940447595854295, 21.380893595360288 ], [ -157.940444343225465, 21.38089199845853 ], [ -157.940441081708968, 21.380890398093175 ], [ -157.940437810348442, 21.380888793369085 ], [ -157.940434543231504, 21.380887190726931 ], [ -157.940431284990183, 21.380885593336902 ], [ -157.940428022510929, 21.380883994768439 ], [ -157.940424759076024, 21.38088239620183 ], [ -157.940421499884508, 21.380880800612484 ], [ -157.940418236440536, 21.380879203840671 ], [ -157.940414972037047, 21.380877607068609 ], [ -157.94041170299559, 21.380876008928642 ], [ -157.940408447492217, 21.380874417407419 ], [ -157.940405191022023, 21.380872827675265 ], [ -157.940401912129516, 21.380871226096218 ], [ -157.940398655658669, 21.380869637261057 ], [ -157.940395398236973, 21.380868048428184 ], [ -157.940392136190582, 21.380866459137064 ], [ -157.940388864613311, 21.380864864769798 ], [ -157.940385601601776, 21.38086327637328 ], [ -157.940382343223121, 21.380861690231971 ], [ -157.94037908388438, 21.3808601058835 ], [ -157.940375815625117, 21.38085851719811 ], [ -157.940372546414324, 21.380856929416996 ], [ -157.940370083696934, 21.380855733330907 ], [ -157.940094762177381, 21.380728907172781 ], [ -157.939818383792414, 21.380601593473287 ], [ -157.939815873195812, 21.380600498809077 ], [ -157.939812521925859, 21.380599036278564 ], [ -157.939809195984935, 21.380597587422191 ], [ -157.939805862366626, 21.380596134804929 ], [ -157.93980253546431, 21.380594687738238 ], [ -157.939799187257336, 21.380593230986648 ], [ -157.939795856038558, 21.380591782939415 ], [ -157.939792515510021, 21.380590331744767 ], [ -157.939789169698457, 21.380588878672604 ], [ -157.939785847794468, 21.38058743646317 ], [ -157.93978251897218, 21.38058599387216 ], [ -157.939779159536187, 21.380584536696858 ], [ -157.939775826400592, 21.380583093133449 ], [ -157.93977248394242, 21.380581644635448 ], [ -157.939769159169487, 21.380580206896227 ], [ -157.9397657927897, 21.380578750261297 ], [ -157.939762445065867, 21.380577302597274 ], [ -157.93975911097138, 21.380575860827008 ], [ -157.939755775916495, 21.380574420849406 ], [ -157.939752427227774, 21.380572974984617 ], [ -157.9397490785488, 21.380571530025151 ], [ -157.939745724823069, 21.380570081988374 ], [ -157.939742388805058, 21.380568643801677 ], [ -157.939739043454836, 21.380567201591777 ], [ -157.93973569714089, 21.380565760279797 ], [ -157.939732343207226, 21.380564315272117 ], [ -157.939729006237428, 21.380562878881712 ], [ -157.939725655636352, 21.380561437524797 ], [ -157.939722295680127, 21.380559992142967 ], [ -157.939718949366778, 21.380558552629893 ], [ -157.939715602090018, 21.380557114014969 ], [ -157.939712241179848, 21.380555668639797 ], [ -157.939708898961953, 21.380554233097186 ], [ -157.939705547402696, 21.380552793542087 ], [ -157.93970219584574, 21.380551354889111 ], [ -157.939698833174702, 21.380549910975674 ], [ -157.939695489999963, 21.380548476331754 ], [ -157.939692137471837, 21.380547038574193 ], [ -157.939688775603173, 21.380545596811206 ], [ -157.939685413727915, 21.380544155045392 ], [ -157.939682065479673, 21.380542719123511 ], [ -157.939678716269697, 21.380541284099973 ], [ -157.93967535011717, 21.380539841404385 ], [ -157.939672000913617, 21.380538406383504 ], [ -157.939668647433109, 21.380536970431113 ], [ -157.939665284584805, 21.380535530467021 ], [ -157.939661921743436, 21.380534090505801 ], [ -157.939658558901726, 21.380532650544318 ], [ -157.93965520542389, 21.380531214592764 ], [ -157.939651856214482, 21.380529781367965 ], [ -157.939648496686033, 21.380528344139467 ], [ -157.939645129567339, 21.38052690325118 ], [ -157.93964177003798, 21.380525466022096 ], [ -157.939638406223423, 21.380524026959222 ], [ -157.939635048477243, 21.380522590081931 ], [ -157.939631698301383, 21.380521157753257 ], [ -157.939628320866319, 21.380519712866217 ], [ -157.939624967384248, 21.380518278713179 ], [ -157.939621607847954, 21.380516842382253 ], [ -157.939618234686435, 21.380515399323354 ], [ -157.939614880237883, 21.380513965167534 ], [ -157.939611516432649, 21.380512527011266 ], [ -157.939053470919561, 21.380273886984547 ], [ -157.938495433930086, 21.380035248871685 ], [ -157.93849206906205, 21.380033809817544 ], [ -157.938488704449497, 21.380032370381549 ], [ -157.938485350029481, 21.380030936206005 ], [ -157.938481986246131, 21.380029498027096 ], [ -157.938478603739298, 21.380028050937167 ], [ -157.938475246007556, 21.380026614032644 ], [ -157.938471895860715, 21.380025181683688 ], [ -157.938468510046135, 21.38002373276645 ], [ -157.93846515053076, 21.380022295509516 ], [ -157.938461779178652, 21.380020852776429 ], [ -157.938458401900959, 21.380019406601487 ], [ -157.938455042396157, 21.380017968446829 ], [ -157.938451671033533, 21.380016524803104 ], [ -157.938448308207313, 21.380015084813703 ], [ -157.938444923367086, 21.38001363407836 ], [ -157.938441564826633, 21.380012195022086 ], [ -157.938438198696474, 21.380010752300976 ], [ -157.93843484015369, 21.380009313243399 ], [ -157.938431441682326, 21.380007854848991 ], [ -157.93842808918123, 21.38000641706742 ], [ -157.938424705306261, 21.380004964510189 ], [ -157.938421347739279, 21.380003523653865 ], [ -157.938417959585422, 21.380002068349345 ], [ -157.938414579995737, 21.380000615811795 ], [ -157.938411219109213, 21.379999171310214 ], [ -157.938407858232353, 21.379997726813183 ], [ -157.938404471032555, 21.379996269679108 ], [ -157.938401092430041, 21.379994815332502 ], [ -157.938397724894315, 21.379993365331934 ], [ -157.938394354872685, 21.379991913771178 ], [ -157.938390968654772, 21.379990453909706 ], [ -157.938387609690295, 21.379989005791852 ], [ -157.938384228739721, 21.379987546873494 ], [ -157.938380874075477, 21.379986099707423 ], [ -157.938377466829166, 21.379984627202088 ], [ -157.938374113136859, 21.379983178235655 ], [ -157.938370728851567, 21.37998171472637 ], [ -157.938367353178904, 21.379980254030517 ], [ -157.938363969863616, 21.379978788699599 ], [ -157.938360613794231, 21.379977335163154 ], [ -157.93835722211935, 21.379975863972849 ], [ -157.938353876342518, 21.379974413576999 ], [ -157.938350465349856, 21.379972932177452 ], [ -157.938347102596452, 21.379971471287224 ], [ -157.938343729843467, 21.379970005146422 ], [ -157.93834034941645, 21.379968534339145 ], [ -157.93833696833903, 21.379967061431923 ], [ -157.938333624478986, 21.379965605628666 ], [ -157.938330204459589, 21.379964113085272 ], [ -157.938326856583757, 21.379962652407741 ], [ -157.938323456153483, 21.37996116613574 ], [ -157.938320109245723, 21.379959703656336 ], [ -157.938316705446965, 21.379958213647441 ], [ -157.938313345278146, 21.379956742233816 ], [ -157.938309961018092, 21.379955258513469 ], [ -157.938306601826184, 21.379953785292013 ], [ -157.938303199977724, 21.379952290689339 ], [ -157.938299852596799, 21.379950819995255 ], [ -157.938296451131635, 21.379949322384313 ], [ -157.938293113990994, 21.379947853965472 ], [ -157.938293031158537, 21.379947817467308 ], [ -157.938289694978522, 21.379946345444885 ], [ -157.938286358799303, 21.379944874323741 ], [ -157.938285205561272, 21.379944356031515 ], [ -157.938055305059549, 21.379839073519982 ], [ -157.938053210777213, 21.379838081353075 ], [ -157.937826434429411, 21.379727013060364 ], [ -157.937824369720659, 21.379725968282528 ], [ -157.937600884333051, 21.379609196471655 ], [ -157.937598850495363, 21.379608099744388 ], [ -157.937378819013134, 21.379485709387627 ], [ -157.937376817481095, 21.379484561476236 ], [ -157.937160399953513, 21.379356641157624 ], [ -157.9371584323832, 21.379355443010375 ], [ -157.936945788854445, 21.379222087637096 ], [ -157.936943856810359, 21.379220840222558 ], [ -157.936735141537611, 21.37908214740947 ], [ -157.936733245857141, 21.37908085125926 ], [ -157.936528612126523, 21.378936921330837 ], [ -157.936526754561044, 21.378935577620528 ], [ -157.936326352765747, 21.37878651631986 ], [ -157.936325370586019, 21.378785774792526 ], [ -157.936322508601478, 21.378783581709122 ], [ -157.936319636497899, 21.378781380131716 ], [ -157.936316731477547, 21.378779149848317 ], [ -157.93631387819093, 21.378776960152926 ], [ -157.93631095729981, 21.378774714340775 ], [ -157.936308099163938, 21.378772516733925 ], [ -157.936305207275268, 21.378770290774906 ], [ -157.936302337563944, 21.378768080965418 ], [ -157.936299444229746, 21.378765850396103 ], [ -157.936296589012414, 21.378763649196369 ], [ -157.936293700027989, 21.378761419559723 ], [ -157.9362908332389, 21.378759206131697 ], [ -157.936287939463739, 21.378756968550285 ], [ -157.936285094822153, 21.378754769833943 ], [ -157.936282199665982, 21.37875252859503 ], [ -157.936279355984311, 21.378750328074684 ], [ -157.936276468534885, 21.378748091115067 ], [ -157.936273608963404, 21.378745874988823 ], [ -157.936270733612787, 21.378743644816126 ], [ -157.936267874996361, 21.378741426865457 ], [ -157.936265003926195, 21.378739197592797 ], [ -157.936262143960192, 21.378736976028815 ], [ -157.936259277109542, 21.378734747611269 ], [ -157.936256429241183, 21.378732533788593 ], [ -157.936253548822975, 21.378730291343505 ], [ -157.936250716457948, 21.378728087926525 ], [ -157.936247838157044, 21.378725846356748 ], [ -157.936244982069809, 21.37872362116466 ], [ -157.936242126024666, 21.378721395098701 ], [ -157.936239273174806, 21.378719170767777 ], [ -157.936236407924838, 21.378716935104755 ], [ -157.936233567168813, 21.378714718546473 ], [ -157.936230713046996, 21.378712490653172 ], [ -157.936227848788235, 21.378710253182494 ], [ -157.936225008996416, 21.378708034817521 ], [ -157.936222159045911, 21.378705807762618 ], [ -157.936219306867685, 21.378703578059209 ], [ -157.936216457872661, 21.378701350086786 ], [ -157.936213600015122, 21.378699113371486 ], [ -157.936210768816039, 21.378696898413111 ], [ -157.936207913026948, 21.378694662555372 ], [ -157.936205080733743, 21.37869244583958 ], [ -157.936202222525282, 21.37869020732516 ], [ -157.936199383451736, 21.378687983643317 ], [ -157.936196536382084, 21.378685752941518 ], [ -157.936193687139166, 21.378683519630023 ], [ -157.936190846603893, 21.378681292386489 ], [ -157.936188016231426, 21.378679073863303 ], [ -157.936185170146672, 21.378676842268359 ], [ -157.936182321854801, 21.378674608034348 ], [ -157.936179493551549, 21.378672389478339 ], [ -157.936176665237667, 21.378670171815063 ], [ -157.936173800143507, 21.378667922738806 ], [ -157.936170972789228, 21.378665704172192 ], [ -157.936168136736995, 21.378663478633374 ], [ -157.936165303822577, 21.378661255703765 ], [ -157.93616245652683, 21.378659020584085 ], [ -157.936159622515277, 21.378656795889544 ], [ -157.936156788515831, 21.378654571204518 ], [ -157.93615394991636, 21.378652342151906 ], [ -157.936151121488024, 21.378650121840806 ], [ -157.936148287476868, 21.378647897146386 ], [ -157.935084639411542, 21.377812843920111 ], [ -157.934021000898781, 21.376977781944511 ], [ -157.934015915679851, 21.376973789178365 ], [ -157.934010832153064, 21.376969798495836 ], [ -157.934005732887357, 21.376965793796032 ], [ -157.934000647226185, 21.376961799778115 ], [ -157.933995548920706, 21.376957794167012 ], [ -157.933990464219789, 21.376953799241587 ], [ -157.933985361642215, 21.376949787847991 ], [ -157.933980271479498, 21.376945785305576 ], [ -157.933975168677847, 21.376941770253183 ], [ -157.93397007424295, 21.376937760114306 ], [ -157.933964968148928, 21.376933737462458 ], [ -157.93395988923794, 21.376929736216031 ], [ -157.933954765080927, 21.376925693404516 ], [ -157.933949689064235, 21.376921688545636 ], [ -157.933944569956907, 21.376917643910645 ], [ -157.93393949043363, 21.376913629619978 ], [ -157.933934365736917, 21.376909572788687 ], [ -157.933929291234705, 21.376905554892335 ], [ -157.933924165196203, 21.376901488573182 ], [ -157.933919100764797, 21.376897471079367 ], [ -157.933919019453441, 21.376897406496575 ], [ -157.933913960807644, 21.376893383583841 ], [ -157.933908900084731, 21.376889358881503 ], [ -157.933908826169983, 21.376889300031749 ], [ -157.933903772349197, 21.376885271701514 ], [ -157.933898711220053, 21.376881236642028 ], [ -157.933898622763365, 21.376881166022851 ], [ -157.933893574731599, 21.376877130469321 ], [ -157.933888526702106, 21.376873094917492 ], [ -157.933888438344923, 21.37687302418615 ], [ -157.933883396102146, 21.37686898231231 ], [ -157.93387834132136, 21.376864928709267 ], [ -157.93387824685442, 21.3768648528429 ], [ -157.933873212329701, 21.376860803746567 ], [ -157.933868163290185, 21.376856741166492 ], [ -157.93386806895225, 21.376856665149649 ], [ -157.933863041181525, 21.37685260792701 ], [ -157.933858006172386, 21.376848543958477 ], [ -157.933857885047189, 21.376848446010762 ], [ -157.933852865959494, 21.376844379759614 ], [ -157.933847839662178, 21.37684030676354 ], [ -157.93384773119115, 21.376840218718339 ], [ -157.933842718857449, 21.3768361434377 ], [ -157.933837688783939, 21.376832051257185 ], [ -157.933837574265624, 21.376831957926758 ], [ -157.933832571579956, 21.376827873618019 ], [ -157.933827549296097, 21.376823770710338 ], [ -157.933827421595765, 21.376823666180634 ], [ -157.933822428558102, 21.376819571037281 ], [ -157.933817430242186, 21.376815470773913 ], [ -157.933817288533106, 21.37681535427074 ], [ -157.933812305143448, 21.376811248292892 ], [ -157.933807316471444, 21.376807137168072 ], [ -157.93380716882811, 21.376807015217771 ], [ -157.933802196050465, 21.376802898405714 ], [ -157.933797210905539, 21.37679876965101 ], [ -157.933797057347533, 21.376798642169053 ], [ -157.933792096146902, 21.376794513620005 ], [ -157.933787127902917, 21.376790378305639 ], [ -157.933786968420662, 21.376790245231266 ], [ -157.933782018797075, 21.376786104945307 ], [ -157.933777062156622, 21.376781957884987 ], [ -157.93377689603409, 21.376781818535722 ], [ -157.933771957987489, 21.376777665609463 ], [ -157.933767000684497, 21.376773493865507 ], [ -157.93376684193197, 21.376773359938301 ], [ -157.933761916427414, 21.376769194372436 ], [ -157.933756971724591, 21.37676500994182 ], [ -157.933756793259903, 21.376764858494909 ], [ -157.933751881261372, 21.376760678483251 ], [ -157.933746957042985, 21.376756486345478 ], [ -157.933746785321205, 21.37675633975967 ], [ -157.933741885864663, 21.376752146205106 ], [ -157.93373695673057, 21.376747922951292 ], [ -157.933736785512963, 21.376747775857659 ], [ -157.933731900528443, 21.376743567857794 ], [ -157.933726979122554, 21.376739323262385 ], [ -157.933726815236469, 21.376739181548796 ], [ -157.933721944723004, 21.376734959103629 ], [ -157.933717037892308, 21.376730699935056 ], [ -157.933716854707001, 21.376730540467705 ], [ -157.933711999629537, 21.376726301771139 ], [ -157.933707103041684, 21.376722020729517 ], [ -157.933705608401368, 21.37672068240192 ], [ -157.933587056151566, 21.376611966800851 ], [ -157.933584383190151, 21.3766094051519 ], [ -157.933471060537471, 21.376495902016714 ], [ -157.933468510999944, 21.376493232878339 ], [ -157.933360637693312, 21.376375163584164 ], [ -157.933358215682858, 21.376372391221153 ], [ -157.933256001824248, 21.376249983461324 ], [ -157.933253712701571, 21.37624711394654 ], [ -157.933157357779834, 21.376120607151474 ], [ -157.933155206216838, 21.376117646422227 ], [ -157.933064895249771, 21.375987285435372 ], [ -157.933062884599281, 21.375984238075855 ], [ -157.932978794884576, 21.375850275865883 ], [ -157.932976930102654, 21.375847149418568 ], [ -157.932899223507064, 21.375709847979632 ], [ -157.932897507302414, 21.375706647046123 ], [ -157.93282633507755, 21.37556627107687 ], [ -157.932824770958803, 21.375563002049592 ], [ -157.932760272784265, 21.375419825275426 ], [ -157.932758864266418, 21.375416495556394 ], [ -157.932701163421683, 21.375270795308353 ], [ -157.932699912705601, 21.375267410127545 ], [ -157.932649122825211, 21.37511947005407 ], [ -157.932648032801183, 21.37511603726805 ], [ -157.932604251124559, 21.374966145526585 ], [ -157.932603323406511, 21.374962670178043 ], [ -157.932566636562086, 21.374811116726864 ], [ -157.932565873353496, 21.37480760695319 ], [ -157.932536351575635, 21.374654686259372 ], [ -157.932535754261892, 21.374651148702146 ], [ -157.932513454282912, 21.374497157935849 ], [ -157.932513023908257, 21.37449359872868 ], [ -157.932497989924485, 21.374338836860399 ], [ -157.932497727395997, 21.37433526311807 ], [ -157.932489989135746, 21.374180031821332 ], [ -157.932489894998014, 21.374176451495803 ], [ -157.932489465801552, 21.374021051533251 ], [ -157.932489540181678, 21.374017470338011 ], [ -157.932496421813369, 21.37386220336969 ], [ -157.932496664619606, 21.373858628391755 ], [ -157.932510844384694, 21.373703796071265 ], [ -157.932511255114832, 21.373700234809629 ], [ -157.932532704886654, 21.373546138783254 ], [ -157.932533282656323, 21.373542598444594 ], [ -157.932561959850091, 21.373389536739182 ], [ -157.932562703664445, 21.373386023341286 ], [ -157.932598553158499, 21.37323429397777 ], [ -157.932599461650256, 21.373230814249631 ], [ -157.932642414829047, 21.373080711629886 ], [ -157.932643485960341, 21.373077273339273 ], [ -157.932693457815077, 21.372929090051684 ], [ -157.932694689639192, 21.372925699307544 ], [ -157.932751583596399, 21.372779721612538 ], [ -157.932752973867792, 21.372776384667638 ], [ -157.932816679856813, 21.372632897013339 ], [ -157.932818225829436, 21.37262962055107 ], [ -157.932888620282768, 21.372488901960466 ], [ -157.932889523893067, 21.372487150507716 ], [ -157.932892482770427, 21.372481586343255 ], [ -157.932895464650983, 21.372475986189936 ], [ -157.932895580738858, 21.372475768984167 ], [ -157.932898560824185, 21.372470213859714 ], [ -157.932901560581627, 21.372464628385956 ], [ -157.93290167236546, 21.372464420986944 ], [ -157.932904671730796, 21.372458875805094 ], [ -157.932907691810698, 21.372453298593978 ], [ -157.932907796681064, 21.372453105567459 ], [ -157.932910814362373, 21.372447569424519 ], [ -157.932913855472293, 21.372441997435551 ], [ -157.932913960879773, 21.372441804939019 ], [ -157.932916997841033, 21.372436276932184 ], [ -157.932920052273744, 21.372430722453252 ], [ -157.932920150629087, 21.372430544135998 ], [ -157.932923203977339, 21.372425025167274 ], [ -157.932926281017615, 21.372419470433709 ], [ -157.932926377265659, 21.372419297195091 ], [ -157.932929447966899, 21.372413786361768 ], [ -157.932932533635466, 21.372408253038852 ], [ -157.93293263308675, 21.372408075235242 ], [ -157.932935720174953, 21.372402572536927 ], [ -157.932938822306056, 21.372397047374534 ], [ -157.932938914330236, 21.372396883923209 ], [ -157.932942016843469, 21.372391388456297 ], [ -157.932945128281119, 21.372385879794155 ], [ -157.932945223501804, 21.372385711686707 ], [ -157.932948340473047, 21.372380224354007 ], [ -157.932951469836524, 21.372374718607404 ], [ -157.932951557477423, 21.372374564811565 ], [ -157.932954688909632, 21.372369083806667 ], [ -157.932957829352887, 21.372363589621898 ], [ -157.932957912129922, 21.372363445154541 ], [ -157.932961056094086, 21.372357971379945 ], [ -157.932964215328411, 21.372352475285503 ], [ -157.932964292776376, 21.372352340852945 ], [ -157.932967450236561, 21.372346872502661 ], [ -157.932970619632869, 21.372341386959054 ], [ -157.932970692077163, 21.372341261835619 ], [ -157.93297386110433, 21.372335799812031 ], [ -157.932977045515486, 21.372330315508936 ], [ -157.932977110496097, 21.372330203805625 ], [ -157.932980290126267, 21.372324748108348 ], [ -157.932983485188373, 21.372319270153437 ], [ -157.932983552818826, 21.372319154424105 ], [ -157.932986744016944, 21.372313704150315 ], [ -157.932989941495805, 21.372308244797757 ], [ -157.932990012257534, 21.372308124221849 ], [ -157.932993214058683, 21.372302679371185 ], [ -157.932996415867564, 21.372297234508959 ], [ -157.932996478566537, 21.372297128074191 ], [ -157.932999689043641, 21.372291687742724 ], [ -157.933002899521853, 21.372286247409264 ], [ -157.933002962391868, 21.372286141060485 ], [ -157.933006181543988, 21.372280705248318 ], [ -157.933009407014936, 21.372275260397259 ], [ -157.933009459349535, 21.372275172181443 ], [ -157.933012686213658, 21.372269740887972 ], [ -157.933015919400077, 21.372264300577285 ], [ -157.933015965891201, 21.372264222450351 ], [ -157.933019200467299, 21.372258793869381 ], [ -157.933022438039018, 21.372253361164439 ], [ -157.933022487623276, 21.372253278075487 ], [ -157.933025727445795, 21.372247856523824 ], [ -157.933028967270872, 21.372242434067001 ], [ -157.933032252325887, 21.372236947657626 ], [ -157.933035514181768, 21.372231504197156 ], [ -157.933038793682073, 21.372226039576017 ], [ -157.933042045609795, 21.372220620933682 ], [ -157.933045342051969, 21.372215140537019 ], [ -157.933048596096285, 21.372209729099954 ], [ -157.933051884355393, 21.372204269021012 ], [ -157.933055151310953, 21.372198845951399 ], [ -157.933058431692046, 21.372193405617555 ], [ -157.933061701548411, 21.372187984351466 ], [ -157.933064986974586, 21.37218254388748 ], [ -157.933068249135289, 21.372177139476854 ], [ -157.93307153802516, 21.372171697398198 ], [ -157.933074803636856, 21.3721662922657 ], [ -157.933078084680318, 21.372160864786515 ], [ -157.933081357988186, 21.37215545101396 ], [ -157.933084631889272, 21.372150037853718 ], [ -157.933087899426909, 21.372144633623151 ], [ -157.9344896242782, 21.369826715247136 ], [ -157.935891297402151, 21.367508797717662 ], [ -157.935963716561332, 21.367389036760805 ], [ -157.936036136883189, 21.367269275249004 ], [ -157.936038471562114, 21.367265414557352 ], [ -157.936040805429343, 21.367261554307348 ], [ -157.936043141436357, 21.367257690518127 ], [ -157.936045479581651, 21.367253824093488 ], [ -157.936047813447431, 21.367249963845733 ], [ -157.936050145662335, 21.367246106326935 ], [ -157.936052476919571, 21.36724224879978 ], [ -157.936054816708719, 21.367238378750415 ], [ -157.936057147966153, 21.367234521222876 ], [ -157.936059480864685, 21.367230660979796 ], [ -157.936061812118794, 21.367226802554288 ], [ -157.936064142415375, 21.36722294502367 ], [ -157.936066474347797, 21.367219083881029 ], [ -157.936068804647903, 21.367215225442813 ], [ -157.936071131836286, 21.367211370562774 ], [ -157.936073459032571, 21.367207514768626 ], [ -157.936075787400625, 21.367203655438111 ], [ -157.936078115764275, 21.367199797013924 ], [ -157.936080438904781, 21.367195943855378 ], [ -157.936082773181369, 21.367192074724841 ], [ -157.936085093708982, 21.367188224305735 ], [ -157.936087418023874, 21.367184367603979 ], [ -157.936089737591061, 21.36718051628571 ], [ -157.936092062107008, 21.367176655152239 ], [ -157.936094384494311, 21.367172797554577 ], [ -157.936096705920363, 21.36716893905518 ], [ -157.936099029473297, 21.367165077020516 ], [ -157.936101340265935, 21.36716123460312 ], [ -157.936103652915335, 21.367157384110673 ], [ -157.936105976656478, 21.367153517649513 ], [ -157.936108285740602, 21.367149669900915 ], [ -157.936110607082043, 21.367145803328153 ], [ -157.936112918971588, 21.367141948403479 ], [ -157.936115234630478, 21.36713808719356 ], [ -157.936117545558687, 21.367134231371292 ], [ -157.936119849651419, 21.367130385356077 ], [ -157.936122155591534, 21.367126531257309 ], [ -157.936124465746644, 21.367122671012972 ], [ -157.936126769764854, 21.367118816019264 ], [ -157.936129078003802, 21.367114954864572 ], [ -157.936131380104797, 21.367111098969794 ], [ -157.936133680558925, 21.367107245835005 ], [ -157.936135978126259, 21.367103391818834 ], [ -157.936138284170113, 21.367099525194519 ], [ -157.936140579822734, 21.367095670275976 ], [ -157.936142873382011, 21.367091818872645 ], [ -157.936145164067767, 21.367087965675388 ], [ -157.936147461547733, 21.367084102660268 ], [ -157.936149747702473, 21.367080251358367 ], [ -157.936152041887624, 21.367076387245831 ], [ -157.936154329865843, 21.367072527844613 ], [ -157.936156617849861, 21.367068669330759 ], [ -157.936158898807292, 21.367064815138971 ], [ -157.936161185976204, 21.367060951347682 ], [ -157.936163464063924, 21.367057096256193 ], [ -157.936165744221512, 21.367053236764857 ], [ -157.936168023572833, 21.367049372872252 ], [ -157.93617030291739, 21.367045509886605 ], [ -157.936172575274099, 21.367041651192046 ], [ -157.936174848010381, 21.367037791852972 ], [ -157.936177114866979, 21.367033935105983 ], [ -157.936178832896701, 21.367031011435387 ], [ -157.936323056827604, 21.366769047404357 ], [ -157.936466538479493, 21.366508432522007 ], [ -157.936468084040058, 21.36650542741593 ], [ -157.936470125961335, 21.366501457212383 ], [ -157.936472164051054, 21.366497486118082 ], [ -157.936474206687478, 21.366493507135452 ], [ -157.936476241907712, 21.366489534245652 ], [ -157.936478284013162, 21.366485547915342 ], [ -157.936480315671645, 21.366481577349642 ], [ -157.936482345418511, 21.366477605886733 ], [ -157.936484381764018, 21.366473616856041 ], [ -157.936486414671009, 21.366469634561124 ], [ -157.936488443066906, 21.366465654575116 ], [ -157.93649047146738, 21.366461673684917 ], [ -157.936492498623323, 21.366457688693782 ], [ -157.93649452921241, 21.366453696953599 ], [ -157.936496554451793, 21.366449711065304 ], [ -157.936498575304341, 21.366445731923459 ], [ -157.936500596711596, 21.366441745131233 ], [ -157.936502622670133, 21.36643775035607 ], [ -157.9365046421606, 21.366433761767251 ], [ -157.936506666678554, 21.366429764146389 ], [ -157.936508682631654, 21.366425777861586 ], [ -157.936510702660513, 21.366421781618989 ], [ -157.936512721726984, 21.366417784483083 ], [ -157.936514738025863, 21.366413790925183 ], [ -157.936516754209009, 21.366409793790901 ], [ -157.93651877219537, 21.366405792183496 ], [ -157.936520787417663, 21.366401793253694 ], [ -157.93652279827333, 21.366397801084741 ], [ -157.936524810617613, 21.366393801248552 ], [ -157.936526822967437, 21.36638980140339 ], [ -157.93652883338828, 21.366385800673832 ], [ -157.936530848814357, 21.366381790884855 ], [ -157.93653285827429, 21.366377789257449 ], [ -157.936534868375162, 21.366373785338101 ], [ -157.936536877722148, 21.366369780107917 ], [ -157.936538888661488, 21.366365770802688 ], [ -157.936540896836618, 21.366361765090801 ], [ -157.936542904051691, 21.366357759377024 ], [ -157.936544912107564, 21.366353750065894 ], [ -157.936546920164744, 21.366349739851216 ], [ -157.93654892884976, 21.366345726460466 ], [ -157.936550932553644, 21.366341723022 ], [ -157.936552934336987, 21.366337718684562 ], [ -157.936554945443504, 21.366333697620515 ], [ -157.936556947856218, 21.366329690101868 ], [ -157.936558959798759, 21.366325665436722 ], [ -157.936560960621904, 21.366321660197865 ], [ -157.936562965454868, 21.366317645005132 ], [ -157.936564973674678, 21.366313623029466 ], [ -157.936566978507926, 21.3663096078362 ], [ -157.936568980797773, 21.366305595810619 ], [ -157.93657098646878, 21.366301576107514 ], [ -157.936572991917018, 21.366297557750475 ], [ -157.93657499324641, 21.366293544821005 ], [ -157.936576999530388, 21.366289521954982 ], [ -157.936579005820789, 21.366285499076085 ], [ -157.936581012111276, 21.366281476196985 ], [ -157.936583015018329, 21.366277460101998 ], [ -157.936585016961601, 21.366273444009487 ], [ -157.936587026632338, 21.366269414349098 ], [ -157.936589028570609, 21.36626539826462 ], [ -157.936591039176164, 21.366261366729827 ], [ -157.936865339624092, 21.365711163588923 ], [ -157.937139644517742, 21.365160947569809 ], [ -157.937145238867117, 21.365149724806823 ], [ -157.937150831016908, 21.365138506456208 ], [ -157.937156419457722, 21.36512729077641 ], [ -157.937162003947265, 21.365116080190024 ], [ -157.937167585713553, 21.365104865531052 ], [ -157.937173161189776, 21.365093662475886 ], [ -157.937178730579774, 21.365082453608892 ], [ -157.937184297461243, 21.36507125068713 ], [ -157.937189852393459, 21.365060047962107 ], [ -157.937195403389325, 21.365048851233752 ], [ -157.937200943501097, 21.365037647797244 ], [ -157.937206478791438, 21.365026453209438 ], [ -157.937211999274382, 21.365015252096573 ], [ -157.937217517439279, 21.365004055685002 ], [ -157.937223017538372, 21.364992855638803 ], [ -157.937228512522864, 21.364981663156694 ], [ -157.937233988882099, 21.364970461460032 ], [ -157.937239462536439, 21.364959263333056 ], [ -157.937244914324395, 21.364948059793388 ], [ -157.937250358879425, 21.36493686628161 ], [ -157.937255781231073, 21.364925659327991 ], [ -157.937261199167438, 21.364914459517784 ], [ -157.937266591268099, 21.364903248042722 ], [ -157.937271978325327, 21.36489204506147 ], [ -157.937277336700305, 21.364880829522487 ], [ -157.937282691227921, 21.364869620031463 ], [ -157.937288012831402, 21.364858402038948 ], [ -157.937293330387149, 21.364847186534327 ], [ -157.937298615394923, 21.364835959787829 ], [ -157.937303895209396, 21.364824736199388 ], [ -157.937309140459206, 21.364813501669186 ], [ -157.937314377900719, 21.364802273906371 ], [ -157.937319579105889, 21.364791031840735 ], [ -157.937324773692467, 21.364779794054282 ], [ -157.937329930157915, 21.364768541078153 ], [ -157.93733507888345, 21.364757294892751 ], [ -157.937340186661089, 21.36474603263601 ], [ -157.937345287871295, 21.364734774677185 ], [ -157.937350345127669, 21.364723502270071 ], [ -157.937355395363568, 21.3647122331279 ], [ -157.937360400426115, 21.364700948098584 ], [ -157.937365396913748, 21.36468966901549 ], [ -157.937370345889349, 21.364678372102158 ], [ -157.937375287893559, 21.364667077590138 ], [ -157.937380178299804, 21.364655770357153 ], [ -157.937385060070426, 21.364644465058788 ], [ -157.937389891981695, 21.364633139148342 ], [ -157.937394713546468, 21.364621820147008 ], [ -157.9373994804983, 21.364610484259099 ], [ -157.937404238133468, 21.364599149829999 ], [ -157.937408940792068, 21.364587795855972 ], [ -157.937413632915195, 21.364576446359852 ], [ -157.93741826715754, 21.364565078120748 ], [ -157.937422891171934, 21.364553711407414 ], [ -157.937427455058213, 21.364542327861159 ], [ -157.937432008056049, 21.364530944324748 ], [ -157.937436499406203, 21.36451954469646 ], [ -157.937440976701538, 21.364508148408888 ], [ -157.937445392263726, 21.364496730082571 ], [ -157.937449794687069, 21.364485314436646 ], [ -157.937454132598361, 21.364473877383698 ], [ -157.937458221245095, 21.364463066769854 ], [ -157.937509259483733, 21.364318204263338 ], [ -157.937553814107957, 21.364172260149612 ], [ -157.937592064373462, 21.36402475524838 ], [ -157.937623947947145, 21.363875928163857 ], [ -157.937649412928465, 21.363726019791656 ], [ -157.937668419541666, 21.363575272581361 ], [ -157.937680935579607, 21.363423932659941 ], [ -157.93768694117847, 21.363272242743751 ], [ -157.937686426807915, 21.363120448900073 ], [ -157.937679392381767, 21.362968798320392 ], [ -157.937665783549505, 21.362816780528174 ], [ -157.937664496605976, 21.3628053745019 ], [ -157.937663122797886, 21.362793308310717 ], [ -157.937661680634619, 21.362781246233826 ], [ -157.937660226430182, 21.362769179179899 ], [ -157.937658706104116, 21.362757119524183 ], [ -157.937657173324681, 21.362745052880896 ], [ -157.937655576354075, 21.362732987111148 ], [ -157.93765396952972, 21.362720919291228 ], [ -157.937652300282679, 21.362708858907638 ], [ -157.937650620815816, 21.36269679487307 ], [ -157.937648880210048, 21.362684735113984 ], [ -157.937647129390427, 21.362672663696298 ], [ -157.9376453221752, 21.362660603559071 ], [ -157.937643504607905, 21.362648538503564 ], [ -157.937641631584228, 21.362636478527474 ], [ -157.937639749051414, 21.362624413202848 ], [ -157.937637812509223, 21.362612349608682 ], [ -157.93763586878282, 21.362600284456583 ], [ -157.937633872819362, 21.362588225508834 ], [ -157.937631868839304, 21.362576160109295 ], [ -157.937629814869268, 21.362564098469306 ], [ -157.937627754288968, 21.362552032415731 ], [ -157.937625645567721, 21.362539971011714 ], [ -157.93762353149944, 21.362527906237553 ], [ -157.937621370370692, 21.362515846170897 ], [ -157.937619203794128, 21.362503777862283 ], [ -157.937616994018697, 21.362491719150405 ], [ -157.937614777368992, 21.362479650722321 ], [ -157.937612520497879, 21.362467587524961 ], [ -157.937610257876827, 21.362455519073908 ], [ -157.937607956657985, 21.362443455399411 ], [ -157.937605650880101, 21.362431388720875 ], [ -157.937603306774122, 21.362419321652204 ], [ -157.937600959744827, 21.362407250264344 ], [ -157.937598577276646, 21.362395184601265 ], [ -157.93759619109386, 21.362383109809446 ], [ -157.937593772520529, 21.36237104090792 ], [ -157.937591350315529, 21.362358964327353 ], [ -157.937588898931097, 21.362346895427489 ], [ -157.937586442933281, 21.362334817944088 ], [ -157.9375839595549, 21.362322742977618 ], [ -157.937581472972283, 21.36231066174102 ], [ -157.937578960897042, 21.362298582127931 ], [ -157.93757644726972, 21.362286499657589 ], [ -157.937573909206975, 21.362274419371218 ], [ -157.937571368513971, 21.362262327459284 ], [ -157.937568808883157, 21.362250243936732 ], [ -157.937566245521197, 21.362238152755509 ], [ -157.937563664281299, 21.362226061422657 ], [ -157.937561080132099, 21.362213961859258 ], [ -157.937558482190241, 21.362201866943629 ], [ -157.937555881227553, 21.362189767810758 ], [ -157.93755326642227, 21.362177665105431 ], [ -157.93755065013849, 21.362165554651416 ], [ -157.937548023526546, 21.362153448052631 ], [ -157.937545394812162, 21.3621413317587 ], [ -157.937542758518902, 21.362129216916092 ], [ -157.937540121000751, 21.362117097341645 ], [ -157.937537477573926, 21.36210497806011 ], [ -157.937534832159997, 21.362092848765535 ], [ -157.937532184109102, 21.362080722433564 ], [ -157.937529533821248, 21.362068584954699 ], [ -157.936804833385537, 21.358749850371431 ], [ -157.936080167203272, 21.355431119968252 ], [ -157.93607921875298, 21.355426775656515 ], [ -157.936078269819774, 21.355422433540049 ], [ -157.936077316649488, 21.355418067611826 ], [ -157.93607636903576, 21.355413727132099 ], [ -157.936075420456888, 21.355409387533367 ], [ -157.936074468312995, 21.355405026314887 ], [ -157.93607351937905, 21.355400684190407 ], [ -157.936072568713627, 21.355396334142931 ], [ -157.93607161978241, 21.355391992035276 ], [ -157.93607067024476, 21.355387651549243 ], [ -157.93606971897043, 21.355383304031839 ], [ -157.936068768718854, 21.355378960282788 ], [ -157.936067818219271, 21.355374620701923 ], [ -157.93606686526536, 21.355370269007736 ], [ -157.936065914766829, 21.355365929431539 ], [ -157.936064964686636, 21.355361596145702 ], [ -157.936064011906126, 21.3553572549366 ], [ -157.936063058345241, 21.35535290488383 ], [ -157.936062107061389, 21.355348575765888 ], [ -157.936061152597432, 21.355344231274046 ], [ -157.936060198253671, 21.355339891702268 ], [ -157.936059243544207, 21.355335551377987 ], [ -157.936058289620007, 21.355331218081446 ], [ -157.936057335098923, 21.355326887338162 ], [ -157.936056377506162, 21.355322547028582 ], [ -157.936055419908314, 21.355318206691297 ], [ -157.936054463467087, 21.355313875947836 ], [ -157.936053505699476, 21.3553095444516 ], [ -157.936052545217734, 21.355305204126317 ], [ -157.936051586855882, 21.355300874284307 ], [ -157.93605062796351, 21.355296550707884 ], [ -157.936049666719384, 21.355292220856285 ], [ -157.936048702754846, 21.355287883984339 ], [ -157.936047739818889, 21.355283550839985 ], [ -157.93604677569553, 21.355279221896289 ], [ -157.936045813335994, 21.355274900867812 ], [ -157.936044848103222, 21.355270580753285 ], [ -157.936043878586929, 21.355266240556649 ], [ -157.936042910622433, 21.355261912512404 ], [ -157.936041944868549, 21.355257598626604 ], [ -157.936040974466891, 21.355253276826431 ], [ -157.936040002222683, 21.355248943448615 ], [ -157.936039029903412, 21.355244622549723 ], [ -157.936038057584682, 21.355240301653119 ], [ -157.936037082763249, 21.355235982414833 ], [ -157.936036106159349, 21.355231656173945 ], [ -157.936035129044996, 21.35522733616936 ], [ -157.9360341531426, 21.355223025752238 ], [ -157.936033172573531, 21.35521870832309 ], [ -157.936032189824317, 21.355214381290409 ], [ -157.936031207338743, 21.355210063861382 ], [ -157.936030225696499, 21.35520575523795 ], [ -157.936029238990983, 21.355201437018266 ], [ -157.936028252669217, 21.35519712047363 ], [ -157.936027265287805, 21.355192812750516 ], [ -157.936026276947672, 21.355188505022038 ], [ -157.936025283918354, 21.355184190283648 ], [ -157.936024290498011, 21.355179872943978 ], [ -157.936023296417204, 21.355175567005649 ], [ -157.936022301378841, 21.355171260162269 ], [ -157.936021302040132, 21.355166948943097 ], [ -157.936020462588061, 21.35516332673285 ], [ -157.935972926549908, 21.354974775938327 ], [ -157.935925103570241, 21.354785088524732 ], [ -157.935924124507835, 21.354781495813722 ], [ -157.935922961622907, 21.354777228558163 ], [ -157.935921794913838, 21.354772963098306 ], [ -157.935920626571146, 21.354768690765614 ], [ -157.935919455491387, 21.354764423317782 ], [ -157.935918281111071, 21.35476014034731 ], [ -157.935917107160009, 21.354755873789376 ], [ -157.935915933207951, 21.354751607224049 ], [ -157.935914755431497, 21.354747341567993 ], [ -157.935913573777441, 21.354743057496158 ], [ -157.93591239368368, 21.354738794730817 ], [ -157.935911209151243, 21.354734512469278 ], [ -157.935910025630022, 21.354730247692213 ], [ -157.935908837814168, 21.354725968338929 ], [ -157.935907649667399, 21.354721694701418 ], [ -157.935906461122585, 21.354717423078924 ], [ -157.935905270663596, 21.354713152362272 ], [ -157.935904079245717, 21.354708881646889 ], [ -157.935902883748071, 21.354704604089104 ], [ -157.935901689845451, 21.354700331340553 ], [ -157.935900494202343, 21.354696064440482 ], [ -157.93589929468871, 21.354691782831523 ], [ -157.935898094388477, 21.35468750616327 ], [ -157.93589689626674, 21.354683237260691 ], [ -157.935895695264747, 21.354678969239547 ], [ -157.935894490297926, 21.35467468371208 ], [ -157.935893286804117, 21.354670413649657 ], [ -157.935892081704395, 21.354666137885875 ], [ -157.93589087468817, 21.354661863037148 ], [ -157.935889664912679, 21.354657578416145 ], [ -157.935888456356878, 21.354653301516478 ], [ -157.935887249604207, 21.354649034388615 ], [ -157.93588603874764, 21.354644760441186 ], [ -157.935884825120127, 21.35464047670969 ], [ -157.935883612722421, 21.354636200712683 ], [ -157.935882399943466, 21.354631926756813 ], [ -157.935881184013141, 21.354627645985126 ], [ -157.935879967500114, 21.354623363162148 ], [ -157.935878752218201, 21.354619088054672 ], [ -157.935877535974583, 21.354614812942692 ], [ -157.935876317159597, 21.354610532172568 ], [ -157.935875097760601, 21.354606250252864 ], [ -157.935873877396688, 21.354601967425573 ], [ -157.935872657618745, 21.354597687552101 ], [ -157.935871436293269, 21.354593405624847 ], [ -157.93587021775997, 21.354589133490236 ], [ -157.935868997302009, 21.35458486223872 ], [ -157.935867770016728, 21.354580562813428 ], [ -157.935866547357932, 21.354576283859352 ], [ -157.935865323515344, 21.354571999857505 ], [ -157.935864099894644, 21.35456772090274 ], [ -157.935862873476481, 21.354563432165452 ], [ -157.935861647057749, 21.35455914342624 ], [ -157.935860422250073, 21.354554859415547 ], [ -157.935859198260147, 21.354550582527505 ], [ -157.935857973086513, 21.354546302408398 ], [ -157.935856746355682, 21.354542019310255 ], [ -157.935855514555357, 21.354537715136985 ], [ -157.935854289381865, 21.354533434116817 ], [ -157.935853063836134, 21.354529155152825 ], [ -157.935851836085078, 21.354524869395252 ], [ -157.93585060484935, 21.354520567198414 ], [ -157.935819371409082, 21.354411498574741 ], [ -157.935787709223661, 21.354300929322601 ], [ -157.93578648141991, 21.354296642460184 ], [ -157.93578525242873, 21.354292348993283 ], [ -157.93578402570003, 21.354288065884365 ], [ -157.935782796115888, 21.354283769443764 ], [ -157.935781569980264, 21.35427948840578 ], [ -157.93578033818838, 21.354275184247228 ], [ -157.935779111401274, 21.354270897570597 ], [ -157.935777884617238, 21.354266611807276 ], [ -157.935776654220831, 21.354262308248121 ], [ -157.935775429639335, 21.354258029274988 ], [ -157.935774197575768, 21.354253717412846 ], [ -157.935772973365886, 21.35424943637604 ], [ -157.935771742923464, 21.354245129262495 ], [ -157.93577051806426, 21.354240842589437 ], [ -157.935769291427874, 21.354236548786041 ], [ -157.935768063722122, 21.354232248768497 ], [ -157.935766834622029, 21.354227939574709 ], [ -157.935765611098049, 21.354223649917621 ], [ -157.93576438414425, 21.354219344850165 ], [ -157.935763160414837, 21.354215050186621 ], [ -157.935761935601249, 21.354210749234468 ], [ -157.935760712837748, 21.354206454574662 ], [ -157.935759487815432, 21.354202148585721 ], [ -157.935758263764399, 21.354197842610525 ], [ -157.93575704068013, 21.354193536633279 ], [ -157.935755821981701, 21.354189246090673 ], [ -157.935754598695894, 21.354184935087865 ], [ -157.935753377547684, 21.35418062820542 ], [ -157.935752157366466, 21.354176321321461 ], [ -157.935750938152012, 21.354172014435495 ], [ -157.935749718743239, 21.354167702535232 ], [ -157.935748504866893, 21.354163410188495 ], [ -157.935747284186135, 21.354159086935901 ], [ -157.935746072241983, 21.354154794604458 ], [ -157.935744852350325, 21.354150466359624 ], [ -157.935743638941773, 21.354146157659603 ], [ -157.935742426500383, 21.35414184895901 ], [ -157.935741213877208, 21.354137535264158 ], [ -157.935740002163811, 21.354133217921927 ], [ -157.935738798174526, 21.354128931508139 ], [ -157.935737580118655, 21.354124581207444 ], [ -157.93573637844446, 21.354120291848712 ], [ -157.93573516508178, 21.354115950387062 ], [ -157.935733963573568, 21.354111650382176 ], [ -157.935732755291923, 21.354107315749555 ], [ -157.93573155899989, 21.354103027521703 ], [ -157.935730348757716, 21.354098675389736 ], [ -157.935729154790693, 21.354094384238607 ], [ -157.935727947483173, 21.35409003030156 ], [ -157.935726757528414, 21.354085743205012 ], [ -157.935725552023342, 21.354081384288278 ], [ -157.935724364952875, 21.354077096280399 ], [ -157.93572316080747, 21.354072731648902 ], [ -157.935721973786144, 21.354068428066803 ], [ -157.935720777956789, 21.354064082006399 ], [ -157.935719594940565, 21.354059782460396 ], [ -157.935718397645729, 21.354055415986572 ], [ -157.935717218478715, 21.354051115506959 ], [ -157.935716028924389, 21.354046765633125 ], [ -157.935714853196686, 21.354042467155711 ], [ -157.935713661669553, 21.354038094879737 ], [ -157.935712489256076, 21.354033792613052 ], [ -157.935712297653737, 21.354033075936094 ], [ -157.935687829647492, 21.353939756923637 ], [ -157.935663450401194, 21.353846760973891 ], [ -157.935663102894296, 21.353845383724696 ], [ -157.935640377266992, 21.35375167971532 ], [ -157.93561773459129, 21.353658299333564 ], [ -157.935617412187781, 21.353656913864675 ], [ -157.935596513000206, 21.353563181386424 ], [ -157.935575536855254, 21.353469121932097 ], [ -157.935575360208446, 21.353468309127386 ], [ -157.935572039922903, 21.353452622424989 ], [ -157.935568607870579, 21.353436402001513 ], [ -157.93556858024894, 21.353436270892093 ], [ -157.935567666249284, 21.35343191362842 ], [ -157.935566747506073, 21.353427524521937 ], [ -157.93556583070685, 21.353423135425462 ], [ -157.93556491820479, 21.353418762244193 ], [ -157.935564000673338, 21.353414349184376 ], [ -157.935563092687033, 21.353409978198627 ], [ -157.935562180025698, 21.353405569791928 ], [ -157.935561277918623, 21.353401213187414 ], [ -157.935560367222195, 21.353396799222253 ], [ -157.93555946600236, 21.353392427321779 ], [ -157.935558562159997, 21.353388032392214 ], [ -157.935557662572336, 21.35338365250276 ], [ -157.935556762912114, 21.353379263741413 ], [ -157.93555586622972, 21.353374883856393 ], [ -157.935554966556339, 21.353370475141855 ], [ -157.935554076041001, 21.353366110324366 ], [ -157.935553182198021, 21.353361720626999 ], [ -157.935552291326474, 21.353357339835011 ], [ -157.935551398813431, 21.353352935780123 ], [ -157.935550515667501, 21.353348583511238 ], [ -157.935549623173273, 21.353344169920511 ], [ -157.935548740995955, 21.353339807266131 ], [ -157.935547853649183, 21.35333540468908 ], [ -157.935546975007554, 21.353331049998502 ], [ -157.935546087397569, 21.353326635535144 ], [ -157.935545210035741, 21.353322271947206 ], [ -157.935544327555789, 21.353317868469016 ], [ -157.935543453726893, 21.353313512881552 ], [ -157.935542573225433, 21.353309113479888 ], [ -157.935541697491175, 21.353304733025812 ], [ -157.935540822727035, 21.353300352584672 ], [ -157.935539948930227, 21.35329597214303 ], [ -157.935539076100639, 21.353291591700305 ], [ -157.935538205858904, 21.353287223327801 ], [ -157.935537332379795, 21.353282829906099 ], [ -157.935536464068605, 21.353278461540345 ], [ -157.935535591936457, 21.353274064217445 ], [ -157.935534726145733, 21.353269698827589 ], [ -157.935533858157442, 21.353265317493509 ], [ -157.935532993333055, 21.353260952120863 ], [ -157.935532125103407, 21.353256558892188 ], [ -157.935531262825833, 21.353252200612097 ], [ -157.935530395162175, 21.353247806238109 ], [ -157.935529532647138, 21.353243437007166 ], [ -157.935528668524228, 21.353239054733908 ], [ -157.935527807560078, 21.353234688476029 ], [ -157.935526944404558, 21.353230306202565 ], [ -157.935526084401999, 21.353225939927746 ], [ -157.935525221927804, 21.353221555296653 ], [ -157.935524363178445, 21.353217190492074 ], [ -157.935523503241626, 21.35321281384449 ], [ -157.935522646066516, 21.353208457041525 ], [ -157.935521784267877, 21.353204070918075 ], [ -157.935520925877256, 21.35319969812943 ], [ -157.935520069084049, 21.353195337468694 ], [ -157.93551920912688, 21.353190955791465 ], [ -157.935518352305365, 21.353186590990092 ], [ -157.935517494009503, 21.353182212857568 ], [ -157.935516638467959, 21.353177853665045 ], [ -157.935515781361715, 21.353173486504907 ], [ -157.935514923935671, 21.35316911370716 ], [ -157.935514068106954, 21.353164753056522 ], [ -157.935488024255534, 21.353031973491152 ], [ -157.935462358834343, 21.352901126455262 ], [ -157.935426051284622, 21.352725913382045 ], [ -157.935389664001548, 21.35255032109292 ], [ -157.935059573534346, 21.351038502260163 ], [ -157.934729508164963, 21.349526767567646 ], [ -157.934638841740366, 21.349135718325741 ], [ -157.934548281665798, 21.348745127081436 ], [ -157.934115144691361, 21.346980421113976 ], [ -157.933681900898591, 21.34521523465612 ], [ -157.933680573691419, 21.345209829006166 ], [ -157.933679245724335, 21.345204420256749 ], [ -157.933677917758303, 21.345199011507646 ], [ -157.933676590406151, 21.345193600439387 ], [ -157.933675264918406, 21.345188205704051 ], [ -157.933673935411605, 21.345182790683833 ], [ -157.933672609569413, 21.34517739450591 ], [ -157.933671281220199, 21.345171992038964 ], [ -157.933669951686369, 21.345166584757948 ], [ -157.933668623339059, 21.345161183200759 ], [ -157.933667295572832, 21.345155787019916 ], [ -157.9336659672027, 21.345150393188664 ], [ -157.933664635967347, 21.345144991636804 ], [ -157.933663304729606, 21.345139590071227 ], [ -157.933661974078348, 21.345134194791228 ], [ -157.933660644372594, 21.345128807234449 ], [ -157.933659311195697, 21.345123414309285 ], [ -157.933657977658157, 21.345118019925433 ], [ -157.933656642558418, 21.345112626999978 ], [ -157.93365530745703, 21.345107234968886 ], [ -157.933653971627905, 21.345101847757164 ], [ -157.933652634837216, 21.345096460541662 ], [ -157.933651296488193, 21.345091074785728 ], [ -157.933649957180336, 21.345085689935431 ], [ -157.933648614024492, 21.345080297350954 ], [ -157.933647274354513, 21.345074918757692 ], [ -157.933645930849423, 21.345069541073652 ], [ -157.933644585777245, 21.34506415711683 ], [ -157.933643237823958, 21.345058774058675 ], [ -157.933641891442477, 21.345053397277574 ], [ -157.933640542793796, 21.345048027648183 ], [ -157.933639191614446, 21.345042651757669 ], [ -157.933637835979425, 21.345037270505362 ], [ -157.933636481548007, 21.345031893132106 ], [ -157.933635125609584, 21.345026526780757 ], [ -157.933633768338296, 21.345021158949965 ], [ -157.933632405645085, 21.34501578574849 ], [ -157.933631042952499, 21.345010412549492 ], [ -157.933629678014341, 21.345005046504301 ], [ -157.933628313710358, 21.344999686714342 ], [ -157.933626943022546, 21.344994321565437 ], [ -157.933625572332488, 21.34498895640797 ], [ -157.933624198841301, 21.344983599905309 ], [ -157.933622822790028, 21.344978238055251 ], [ -157.933621442520831, 21.344972875599787 ], [ -157.933620064507124, 21.344967525624497 ], [ -157.933618679140977, 21.344962170288088 ], [ -157.933617293514118, 21.344956810249531 ], [ -157.933615904423505, 21.344951464477017 ], [ -157.933614513314581, 21.34494611093718 ], [ -157.933613116462197, 21.344940758286658 ], [ -157.93361172001039, 21.344935407171253 ], [ -157.933610319451816, 21.344930064083009 ], [ -157.933608917535395, 21.344924719460998 ], [ -157.933607510286265, 21.344919377265356 ], [ -157.933606102082109, 21.344914035966919 ], [ -157.93360468814447, 21.344908695566684 ], [ -157.933603273251293, 21.344903356061888 ], [ -157.933601852210785, 21.34489801590016 ], [ -157.933600433940683, 21.34489268973163 ], [ -157.933599006375914, 21.344887359124598 ], [ -157.933597709902699, 21.344882514782729 ], [ -157.933531649167776, 21.344649545037353 ], [ -157.933458637843984, 21.3444190296483 ], [ -157.933378572072087, 21.344190580284462 ], [ -157.933291518637702, 21.34396438572648 ], [ -157.933197549092426, 21.343740632942332 ], [ -157.933096741728207, 21.343519507238856 ], [ -157.932989179465238, 21.343301193604166 ], [ -157.932874952905848, 21.343085871777841 ], [ -157.932754155769601, 21.342873720180787 ], [ -157.932626888074054, 21.342664916522455 ], [ -157.932493255597876, 21.34245963146882 ], [ -157.932353370285654, 21.34225803635994 ], [ -157.932207346468658, 21.34206029912373 ], [ -157.932055307247197, 21.341866582593848 ], [ -157.931897376867084, 21.341677048047075 ], [ -157.93173368680641, 21.341491852685646 ], [ -157.931564372502493, 21.341311149433924 ], [ -157.93138957534282, 21.341135087875369 ], [ -157.931209440569518, 21.340963815818121 ], [ -157.9310241157078, 21.340797474254895 ], [ -157.930833756487232, 21.340636200252813 ], [ -157.930638519503589, 21.34048012899521 ], [ -157.930438566936886, 21.340329388389918 ], [ -157.930234064831609, 21.340184105493805 ], [ -157.930025181925515, 21.340044398307988 ], [ -157.929812093170852, 21.33991038427013 ], [ -157.929594974184965, 21.33978217435029 ], [ -157.929374004142176, 21.339659874902473 ], [ -157.929149368123234, 21.339543587036136 ], [ -157.928921251636694, 21.339433406708384 ], [ -157.928689842615654, 21.339329426065454 ], [ -157.928455335417453, 21.339231731792403 ], [ -157.928217922224263, 21.339140402819407 ], [ -157.927977800634295, 21.339055517043683 ], [ -157.927735170807182, 21.338977144212667 ], [ -157.927490232378688, 21.338905348858628 ], [ -157.927243189584061, 21.338840190983824 ], [ -157.926994246640447, 21.338781724326736 ], [ -157.926742976709789, 21.338729866630992 ], [ -157.926737767911391, 21.338728862307949 ], [ -157.926732023022652, 21.33872775533051 ], [ -157.926726275261615, 21.33872665461065 ], [ -157.92672052030187, 21.338725553224926 ], [ -157.926714764803705, 21.338724457473791 ], [ -157.926709007929617, 21.33872336235601 ], [ -157.926703250100189, 21.338722272611825 ], [ -157.926697499061589, 21.338721185047142 ], [ -157.926691740285634, 21.338720102469114 ], [ -157.926685976474687, 21.338719018227955 ], [ -157.926680222565608, 21.338717943184996 ], [ -157.926674448290896, 21.338716863439661 ], [ -157.926668686642245, 21.338715792502253 ], [ -157.926662912747133, 21.338714718391731 ], [ -157.926657150517059, 21.338713653072766 ], [ -157.926651372987777, 21.338712584748453 ], [ -157.926645601670202, 21.338711522409373 ], [ -157.926639831310894, 21.338710460967103 ], [ -157.926634060363, 21.338709404250167 ], [ -157.92662827996665, 21.338708346700955 ], [ -157.926622500893785, 21.33870729298469 ], [ -157.926616728976455, 21.338706241643632 ], [ -157.926610947977139, 21.33870519331078 ], [ -157.926605159827062, 21.338704143507723 ], [ -157.926599379180573, 21.338703099002071 ], [ -157.926593595917012, 21.33870205492126 ], [ -157.926587813963209, 21.338701014667826 ], [ -157.926582024238343, 21.338699974087199 ], [ -157.926576233212018, 21.338698935969461 ], [ -157.926570443487606, 21.338697898983593 ], [ -157.926564654094705, 21.338696864924337 ], [ -157.92655886796382, 21.338695832515938 ], [ -157.926553074694596, 21.338694802259926 ], [ -157.926547271995304, 21.33869376959726 ], [ -157.926541479380887, 21.338692742494196 ], [ -157.926535685157006, 21.338691714935539 ], [ -157.926529892546853, 21.338690691428063 ], [ -157.926524085338656, 21.338689664610175 ], [ -157.92651829016387, 21.33868864334665 ], [ -157.926512484232859, 21.338687619456326 ], [ -157.926506689379494, 21.338686601114798 ], [ -157.926500874385738, 21.33868557850138 ], [ -157.926495072714062, 21.338684560761322 ], [ -157.926489264534666, 21.338683542047814 ], [ -157.926483455082035, 21.338682524912958 ], [ -157.926477653723197, 21.338681509194984 ], [ -157.926471851400379, 21.33868049617563 ], [ -157.92646602607249, 21.338679478237037 ], [ -157.926460216625713, 21.33867846470681 ], [ -157.926454400655985, 21.338677450206106 ], [ -157.926448591505562, 21.338676437795613 ], [ -157.926442780131453, 21.338675426065567 ], [ -157.926436961631225, 21.338674413829946 ], [ -157.92643114565837, 21.338673402033809 ], [ -157.926425328720882, 21.338672391138584 ], [ -157.926419503699606, 21.338671378838409 ], [ -157.926413685200913, 21.338670367504637 ], [ -157.926407868262828, 21.338669357510643 ], [ -157.926402043241779, 21.338668346113192 ], [ -157.926396225040065, 21.338667335899398 ], [ -157.926390406841278, 21.338666326588069 ], [ -157.926384571262815, 21.3386653133579 ], [ -157.926240120933898, 21.338640242528335 ], [ -157.926094645680536, 21.338614993143302 ], [ -157.926090783391174, 21.338614323055591 ], [ -157.926086917041289, 21.338613652429771 ], [ -157.926083037588938, 21.338612978461313 ], [ -157.92607918152251, 21.338612309619268 ], [ -157.926075312340345, 21.338611638335351 ], [ -157.926071456270478, 21.338610969492244 ], [ -157.926067598306076, 21.338610301221486 ], [ -157.926063718849008, 21.338609628157919 ], [ -157.926059862779653, 21.338608960215225 ], [ -157.92605600291904, 21.338608291615699 ], [ -157.926052145913417, 21.338607624245299 ], [ -157.926048279565038, 21.338606955424527 ], [ -157.926044421601375, 21.338606288054109 ], [ -157.9260405655304, 21.338605621911519 ], [ -157.926036706598637, 21.338604955440317 ], [ -157.926032846743453, 21.338604289545042 ], [ -157.926028990665344, 21.338603624301275 ], [ -157.926025142022013, 21.33860296140347 ], [ -157.926021284060226, 21.338602297636225 ], [ -157.926017427014045, 21.338601634191427 ], [ -157.926013568085182, 21.338600971323402 ], [ -157.926009719446569, 21.338600310222976 ], [ -157.926005870805994, 21.338599650918994 ], [ -157.92600201188344, 21.338598989853622 ], [ -157.925998165117704, 21.33859833176874 ], [ -157.92599431738671, 21.33859767458015 ], [ -157.925990457496056, 21.338597016215314 ], [ -157.925986608857869, 21.338596359606676 ], [ -157.925982762029008, 21.338595705427753 ], [ -157.925978919005672, 21.338595051733673 ], [ -157.925975079708849, 21.338594401361508 ], [ -157.92597121227692, 21.338593745485053 ], [ -157.925967372014014, 21.338593096006626 ], [ -157.925963531757276, 21.33859244742505 ], [ -157.925959681208212, 21.338591798902062 ], [ -157.925955832502666, 21.338591149793981 ], [ -157.925952003432286, 21.338590507728011 ], [ -157.925948141626208, 21.338589859274474 ], [ -157.925944300418365, 21.338589216965225 ], [ -157.925940461047048, 21.338588574962969 ], [ -157.925936620714253, 21.33858793564621 ], [ -157.925932768250163, 21.338587293413745 ], [ -157.925928936398947, 21.338586658189662 ], [ -157.925925085751288, 21.338586019849519 ], [ -157.925921244452041, 21.338585385008106 ], [ -157.925917411656002, 21.338584752465643 ], [ -157.925913568550868, 21.33858412091001 ], [ -157.9259097262929, 21.33858348875599 ], [ -157.92590590202613, 21.338582863862392 ], [ -157.925902042712494, 21.338582232500546 ], [ -157.925898208010352, 21.338581607999732 ], [ -157.925894376055027, 21.338580984684452 ], [ -157.925890533643667, 21.338580362663976 ], [ -157.925886697173837, 21.338579741451255 ], [ -157.925882863304025, 21.338579124386143 ], [ -157.925879028620756, 21.338578507037031 ], [ -157.925875195554482, 21.338577893825168 ], [ -157.925871358172515, 21.338577279770707 ], [ -157.925867525090268, 21.338576670127502 ], [ -157.925863687556728, 21.338576059927366 ], [ -157.925859850979805, 21.338575453302447 ], [ -157.925856426679474, 21.338574911999391 ], [ -157.925784216553524, 21.33856423264147 ], [ -157.925710913596134, 21.338553391334528 ], [ -157.925707484215081, 21.338552918625865 ], [ -157.925703633433812, 21.338552388855451 ], [ -157.925699783613851, 21.338551861767154 ], [ -157.925695935860546, 21.338551335984604 ], [ -157.925692084130816, 21.338550812469201 ], [ -157.92568823336137, 21.338550289848779 ], [ -157.925684383136655, 21.338549770110635 ], [ -157.925680532907677, 21.338549251265036 ], [ -157.925676680234545, 21.338548734898978 ], [ -157.925672819579717, 21.338548218230926 ], [ -157.925668957010998, 21.338547703352827 ], [ -157.9256651132944, 21.338547191752887 ], [ -157.925661260638094, 21.338546682537228 ], [ -157.925657389100195, 21.338546170055952 ], [ -157.925653535482468, 21.338545663519213 ], [ -157.92564966102529, 21.338545153347287 ], [ -157.925645808864545, 21.338544649681708 ], [ -157.925641945319057, 21.338544144651934 ], [ -157.925638080323523, 21.33854364212052 ], [ -157.925634215335634, 21.338543139590008 ], [ -157.925630350348854, 21.338542639747637 ], [ -157.925626476359867, 21.338542138740813 ], [ -157.925622611841476, 21.338541640873171 ], [ -157.925618745896969, 21.338541143717553 ], [ -157.925614879954423, 21.338540648354339 ], [ -157.925611003576279, 21.338540152552117 ], [ -157.925607128617884, 21.338539657829422 ], [ -157.925603261720255, 21.33853916515352 ], [ -157.925599395782342, 21.338538674270239 ], [ -157.925595519856557, 21.338538183138013 ], [ -157.925591632081876, 21.338537691405179 ], [ -157.925587765188823, 21.338537202313265 ], [ -157.92558389830009, 21.338536715909878 ], [ -157.925580010962506, 21.338536226155814 ], [ -157.925576142680512, 21.338535741369633 ], [ -157.925572256724962, 21.338535253589896 ], [ -157.925568388874837, 21.338534770768987 ], [ -157.925564489691425, 21.338534283135761 ], [ -157.925560611398311, 21.338533799909328 ], [ -157.925556722663799, 21.338533315381913 ], [ -157.925552844374096, 21.338532833054163 ], [ -157.925548966085103, 21.338532351624792 ], [ -157.925545077349994, 21.338531869799368 ], [ -157.925541189034874, 21.338531387245908 ], [ -157.92553731982099, 21.3385309096318 ], [ -157.92553341196512, 21.338530426463048 ], [ -157.925529522266146, 21.338529946438218 ], [ -157.925525631196649, 21.338529466244147 ], [ -157.925521752910782, 21.338528988408026 ], [ -157.925517864582048, 21.338528510353051 ], [ -157.925513964430166, 21.338528030844245 ], [ -157.925510064283628, 21.338527551336114 ], [ -157.925506174583745, 21.338527073112253 ], [ -157.925502284885397, 21.338526595789268 ], [ -157.925498396548477, 21.338526118633247 ], [ -157.925494507247265, 21.338525642376812 ], [ -157.925490593924991, 21.338525162157712 ], [ -157.92548670422579, 21.338524685735003 ], [ -157.925482804078371, 21.338524208032588 ], [ -157.925478905287861, 21.338523730496131 ], [ -157.925475005537407, 21.338523252959771 ], [ -157.925471104582925, 21.338522775158115 ], [ -157.924711586195485, 21.338429777385368 ], [ -157.923953158989661, 21.338336911011794 ], [ -157.923948224840331, 21.338336306398944 ], [ -157.923943298644872, 21.338335703661961 ], [ -157.92393833102733, 21.338335093926226 ], [ -157.923933397652149, 21.338334488504458 ], [ -157.923928412436823, 21.338333873878206 ], [ -157.923923478948353, 21.338333265614708 ], [ -157.923918479387112, 21.338332645567583 ], [ -157.92391354468171, 21.338332033420585 ], [ -157.92390852958539, 21.338331406747084 ], [ -157.923903580552974, 21.338330787386628 ], [ -157.923903479295092, 21.338330774657528 ], [ -157.923898547739384, 21.33833015194292 ], [ -157.923893599678649, 21.338329526239256 ], [ -157.923893481935295, 21.338329511273127 ], [ -157.923888551347602, 21.338328881333222 ], [ -157.923883604265086, 21.338328248381195 ], [ -157.923883467781479, 21.338328230815382 ], [ -157.923878539126832, 21.338327592747465 ], [ -157.923873578804034, 21.338326948892437 ], [ -157.923873425860279, 21.338326928910003 ], [ -157.923868498174585, 21.338326280907388 ], [ -157.923863521052738, 21.338325623680507 ], [ -157.923863368119044, 21.338325603355131 ], [ -157.92385844236739, 21.338324944515005 ], [ -157.923853467209824, 21.338324276343346 ], [ -157.923853283758746, 21.338324251517637 ], [ -157.923848358977068, 21.338323580033105 ], [ -157.923843399859607, 21.338322901922428 ], [ -157.923843181181667, 21.338322871753423 ], [ -157.923838259299004, 21.338322186722291 ], [ -157.923833288094244, 21.338321492103148 ], [ -157.923833069527205, 21.338321461295756 ], [ -157.923828149580544, 21.338320761814398 ], [ -157.923823178831327, 21.338320052248953 ], [ -157.923822930063125, 21.338320016390931 ], [ -157.923818012052465, 21.338319300652973 ], [ -157.923813041656018, 21.338318574285058 ], [ -157.92381277670296, 21.33831853517103 ], [ -157.923807861593303, 21.338317802273767 ], [ -157.923802877648114, 21.338317055184596 ], [ -157.923802626676007, 21.33831701720921 ], [ -157.923797715431363, 21.33831626715304 ], [ -157.923797598186809, 21.33831624916996 ], [ -157.923792687910151, 21.338315492791889 ], [ -157.923792437180822, 21.338315453816069 ], [ -157.923787528838204, 21.338314683891177 ], [ -157.923787425291124, 21.338314667588374 ], [ -157.923782518879534, 21.338313892244987 ], [ -157.923782235685309, 21.338313847040805 ], [ -157.923777331210658, 21.338313056344305 ], [ -157.923777211358185, 21.338313036940701 ], [ -157.92377230881354, 21.338312239922594 ], [ -157.923772023050702, 21.338312193004139 ], [ -157.923767123407089, 21.338311380633236 ], [ -157.923766990186294, 21.338311358444546 ], [ -157.923762091509673, 21.338310538848535 ], [ -157.923761806020593, 21.338310490621794 ], [ -157.923756910244975, 21.338309655672976 ], [ -157.92375675795094, 21.33830962956846 ], [ -157.923751864107317, 21.338308786491737 ], [ -157.923751546416952, 21.338308731188981 ], [ -157.923746655473337, 21.338307870953145 ], [ -157.923746503309587, 21.33830784405832 ], [ -157.923741614299018, 21.338306975694682 ], [ -157.923741313197951, 21.338306921697907 ], [ -157.923736427088329, 21.338306037078166 ], [ -157.923736239533497, 21.338306002920962 ], [ -157.923731356319905, 21.338305108367518 ], [ -157.923731039413923, 21.3383050497395 ], [ -157.923726159102358, 21.338304138026842 ], [ -157.923725958782143, 21.338304100374266 ], [ -157.923721080403567, 21.338303177824201 ], [ -157.923720773544829, 21.338303119253858 ], [ -157.923715899995244, 21.338302180448679 ], [ -157.923715683816965, 21.338302138536978 ], [ -157.923710812201421, 21.338301187991302 ], [ -157.923710476808111, 21.338301121901672 ], [ -157.923705609058544, 21.338300153294082 ], [ -157.923705389844315, 21.338300109396382 ], [ -157.923700524991716, 21.338299129048597 ], [ -157.92370019009789, 21.33829906091324 ], [ -157.923695329111354, 21.338298062503632 ], [ -157.923695074608588, 21.338298009855144 ], [ -157.923690217485017, 21.338296997899427 ], [ -157.923689899121712, 21.338296930981191 ], [ -157.923685045863181, 21.338295901866868 ], [ -157.923684763381402, 21.338295841502909 ], [ -157.923679913023847, 21.338294797035587 ], [ -157.923679591569766, 21.338294727210869 ], [ -157.923674746040234, 21.338293665585336 ], [ -157.923674440709163, 21.338293598143405 ], [ -157.923669600007628, 21.338292520262751 ], [ -157.923669282795515, 21.338292449038406 ], [ -157.923664445959986, 21.338291353999043 ], [ -157.923664129107323, 21.338291281674042 ], [ -157.923659296136833, 21.338290169475872 ], [ -157.923658955955887, 21.338290090507947 ], [ -157.923654128778452, 21.338288960248875 ], [ -157.92365379681695, 21.338288881869406 ], [ -157.92364897350447, 21.338287733548327 ], [ -157.92364865369791, 21.338287656802382 ], [ -157.923643835215415, 21.338286491322986 ], [ -157.923643464430143, 21.338286400819772 ], [ -157.923638651741697, 21.338285215473061 ], [ -157.923637946363584, 21.338285038764234 ], [ -157.923627703180387, 21.338282429351224 ], [ -157.923627326196623, 21.338282332460803 ], [ -157.923617440636605, 21.338279769271605 ], [ -157.923616360317453, 21.338279482093732 ], [ -157.923606167350357, 21.338276705614621 ], [ -157.923605794131646, 21.338276603102262 ], [ -157.923595958784773, 21.338273879169282 ], [ -157.923594885249997, 21.338273574765712 ], [ -157.923584744425028, 21.338270632124718 ], [ -157.923584374788334, 21.338270524016693 ], [ -157.923574591581513, 21.338267640244037 ], [ -157.923573511289248, 21.338267314517644 ], [ -157.923563427428405, 21.338264205716865 ], [ -157.923563065496836, 21.338264093308712 ], [ -157.923553337323142, 21.338261049697778 ], [ -157.923552264751265, 21.338260706814498 ], [ -157.923542240744467, 21.338257433661752 ], [ -157.923541886823983, 21.338257317291028 ], [ -157.923532216573392, 21.338254115649402 ], [ -157.923531146850394, 21.338253754076636 ], [ -157.923521184626736, 21.338250317475907 ], [ -157.923520826370577, 21.338250193050587 ], [ -157.923511217898124, 21.338246833380097 ], [ -157.92351015846549, 21.338246455534755 ], [ -157.923500261879951, 21.338242856390952 ], [ -157.923499911513346, 21.338242728151609 ], [ -157.923490366748013, 21.338239212259541 ], [ -157.923489314673816, 21.338238817265211 ], [ -157.923479486617396, 21.338235057386129 ], [ -157.923479130350557, 21.338234920225165 ], [ -157.923469652184338, 21.338231248112823 ], [ -157.923468611567472, 21.338230837497406 ], [ -157.923458855895205, 21.338226917787956 ], [ -157.923458503718734, 21.338226775423294 ], [ -157.923449095042656, 21.338222948898377 ], [ -157.923448055053996, 21.338222518322279 ], [ -157.92343837369387, 21.33821843878335 ], [ -157.923438033132385, 21.338218294449955 ], [ -157.923428697801427, 21.338214315320588 ], [ -157.923427670975855, 21.338213870046626 ], [ -157.923418065855941, 21.33820963338864 ], [ -157.923417713730885, 21.338209477166107 ], [ -157.923408454636075, 21.338205345433668 ], [ -157.923407441881068, 21.338204885932914 ], [ -157.923397917820239, 21.338200493061361 ], [ -157.923397573228044, 21.338200333231931 ], [ -157.923388391334356, 21.338196050703122 ], [ -157.92338737959625, 21.338195571062123 ], [ -157.92337793948559, 21.338191022881389 ], [ -157.923377599366461, 21.338190858124044 ], [ -157.923368498527992, 21.338186425703974 ], [ -157.923367500437877, 21.33818593184554 ], [ -157.923358146205373, 21.338181230162959 ], [ -157.923357813820587, 21.338181062223644 ], [ -157.923348796929247, 21.338176482623208 ], [ -157.92334779659501, 21.338175966551447 ], [ -157.923338532095642, 21.338171112272004 ], [ -157.923338204233119, 21.338170939608023 ], [ -157.923329274179991, 21.338166212828344 ], [ -157.923328290950138, 21.338165684424229 ], [ -157.923319117148026, 21.338160679354729 ], [ -157.923318787112805, 21.338160498379274 ], [ -157.923309946788777, 21.338155626228232 ], [ -157.923308977167068, 21.338155083852186 ], [ -157.92329989791611, 21.338149929800736 ], [ -157.923299569021765, 21.338149742159771 ], [ -157.923290821318943, 21.338144726445083 ], [ -157.923289865208517, 21.338144170215742 ], [ -157.923280883400707, 21.338138868990129 ], [ -157.92328055346843, 21.338138673284831 ], [ -157.923271900313779, 21.338133514910385 ], [ -157.923270954264666, 21.338132942830175 ], [ -157.923262072791061, 21.338127495334913 ], [ -157.923261747610013, 21.338127294905565 ], [ -157.923253191895498, 21.338121995679284 ], [ -157.92325225944353, 21.33812140997976 ], [ -157.923243480231093, 21.338115818021969 ], [ -157.923243156131633, 21.338115610579319 ], [ -157.923234700747287, 21.338110172308873 ], [ -157.923233778208242, 21.338109570681151 ], [ -157.923225105113005, 21.33810383606912 ], [ -157.923224793354933, 21.338103628970664 ], [ -157.923216439263797, 21.338098053462794 ], [ -157.923215522682369, 21.338097433261822 ], [ -157.923206957630299, 21.338091557802844 ], [ -157.923206641476867, 21.338091339896671 ], [ -157.923198393499945, 21.33808562805687 ], [ -157.923197495889156, 21.338084998001062 ], [ -157.923189041772275, 21.338078983502644 ], [ -157.92318873430213, 21.33807876374555 ], [ -157.92318059340036, 21.338072918283807 ], [ -157.923179701654419, 21.338072269302728 ], [ -157.923171361363785, 21.338066117572794 ], [ -157.923171057483529, 21.338065892401524 ], [ -157.923163026548963, 21.338059914222249 ], [ -157.923162149608032, 21.338059252689636 ], [ -157.923153925070551, 21.338052965535365 ], [ -157.92315362592737, 21.338052735815989 ], [ -157.923145707850978, 21.338046627630181 ], [ -157.923144844661067, 21.338045952905311 ], [ -157.923136737803787, 21.338039532134001 ], [ -157.92313644331378, 21.338039297837316 ], [ -157.923128640022611, 21.338033061452187 ], [ -157.923127782954651, 21.338032367374243 ], [ -157.923119797632609, 21.338025814794012 ], [ -157.923119506866243, 21.338025575120771 ], [ -157.923111821252235, 21.338019211440919 ], [ -157.923110987313009, 21.338018511910168 ], [ -157.923103124488165, 21.338011830231014 ], [ -157.923102829767515, 21.338011578623885 ], [ -157.9230952647207, 21.33800509036022 ], [ -157.923094445092374, 21.338004378246833 ], [ -157.923086707657717, 21.337997568373261 ], [ -157.923086425565799, 21.337997318983806 ], [ -157.923078982049219, 21.337990708846231 ], [ -157.923078168763539, 21.337989977156504 ], [ -157.92307055960805, 21.337983041799518 ], [ -157.923070281357951, 21.337982787048375 ], [ -157.923062962262549, 21.337976055941478 ], [ -157.923062167740483, 21.337975315747968 ], [ -157.923054688792234, 21.33796825761787 ], [ -157.923054410567346, 21.337967993846927 ], [ -157.923047217821136, 21.337961143577921 ], [ -157.923046434146585, 21.33796038747268 ], [ -157.923039088295525, 21.337953207474083 ], [ -157.923038822010341, 21.337952946039962 ], [ -157.92303175753932, 21.337945979319443 ], [ -157.923030988209575, 21.337945210717454 ], [ -157.923023777383747, 21.337937912463946 ], [ -157.923023511453579, 21.337937642085237 ], [ -157.923016578148776, 21.337930560720718 ], [ -157.92301582361705, 21.337929779980126 ], [ -157.923008749742422, 21.337922364375917 ], [ -157.923008495573612, 21.3379220967437 ], [ -157.92300169439801, 21.337914903445284 ], [ -157.923000950039039, 21.337914105753722 ], [ -157.922994016006612, 21.33790657641272 ], [ -157.922993766414805, 21.337906304179715 ], [ -157.922987100259377, 21.337899000755097 ], [ -157.92298636754623, 21.337898187270838 ], [ -157.922979574318958, 21.337890544193634 ], [ -157.922979331376922, 21.337890269636087 ], [ -157.922972803131728, 21.337882858796178 ], [ -157.922972092551475, 21.337882041406576 ], [ -157.922965442056437, 21.337874289109887 ], [ -157.922965199910891, 21.337874005552475 ], [ -157.922958810539853, 21.337866489104069 ], [ -157.922958110462787, 21.337865654405174 ], [ -157.922951606553966, 21.337857794697189 ], [ -157.92295137302699, 21.337857511201705 ], [ -157.922945124456163, 21.337849890952118 ], [ -157.922944442612845, 21.337849048136842 ], [ -157.922938085290184, 21.337841082823971 ], [ -157.922937855760097, 21.337840793904984 ], [ -157.922931749916472, 21.337833072564614 ], [ -157.922931085146388, 21.337832220394226 ], [ -157.922924877299977, 21.337824153090473 ], [ -157.922924648905848, 21.337823854867377 ], [ -157.922918688680426, 21.337816035147124 ], [ -157.922918039458438, 21.337815171566348 ], [ -157.922911983015155, 21.337807003175822 ], [ -157.922911766087907, 21.337806709226445 ], [ -157.92290595147864, 21.337798792932716 ], [ -157.92290531546837, 21.337797914815464 ], [ -157.922899412354298, 21.337789648951862 ], [ -157.922899202918643, 21.337789354302071 ], [ -157.922893536816588, 21.33778134504886 ], [ -157.922892916504338, 21.33778045564328 ], [ -157.922887167682461, 21.337772094113408 ], [ -157.922886959545764, 21.337771789899854 ], [ -157.92288144387885, 21.337763688591277 ], [ -157.922880842935683, 21.337762793137554 ], [ -157.922875251296034, 21.33775433955541 ], [ -157.922875049599469, 21.337754033111619 ], [ -157.922869685329772, 21.337745842457764 ], [ -157.922869101197165, 21.337744937391669 ], [ -157.922863667703695, 21.337736393564061 ], [ -157.922863473307331, 21.337736086354894 ], [ -157.922858262359824, 21.33772780996928 ], [ -157.922857690959034, 21.33772688868315 ], [ -157.922852417538735, 21.337718256417375 ], [ -157.922852230157332, 21.337717948126588 ], [ -157.922847174459974, 21.337709587816612 ], [ -157.92284662526842, 21.337708665735054 ], [ -157.922841512881291, 21.337699949547524 ], [ -157.922841323419163, 21.337699624780711 ], [ -157.922836424899998, 21.337691182353478 ], [ -157.922835897748428, 21.337690259718396 ], [ -157.922830948322485, 21.337681461416306 ], [ -157.922830767526705, 21.337681138269861 ], [ -157.922826026182719, 21.337672617338164 ], [ -157.922825507579091, 21.337671670247335 ], [ -157.922820724005305, 21.3376627916385 ], [ -157.922820556447675, 21.33766247896995 ], [ -157.922815974204838, 21.337653882244201 ], [ -157.922815472499792, 21.337652925346084 ], [ -157.922810854777197, 21.337643970043096 ], [ -157.922810690677323, 21.337643650015895 ], [ -157.922806269463621, 21.337634979303395 ], [ -157.922805789359813, 21.337634021768775 ], [ -157.922801338450398, 21.337624992481732 ], [ -157.922801174975007, 21.337624658871928 ], [ -157.922796916716464, 21.337615916883173 ], [ -157.922796458033616, 21.337614958894374 ], [ -157.922792175862384, 21.337605858333696 ], [ -157.922792016328515, 21.337605517173074 ], [ -157.922787921988146, 21.337596706617987 ], [ -157.922787481583015, 21.337595741950242 ], [ -157.922783370078889, 21.337586572826314 ], [ -157.922783224501046, 21.337586246180798 ], [ -157.92277929311183, 21.337577370671653 ], [ -157.92277886391696, 21.337576383483334 ], [ -157.922774924040993, 21.337567148506174 ], [ -157.922774782365906, 21.337566814279366 ], [ -157.922771017784868, 21.337557875624377 ], [ -157.922770609802086, 21.337556888111511 ], [ -157.922766842516268, 21.337547589991214 ], [ -157.922766707625101, 21.337547254839269 ], [ -157.922763109849171, 21.337538255747948 ], [ -157.922762721060877, 21.337537263685132 ], [ -157.922759127329186, 21.337527906034698 ], [ -157.922758995728543, 21.337527560921625 ], [ -157.922755566684714, 21.337518504104363 ], [ -157.922755196282083, 21.337517505215875 ], [ -157.92275177802955, 21.337508089842707 ], [ -157.922751656571876, 21.337507752878111 ], [ -157.922748396258214, 21.337498641947711 ], [ -157.922748043285907, 21.337497633779826 ], [ -157.922744800512476, 21.337488163393431 ], [ -157.922744684131089, 21.337487820904492 ], [ -157.922741594473536, 21.337478658571367 ], [ -157.922741262167904, 21.337477650386798 ], [ -157.92273819583562, 21.337468128600268 ], [ -157.922738085451044, 21.337467783055494 ], [ -157.922735166449627, 21.337458571125943 ], [ -157.922734851057641, 21.337457551431608 ], [ -157.922731963092446, 21.337447980955549 ], [ -157.922731858759022, 21.337447632237126 ], [ -157.922729112338715, 21.337438373421652 ], [ -157.922728818626496, 21.337437357810543 ], [ -157.922726109026428, 21.337427742257461 ], [ -157.922726010866199, 21.337427390734351 ], [ -157.922723437027003, 21.337418088645745 ], [ -157.922723161684758, 21.337417066276192 ], [ -157.922720631412801, 21.337407407453092 ], [ -157.922720538090459, 21.337407047674887 ], [ -157.922718138757347, 21.33739770502336 ], [ -157.92271788380728, 21.337396683331967 ], [ -157.92271553382642, 21.337386983948733 ], [ -157.922715449372475, 21.337386631749396 ], [ -157.922713223580473, 21.337377252147444 ], [ -157.922712985447419, 21.337376216846984 ], [ -157.922710816718649, 21.337366480516749 ], [ -157.922710738451286, 21.337366125177315 ], [ -157.922708688127415, 21.337356710432136 ], [ -157.922708470922117, 21.337355679051402 ], [ -157.922706483444443, 21.33734590938694 ], [ -157.922706410903743, 21.337345548370525 ], [ -157.92270453604587, 21.337336100288436 ], [ -157.922704337006735, 21.337335059637411 ], [ -157.922702532706154, 21.337325259349132 ], [ -157.922702467914291, 21.337324902686234 ], [ -157.922700769485544, 21.337315425783618 ], [ -157.922700590567075, 21.337314386260978 ], [ -157.922698968478556, 21.337304557154788 ], [ -157.922698910416699, 21.337304200073763 ], [ -157.922697388414008, 21.337294697963337 ], [ -157.922697227306088, 21.337293645254899 ], [ -157.922695789356652, 21.337283790944394 ], [ -157.922695738555063, 21.337283437006942 ], [ -157.92269439394147, 21.337273910592199 ], [ -157.922694253408054, 21.337272862573631 ], [ -157.92269299863068, 21.33726298667122 ], [ -157.922692954141155, 21.337262629790594 ], [ -157.922691786915578, 21.337253083587537 ], [ -157.922691665527367, 21.337252030118034 ], [ -157.922690594885069, 21.337242134430422 ], [ -157.922690556788808, 21.337241774327424 ], [ -157.922689567913295, 21.337232210142844 ], [ -157.922689466116225, 21.337231153802954 ], [ -157.922688580570963, 21.337221242846429 ], [ -157.922688549493785, 21.337220885555986 ], [ -157.922687738967312, 21.337211306099391 ], [ -157.922687657271524, 21.337210253903844 ], [ -157.922686955857273, 21.337200330387503 ], [ -157.922686931208546, 21.337199969483432 ], [ -157.922686299029124, 21.337190378367634 ], [ -157.922686236775519, 21.33718932220475 ], [ -157.92268572045532, 21.3371793888385 ], [ -157.922685702377009, 21.33717902417866 ], [ -157.9226852495066, 21.337169424113544 ], [ -157.922685207147481, 21.337168371598072 ], [ -157.922684875920311, 21.337158431091616 ], [ -157.922684864756775, 21.33715807038606 ], [ -157.922684590230375, 21.337148464080737 ], [ -157.922684567375882, 21.337147407759492 ], [ -157.922684421238728, 21.337137463725423 ], [ -157.922684416755999, 21.337137099358035 ], [ -157.922684321534604, 21.337127490425608 ], [ -157.922684318380192, 21.337126437695748 ], [ -157.922684357333054, 21.337116491940375 ], [ -157.922684359664203, 21.33711612387831 ], [ -157.922684443747841, 21.337106515028381 ], [ -157.922684460152112, 21.337105466155027 ], [ -157.922684684192006, 21.337095522291254 ], [ -157.922684693271208, 21.337095158019824 ], [ -157.922684955693853, 21.33708555196138 ], [ -157.922684989269158, 21.337084559841653 ], [ -157.922685349420021, 21.337075638168049 ], [ -157.922685499592802, 21.337071903336433 ], [ -157.922685526916723, 21.337071286145715 ], [ -157.922685752042497, 21.337066628571105 ], [ -157.9226857704449, 21.337066265786753 ], [ -157.922686017740602, 21.337061610028545 ], [ -157.922686034176422, 21.337061311646668 ], [ -157.922686299789177, 21.337056655896973 ], [ -157.922686319417437, 21.337056324540974 ], [ -157.922686605273185, 21.33705167060689 ], [ -157.922686626225101, 21.337051341158617 ], [ -157.922686932323842, 21.33704668723383 ], [ -157.922686952644654, 21.337046387310416 ], [ -157.922687277059367, 21.337041735200547 ], [ -157.922687298490615, 21.337041436342837 ], [ -157.922687641221358, 21.337036785144377 ], [ -157.922687663911347, 21.337036485290547 ], [ -157.922688024956074, 21.337031835906998 ], [ -157.922688050019673, 21.337031521572424 ], [ -157.922688430344408, 21.337026873100783 ], [ -157.922688451348137, 21.337026621511569 ], [ -157.922688847095884, 21.337021973950332 ], [ -157.922688876007413, 21.337021642953022 ], [ -157.922689291999149, 21.3370169972074 ], [ -157.922689312033924, 21.337016777054217 ], [ -157.922689741520657, 21.337012132217897 ], [ -157.922689772836605, 21.337011801402561 ], [ -157.922690222566331, 21.337007158381962 ], [ -157.922690242642688, 21.337006953981465 ], [ -157.922690704904426, 21.337002311869874 ], [ -157.922690736932623, 21.337001996868683 ], [ -157.922691218472295, 21.336997356572201 ], [ -157.922691241607367, 21.33699713673678 ], [ -157.922691736643088, 21.336992497349691 ], [ -157.922691767623263, 21.336992212093548 ], [ -157.922692280009983, 21.336987575424079 ], [ -157.922692300896557, 21.336987388527536 ], [ -157.922692824851282, 21.336982751863271 ], [ -157.92269286125989, 21.336982435583838 ], [ -157.922693404492577, 21.336977801637978 ], [ -157.922693423095069, 21.336977644363952 ], [ -157.922693975967775, 21.336973011325707 ], [ -157.922694010095, 21.336972729787178 ], [ -157.922694580318705, 21.336968097660026 ], [ -157.92269460200194, 21.336967923176477 ], [ -157.922695182829642, 21.336963292860645 ], [ -157.922695219122147, 21.336963007881195 ], [ -157.922695817299825, 21.336958380282866 ], [ -157.922695833445971, 21.336958256173567 ], [ -157.922696439334658, 21.336953628578637 ], [ -157.92269647691711, 21.336953345643021 ], [ -157.922697100157819, 21.336948719862605 ], [ -157.922697119613588, 21.336948576485099 ], [ -157.922697751529284, 21.336943952514883 ], [ -157.922697786082352, 21.336943702749551 ], [ -157.922698433422056, 21.336939079689643 ], [ -157.922698451435025, 21.336938951834355 ], [ -157.922699106484714, 21.336934330584352 ], [ -157.922699142578921, 21.336934078958908 ], [ -157.922699813052617, 21.33692945952231 ], [ -157.922699828832265, 21.336929351347777 ], [ -157.922700506052905, 21.336924731914287 ], [ -157.92270054134471, 21.336924493796065 ], [ -157.922701233024412, 21.336919877078788 ], [ -157.922701247290007, 21.336919782266705 ], [ -157.922701944753669, 21.336915166455228 ], [ -157.922701983147334, 21.336914915193752 ], [ -157.922702696033014, 21.336910301195783 ], [ -157.92270342233374, 21.336905625504084 ], [ -157.922703459679866, 21.33690538756106 ], [ -157.922704190880523, 21.336900776280991 ], [ -157.922704935732895, 21.336896103388792 ], [ -157.922704974033621, 21.336895865524763 ], [ -157.92270572354829, 21.336891256962616 ], [ -157.922706480006354, 21.336886617608769 ], [ -157.922706516212344, 21.336886397578656 ], [ -157.922707281149968, 21.33688179082991 ], [ -157.922708056655154, 21.336877137951213 ], [ -157.922708088840523, 21.336876946349065 ], [ -157.922708868237152, 21.336872342316429 ], [ -157.922709658340608, 21.336867692207463 ], [ -157.922709687646687, 21.336867520908999 ], [ -157.922710480538314, 21.336862917785776 ], [ -157.92271128107879, 21.336858282398182 ], [ -157.922711311285155, 21.336858108688208 ], [ -157.9227121167078, 21.336853508280281 ], [ -157.922712925780701, 21.336848892538764 ], [ -157.922712953252869, 21.336848736757496 ], [ -157.922713769278516, 21.336844137257568 ], [ -157.92271458944083, 21.336839520791059 ], [ -157.922714614519009, 21.336839380392526 ], [ -157.92271544018368, 21.33683478270342 ], [ -157.922716265852188, 21.33683018499827 ], [ -157.922716288880622, 21.336830057386319 ], [ -157.922717122021993, 21.336825462799126 ], [ -157.922717955164444, 21.336820867308219 ], [ -157.922717975608293, 21.33682075501974 ], [ -157.922718815730917, 21.336816160046837 ], [ -157.92271965585752, 21.336811565057687 ], [ -157.922719673174583, 21.336811470677873 ], [ -157.922720517432282, 21.336806885565849 ], [ -157.922721360729383, 21.336802299549348 ], [ -157.922721375797892, 21.336802217852963 ], [ -157.922722225316875, 21.336797626002209 ], [ -157.922723074835261, 21.336793033257319 ], [ -157.92272393267865, 21.336788406873428 ], [ -157.922724784365386, 21.336783813727639 ], [ -157.922725642238618, 21.336779197634012 ], [ -157.922726493476574, 21.336774612104545 ], [ -157.922744475246361, 21.336677850751524 ], [ -157.922762444619565, 21.336581150040857 ], [ -157.922763337717868, 21.33657634435399 ], [ -157.922764229617513, 21.336571539936877 ], [ -157.922765121283504, 21.336566736778746 ], [ -157.922766010869395, 21.336561938752741 ], [ -157.922766899490938, 21.336557141639041 ], [ -157.92276778286984, 21.336552366767179 ], [ -157.922768663768807, 21.336547584587787 ], [ -157.922769544668569, 21.336542801511605 ], [ -157.922770420626222, 21.336538024490132 ], [ -157.922771292495668, 21.336533264559101 ], [ -157.922772159978734, 21.336528495520181 ], [ -157.922773026804293, 21.336523730984506 ], [ -157.92277388628446, 21.336518969249184 ], [ -157.922774743128144, 21.3365142212356 ], [ -157.922775591638356, 21.336509471098509 ], [ -157.922776439933756, 21.336504722169263 ], [ -157.922777277301236, 21.336499984890281 ], [ -157.922778112559854, 21.33649524970318 ], [ -157.922778939295739, 21.336490511837564 ], [ -157.922779762861637, 21.336485782181771 ], [ -157.922780575707634, 21.336481057194685 ], [ -157.922781384463377, 21.33647634041478 ], [ -157.922782184087623, 21.336471613650794 ], [ -157.922782980582156, 21.336466895115297 ], [ -157.922783763133026, 21.336462189727662 ], [ -157.922784541928792, 21.336457484317989 ], [ -157.922785309628921, 21.336452775146132 ], [ -157.922786072374151, 21.336448074209212 ], [ -157.922786821570242, 21.33644337908212 ], [ -157.92278756491649, 21.336438691300824 ], [ -157.922788296313939, 21.336433993518067 ], [ -157.922789022988155, 21.336429302031085 ], [ -157.922789733229223, 21.336424624582456 ], [ -157.922790437723052, 21.336419947266929 ], [ -157.922791128538108, 21.336415265262008 ], [ -157.922791812524309, 21.33641059254742 ], [ -157.922792480417684, 21.336405924700614 ], [ -157.922793141037005, 21.336401262272656 ], [ -157.922793786761133, 21.336396591694132 ], [ -157.922794424881943, 21.336391935031823 ], [ -157.922795044287852, 21.336387284953833 ], [ -157.922795658317938, 21.336382624797888 ], [ -157.92279625472051, 21.336377971168112 ], [ -157.922796842782844, 21.336373323228589 ], [ -157.922797411473198, 21.336368689257984 ], [ -157.922797971754193, 21.336364046951822 ], [ -157.922798515537295, 21.336359402078013 ], [ -157.922799048386707, 21.336354771199986 ], [ -157.92279956202637, 21.336350146028181 ], [ -157.922800065567912, 21.336345520012063 ], [ -157.922800550754573, 21.336340892264889 ], [ -157.922801025080958, 21.336336271109676 ], [ -157.92280147863201, 21.336331663795878 ], [ -157.922801921095413, 21.336327046598285 ], [ -157.922802344632856, 21.336322435380225 ], [ -157.922802755323886, 21.336317823944377 ], [ -157.922803146479964, 21.336313225710196 ], [ -157.922803523069859, 21.336308626608655 ], [ -157.922803881494843, 21.336304025245941 ], [ -157.922804224230077, 21.336299438880104 ], [ -157.922804546931189, 21.336294851780686 ], [ -157.922804824889141, 21.336290713036231 ], [ -157.922808244095137, 21.336223544509437 ], [ -157.922807056126658, 21.336158322266538 ], [ -157.922801192609114, 21.336091307179821 ], [ -157.922800763341797, 21.336087178998383 ], [ -157.922800273171958, 21.336082597930879 ], [ -157.922799763747292, 21.336078025196795 ], [ -157.922799239037033, 21.336073446622969 ], [ -157.922798693477006, 21.336068855752213 ], [ -157.922798135153755, 21.336064265740674 ], [ -157.922797557682031, 21.336059678285395 ], [ -157.922796966488363, 21.336055084245533 ], [ -157.922796356172341, 21.336050486302412 ], [ -157.922795734843817, 21.336045896553781 ], [ -157.922795091239692, 21.336041286317354 ], [ -157.922794438458283, 21.336036677796564 ], [ -157.922793767478595, 21.336032078342622 ], [ -157.922793084390406, 21.336027466893004 ], [ -157.922792382568019, 21.336022849642742 ], [ -157.92279167153481, 21.336018233224202 ], [ -157.922790941847722, 21.336013612021027 ], [ -157.922790202688645, 21.336008984336821 ], [ -157.922789446900879, 21.336004359219693 ], [ -157.922788684204562, 21.33599974344969 ], [ -157.922787900082341, 21.335995108016245 ], [ -157.922787110194349, 21.335990471370121 ], [ -157.92278630290113, 21.335985838479299 ], [ -157.92278548769886, 21.335981193065869 ], [ -157.92278465648414, 21.335976549924862 ], [ -157.922783819468719, 21.335971905530421 ], [ -157.922782965535703, 21.33596725768907 ], [ -157.922782105599367, 21.335962603420882 ], [ -157.922781230504199, 21.335957950479308 ], [ -157.922780350991786, 21.33595329883423 ], [ -157.922779453759745, 21.33594863612532 ], [ -157.922778552063505, 21.335943964817641 ], [ -157.922777637737369, 21.335939303402903 ], [ -157.922776716805259, 21.335934627444527 ], [ -157.922775783943564, 21.335929955477752 ], [ -157.922774847057411, 21.335925283032498 ], [ -157.922773896496608, 21.335920605083341 ], [ -157.922772940161536, 21.335915913518434 ], [ -157.922771974658701, 21.335911229554601 ], [ -157.922771004182522, 21.335906539751708 ], [ -157.922770022764524, 21.335901845365974 ], [ -157.922769038213772, 21.335897149543101 ], [ -157.92276804145871, 21.335892442460082 ], [ -157.922767044984766, 21.335887742057981 ], [ -157.922766036556709, 21.335883035309863 ], [ -157.922765026581516, 21.335878322238624 ], [ -157.922764007113443, 21.335873610028443 ], [ -157.922762984525974, 21.335868884296186 ], [ -157.922761955573264, 21.335864165180237 ], [ -157.9227609228451, 21.33585943312039 ], [ -157.922759884397436, 21.335854702847971 ], [ -157.922758844669488, 21.335849971086887 ], [ -157.922757797626872, 21.335845233005692 ], [ -157.92275674899355, 21.335840487726198 ], [ -157.922755695576853, 21.335835743339718 ], [ -157.922754638960384, 21.335830984537374 ], [ -157.922753581071504, 21.335826233847943 ], [ -157.9227525206189, 21.335821475952692 ], [ -157.922751456640384, 21.335816711759048 ], [ -157.922750390380884, 21.335811936445108 ], [ -157.922749325105372, 21.335807170746786 ], [ -157.922748256919959, 21.335802395435337 ], [ -157.922649128194479, 21.335359075018197 ], [ -157.922549992778414, 21.33491572091835 ], [ -157.922548972783289, 21.334911159392888 ], [ -157.922547955758176, 21.334906612054425 ], [ -157.922546936456826, 21.334902062227464 ], [ -157.922545919181289, 21.334897518066256 ], [ -157.922544900739581, 21.334892985795943 ], [ -157.922543880230165, 21.334888440061711 ], [ -157.922542859273733, 21.334883910280855 ], [ -157.922541841713439, 21.334879395563576 ], [ -157.922540818793777, 21.334874883353447 ], [ -157.922539795509465, 21.334870370432949 ], [ -157.922538768217066, 21.334865865033816 ], [ -157.922537742057102, 21.33486136966475 ], [ -157.92253670924427, 21.334856875188429 ], [ -157.922535677211386, 21.334852389128976 ], [ -157.92253463894599, 21.334847909820017 ], [ -157.922533601292685, 21.334843441304493 ], [ -157.922532555132477, 21.334838975460631 ], [ -157.922531508454313, 21.334834515466145 ], [ -157.922530452724857, 21.334830058891402 ], [ -157.922529398668985, 21.334825618203549 ], [ -157.922528333323044, 21.334821179270278 ], [ -157.922527266504432, 21.334816742917045 ], [ -157.922526189809673, 21.33481231499562 ], [ -157.922525112117825, 21.334807894539065 ], [ -157.922524022656773, 21.334803478416852 ], [ -157.922522932235324, 21.334799070649954 ], [ -157.922521832895427, 21.334794682198801 ], [ -157.922520726575925, 21.334790286279535 ], [ -157.9225196100044, 21.334785899533294 ], [ -157.922518490661162, 21.334781525561866 ], [ -157.922517359290026, 21.334777158909802 ], [ -157.922516221880358, 21.334772794040035 ], [ -157.922515071950272, 21.334768435359955 ], [ -157.922513920931721, 21.334764097936837 ], [ -157.922512753209446, 21.33475976028603 ], [ -157.922511579439202, 21.334755423394089 ], [ -157.922510393466382, 21.334751101953117 ], [ -157.922509201158334, 21.33474678602456 ], [ -157.922507993184865, 21.334742474429248 ], [ -157.922506781987209, 21.334738179277 ], [ -157.922505556003898, 21.334733897739788 ], [ -157.922504319086954, 21.334729609476046 ], [ -157.922503067766002, 21.334725331937502 ], [ -157.922501810620929, 21.334721068324026 ], [ -157.922500539860437, 21.334716822419889 ], [ -157.92249925594129, 21.334712570884843 ], [ -157.922497956858336, 21.334708328659097 ], [ -157.922496650677431, 21.334704102321279 ], [ -157.922495328560899, 21.334699887454924 ], [ -157.922493993016161, 21.334695670878936 ], [ -157.92249264483192, 21.334691473857266 ], [ -157.922491280709067, 21.334687273013493 ], [ -157.922489905698171, 21.334683093850067 ], [ -157.922488517702448, 21.334678926089069 ], [ -157.922487113318425, 21.334674765665085 ], [ -157.922485696045243, 21.334670617479052 ], [ -157.922484262411501, 21.334666479127741 ], [ -157.922482809221123, 21.334662335398939 ], [ -157.922481347369967, 21.33465821974238 ], [ -157.922479865803695, 21.334654105853719 ], [ -157.922478373274288, 21.334650012095416 ], [ -157.922477341004793, 21.334647222175526 ], [ -157.922444941359885, 21.33456923867335 ], [ -157.922406822651169, 21.33449545579186 ], [ -157.922362563536723, 21.334424744808153 ], [ -157.92231244432179, 21.33435755532291 ], [ -157.922256782876843, 21.334294311883912 ], [ -157.922195929981598, 21.334235414623553 ], [ -157.922130273086111, 21.334181236987138 ], [ -157.922060225827323, 21.334132120844309 ], [ -157.921986233138426, 21.334088377893625 ], [ -157.921908763052301, 21.33405028540226 ], [ -157.921828304548455, 21.334018083610598 ], [ -157.921743647070741, 21.333991434882698 ], [ -157.921740616469577, 21.333990598659167 ], [ -157.921736172454189, 21.333989391312702 ], [ -157.921731725280694, 21.333988200518608 ], [ -157.921727270505357, 21.333987026767311 ], [ -157.921722785688843, 21.333985862338313 ], [ -157.921718306294878, 21.333984715656435 ], [ -157.921713811514451, 21.333983583314382 ], [ -157.921709311064916, 21.333982464820462 ], [ -157.921704798276636, 21.333981361314571 ], [ -157.921700276003065, 21.333980269936809 ], [ -157.921695738332772, 21.333979192297182 ], [ -157.921691203865294, 21.33397812879014 ], [ -157.921686649055658, 21.33397707860529 ], [ -157.92168208358035, 21.333976037678305 ], [ -157.921677513521132, 21.333975012948375 ], [ -157.921672938844694, 21.333973998887487 ], [ -157.921668352577001, 21.333972999305594 ], [ -157.921663755593102, 21.333972008259732 ], [ -157.921659146933592, 21.333971030924616 ], [ -157.921654533727292, 21.333970062645456 ], [ -157.921649909777159, 21.333969108160371 ], [ -157.921645276769709, 21.333968160980792 ], [ -157.921640636600927, 21.333967227731122 ], [ -157.921635987517163, 21.333966301501921 ], [ -157.92163132838121, 21.333965387828336 ], [ -157.921626673763598, 21.333964483166959 ], [ -157.921621992188193, 21.333963588549732 ], [ -157.921617316811052, 21.333962700664596 ], [ -157.921612628965306, 21.33396182655558 ], [ -157.921607925615376, 21.333960954080204 ], [ -157.921603225038268, 21.33396009671219 ], [ -157.921598514835154, 21.333959242813869 ], [ -157.921593796828006, 21.333958401083741 ], [ -157.92158907538203, 21.33395756343165 ], [ -157.921584332809857, 21.333956735498031 ], [ -157.92157959326633, 21.333955910718316 ], [ -157.921574849958205, 21.333955099059192 ], [ -157.921570087426346, 21.33395428674655 ], [ -157.921565324492775, 21.333953486103624 ], [ -157.921560560616399, 21.33395268809458 ], [ -157.921555785271522, 21.333951899920852 ], [ -157.921550995054844, 21.333951111057999 ], [ -157.921546200581389, 21.333950331673648 ], [ -157.921541407057902, 21.33394955405705 ], [ -157.921536612099146, 21.333948786377096 ], [ -157.921531789858022, 21.333948016105225 ], [ -157.921526976219525, 21.333947254447359 ], [ -157.921522153459051, 21.333946494158557 ], [ -157.921517320206846, 21.33394573859114 ], [ -157.921512488314079, 21.333944985014373 ], [ -157.921507644988395, 21.333944236186966 ], [ -157.921502786253626, 21.333943485724024 ], [ -157.921497935128286, 21.33394274119048 ], [ -157.921493081334489, 21.333941998032738 ], [ -157.921488211177888, 21.333941256848171 ], [ -157.921483326338063, 21.333940512676996 ], [ -157.921478455223905, 21.333939775074288 ], [ -157.921473560865962, 21.33393903395168 ], [ -157.921468672418314, 21.333938295666329 ], [ -157.921463776742428, 21.333937557044617 ], [ -157.92145887322792, 21.333936818286375 ], [ -157.921453952645095, 21.333936076053373 ], [ -157.920970197433149, 21.333863200057039 ], [ -157.920486472378428, 21.333790326768543 ], [ -157.920483199952088, 21.333789833427975 ], [ -157.920479936899, 21.333789342399861 ], [ -157.920476661557302, 21.333788849522445 ], [ -157.920473386217594, 21.333788355745355 ], [ -157.920470135452859, 21.333787867462636 ], [ -157.920466874358539, 21.333787377628251 ], [ -157.920463612302342, 21.333786888692234 ], [ -157.920460347293897, 21.333786399170421 ], [ -157.920457095570413, 21.333785912679595 ], [ -157.920453857101649, 21.333785428922642 ], [ -157.920450607333777, 21.33378494541201 ], [ -157.920447357557407, 21.333784461900166 ], [ -157.920444106815751, 21.333783980178236 ], [ -157.920440865457834, 21.33378349970604 ], [ -157.920437627015929, 21.333783022484379 ], [ -157.920434399892599, 21.333782546791195 ], [ -157.920431174707744, 21.333782075216575 ], [ -157.920427920129555, 21.333781598312378 ], [ -157.920424705335051, 21.333781130914339 ], [ -157.920421476331228, 21.333780662340093 ], [ -157.920418249226316, 21.333780196708645 ], [ -157.920415021160551, 21.333779731964281 ], [ -157.920411803534364, 21.33377927138153 ], [ -157.920408587787364, 21.333778812839398 ], [ -157.920405371084229, 21.333778356952447 ], [ -157.920402166700342, 21.333777904576049 ], [ -157.920398949042692, 21.333777454001872 ], [ -157.920395743702983, 21.333777006034982 ], [ -157.920392525081326, 21.333776560772211 ], [ -157.920389317936326, 21.333776116967318 ], [ -157.920386137193304, 21.333775682323751 ], [ -157.920382928181482, 21.333775245583102 ], [ -157.92037972095514, 21.333774812614848 ], [ -157.920376537490625, 21.333774384731147 ], [ -157.920373341669716, 21.33377396046048 ], [ -157.920370144913392, 21.333773537068499 ], [ -157.92036696051764, 21.333773120567134 ], [ -157.92036377687927, 21.333772706036779 ], [ -157.920360590586313, 21.333772296535312 ], [ -157.920357402639468, 21.333771888573292 ], [ -157.920354228759493, 21.33377148764448 ], [ -157.920351043207006, 21.333771087983735 ], [ -157.920347867448413, 21.333770694029095 ], [ -157.920344704087597, 21.333770305087359 ], [ -157.920341516604452, 21.333769918544814 ], [ -157.920338351373289, 21.3337695365502 ], [ -157.920335186149885, 21.333769161506623 ], [ -157.920332020013745, 21.333768788201755 ], [ -157.920328853884172, 21.333768421847598 ], [ -157.920325688333719, 21.33376805740383 ], [ -157.920322532760082, 21.333767701137329 ], [ -157.920319377205885, 21.333767347469067 ], [ -157.920316222177661, 21.333767000882197 ], [ -157.92031306476585, 21.333766656730411 ], [ -157.920309919806044, 21.333766320831298 ], [ -157.920306761499575, 21.333765987066077 ], [ -157.920303615655683, 21.33376566065132 ], [ -157.920300482695097, 21.333765339958536 ], [ -157.920297323857426, 21.333765023630512 ], [ -157.920294175217094, 21.333764711001276 ], [ -157.920291051528807, 21.333764408545022 ], [ -157.920288599276574, 21.333764174526252 ], [ -157.920188109597802, 21.333756311506793 ], [ -157.920089658101915, 21.333755367864061 ], [ -157.919989026287482, 21.333761303769343 ], [ -157.919986564476858, 21.333761491550394 ], [ -157.919983422599955, 21.333761734709075 ], [ -157.919980267118348, 21.333761986679658 ], [ -157.919977113789713, 21.333762241062814 ], [ -157.919973973721312, 21.333762502250529 ], [ -157.919970820219476, 21.333762767925904 ], [ -157.919967669722524, 21.333763040395823 ], [ -157.919964504393135, 21.333763317610739 ], [ -157.919961340215877, 21.333763600781356 ], [ -157.919958178195628, 21.333763887301508 ], [ -157.919955014639982, 21.33376418010382 ], [ -157.919951851365937, 21.333764476255165 ], [ -157.919948678750984, 21.333764779533428 ], [ -157.919945504878655, 21.333765085537841 ], [ -157.919942331927984, 21.33376539762352 ], [ -157.91993915762319, 21.33376571244953 ], [ -157.919935973525412, 21.333766034348475 ], [ -157.919932802415929, 21.333766356859922 ], [ -157.91992961652852, 21.333766687758711 ], [ -157.919926434346024, 21.333767019241368 ], [ -157.919923251703665, 21.333767357845584 ], [ -157.919920056622203, 21.333767698648657 ], [ -157.919916862475162, 21.333768045580353 ], [ -157.919913668329173, 21.333768393387377 ], [ -157.919910487545053, 21.333768745945434 ], [ -157.91990728040318, 21.333769103183602 ], [ -157.919904074740401, 21.333769464651116 ], [ -157.919900883970286, 21.333769826295292 ], [ -157.919897678677586, 21.333770194967855 ], [ -157.919894473964575, 21.333770564344093 ], [ -157.919891260279229, 21.333770940263523 ], [ -157.919888040967976, 21.333771316730132 ], [ -157.919884839699506, 21.333771696467533 ], [ -157.919881623818839, 21.33377207893297 ], [ -157.919878408577347, 21.333772465621291 ], [ -157.919875182835256, 21.333772854686288 ], [ -157.919871954531061, 21.333773247490253 ], [ -157.919868728787151, 21.333773640983527 ], [ -157.919865503051454, 21.33377403801866 ], [ -157.919862290650883, 21.333774434410877 ], [ -157.919859064213455, 21.333774836965556 ], [ -157.919855800618279, 21.333775243263361 ], [ -157.919852575825814, 21.333775648269835 ], [ -157.9198493396093, 21.333776055719547 ], [ -157.919846101717468, 21.333776466048743 ], [ -157.919842851438688, 21.333776878840517 ], [ -157.919839602847503, 21.333777293202793 ], [ -157.919836367592097, 21.33377770687455 ], [ -157.919833118266354, 21.333778125024164 ], [ -157.919829843239086, 21.333778545461666 ], [ -157.919826608933022, 21.333778963578862 ], [ -157.919823345509684, 21.333779386232735 ], [ -157.919820073152636, 21.333779810942868 ], [ -157.919816814125511, 21.333780234047417 ], [ -157.919813553377764, 21.333780659167953 ], [ -157.919810277568956, 21.333781086126258 ], [ -157.919807006179013, 21.333781513533271 ], [ -157.919803733062963, 21.333781941165807 ], [ -157.919800459943133, 21.333782369698408 ], [ -157.919797176199893, 21.333782799621897 ], [ -157.91979390404552, 21.333783228154232 ], [ -157.919790629191056, 21.333783657814017 ], [ -157.919333323144173, 21.33384358952739 ], [ -157.918876034575817, 21.333903517909185 ], [ -157.91887223673902, 21.333904015859549 ], [ -157.918868436989811, 21.333904514187527 ], [ -157.918864611909726, 21.333905014804465 ], [ -157.918860812155714, 21.333905512230139 ], [ -157.918857006946354, 21.333906010243243 ], [ -157.918853187317723, 21.333906509364805 ], [ -157.918849371431065, 21.333907006965475 ], [ -157.918845579900619, 21.33390750228741 ], [ -157.918841738893889, 21.333908002384039 ], [ -157.918837933701184, 21.333908497682984 ], [ -157.918834086296869, 21.333908996533051 ], [ -157.918830285569157, 21.333909489445098 ], [ -157.918826440603141, 21.333909986277792 ], [ -157.918822634470416, 21.33391047795746 ], [ -157.918818771071329, 21.333910974429429 ], [ -157.918814964954549, 21.333911463395356 ], [ -157.918811115122452, 21.333911956035067 ], [ -157.918807293494325, 21.333912444272844 ], [ -157.918803426157609, 21.33391293561607 ], [ -157.918799619111581, 21.333913419153888 ], [ -157.918795750802332, 21.333913907740339 ], [ -157.918791921422525, 21.33391439035859 ], [ -157.918788055982077, 21.333914874909951 ], [ -157.918784226613809, 21.333915353891047 ], [ -157.918780335904444, 21.333915836888206 ], [ -157.918776527001626, 21.333916309569847 ], [ -157.918776419960153, 21.333916322790099 ], [ -157.91877261390411, 21.333916790602643 ], [ -157.918768807848181, 21.333917258415092 ], [ -157.918764916127031, 21.333917733103753 ], [ -157.918761063472147, 21.333918201051127 ], [ -157.918757170760671, 21.333918670199033 ], [ -157.918753342313721, 21.333919130655985 ], [ -157.918753253834666, 21.333919141254199 ], [ -157.91874944585868, 21.333919595517639 ], [ -157.91874559131486, 21.333920053402874 ], [ -157.918745486832933, 21.333920065753698 ], [ -157.918741678859902, 21.333920513694846 ], [ -157.918737845773705, 21.333920963569703 ], [ -157.918737714404415, 21.333920978892525 ], [ -157.918733904506411, 21.333921420510361 ], [ -157.918730094605593, 21.333921862128317 ], [ -157.918729944396659, 21.333921879414888 ], [ -157.918726134502663, 21.333922314710218 ], [ -157.918722299551774, 21.333922751851251 ], [ -157.918722170746378, 21.333922766441919 ], [ -157.918718359892353, 21.333923195414357 ], [ -157.918714524009346, 21.333923626188675 ], [ -157.918714395153756, 21.333923640567615 ], [ -157.918710583338708, 21.333924063217243 ], [ -157.918706725047457, 21.333924489094894 ], [ -157.918706574636303, 21.333924505572099 ], [ -157.918702761861283, 21.333924920092521 ], [ -157.918698927586917, 21.333925336044391 ], [ -157.918698774612295, 21.333925352510455 ], [ -157.918694960878298, 21.333925759804778 ], [ -157.918691122214767, 21.333926168751557 ], [ -157.918690950153746, 21.333926186918738 ], [ -157.91868713545972, 21.333926586083759 ], [ -157.918683299250262, 21.333926986594378 ], [ -157.918683122328162, 21.333927004893237 ], [ -157.918679305710128, 21.333927395928644 ], [ -157.91867544936656, 21.333927789317933 ], [ -157.918675296299369, 21.333927804803341 ], [ -157.918671479685315, 21.333928187709954 ], [ -157.918667616729408, 21.333928573351141 ], [ -157.918667422847932, 21.333928592499447 ], [ -157.918663605275867, 21.333928965470442 ], [ -157.918659762936244, 21.333929339860209 ], [ -157.918659590514807, 21.333929356497336 ], [ -157.918655771983737, 21.333929721339128 ], [ -157.918651885610757, 21.333930089836347 ], [ -157.918651713079754, 21.333930106031058 ], [ -157.918647893588741, 21.33393046093725 ], [ -157.918644006281284, 21.333930819321036 ], [ -157.918643855241584, 21.333930833119958 ], [ -157.91864003479256, 21.333931178993854 ], [ -157.918639946370035, 21.333931186956129 ], [ -157.91863612495797, 21.333931529216709 ], [ -157.918635315281961, 21.333931598148435 ], [ -157.918611966612389, 21.333933482612466 ], [ -157.918588912454794, 21.333935327910574 ], [ -157.918587464310065, 21.333935432387008 ], [ -157.918564084037371, 21.333936934785548 ], [ -157.91854100120031, 21.333938403209164 ], [ -157.918539551039515, 21.333938484036668 ], [ -157.91851614591377, 21.333939604373011 ], [ -157.918493037535427, 21.333940695260583 ], [ -157.918491582163284, 21.333940752489852 ], [ -157.918468160861465, 21.333941488961784 ], [ -157.918445040542707, 21.333942202049364 ], [ -157.918443583311159, 21.333942235511387 ], [ -157.91842015161626, 21.333942589024911 ], [ -157.918397020211756, 21.333942923686497 ], [ -157.918395564681276, 21.333942933300172 ], [ -157.918372129343396, 21.333942903858585 ], [ -157.9183489935279, 21.333942860043905 ], [ -157.918347967732785, 21.333942852417152 ], [ -157.918337699476098, 21.333942719178353 ], [ -157.918329407374472, 21.333942611236608 ], [ -157.918328998911221, 21.333942605018088 ], [ -157.918325161337094, 21.333942538124862 ], [ -157.918321279651963, 21.333942468662627 ], [ -157.918321083262185, 21.333942464939337 ], [ -157.918317245694055, 21.333942388111094 ], [ -157.918313364576846, 21.333942308594224 ], [ -157.918313190396788, 21.333942304861161 ], [ -157.918309352833688, 21.333942219000921 ], [ -157.91830544996165, 21.333942128946788 ], [ -157.918305275815754, 21.333942124763603 ], [ -157.918301438258652, 21.333942028968249 ], [ -157.918297557556116, 21.333941930255396 ], [ -157.918297384021287, 21.333941925677916 ], [ -157.918293546469187, 21.333941820850566 ], [ -157.918289665728906, 21.333941713000772 ], [ -157.918289513373708, 21.333941708640719 ], [ -157.918285676789594, 21.333941595685157 ], [ -157.918281774918569, 21.333941478074632 ], [ -157.918281622604269, 21.333941473357164 ], [ -157.918277786025158, 21.333941351369699 ], [ -157.91827392768829, 21.333941227784528 ], [ -157.918273753649885, 21.333941222045965 ], [ -157.918269917074781, 21.333941091929699 ], [ -157.918266037172856, 21.33394095849464 ], [ -157.918265906643342, 21.333940953912993 ], [ -157.918262071037219, 21.333940816571619 ], [ -157.918258191927947, 21.333940675855889 ], [ -157.918258039676374, 21.333940670207031 ], [ -157.918254204075254, 21.33394052473686 ], [ -157.918250346726637, 21.333940377536063 ], [ -157.918250216260134, 21.333940372465065 ], [ -157.918246380661998, 21.333940220672581 ], [ -157.918242501623553, 21.333940065305995 ], [ -157.918242372108722, 21.333940060027352 ], [ -157.918238536514622, 21.333939901009273 ], [ -157.918234679189311, 21.33393974014459 ], [ -157.918234548752395, 21.333939734612631 ], [ -157.918230714125286, 21.333939569272545 ], [ -157.918226857760573, 21.333939402089282 ], [ -157.918226748067553, 21.333939397268541 ], [ -157.918222914407437, 21.333939226509752 ], [ -157.918219037339696, 21.333939052043586 ], [ -157.918218927634342, 21.333939047041397 ], [ -157.918215093977238, 21.3339388699601 ], [ -157.918211238690361, 21.333938691018126 ], [ -157.918211128975315, 21.333938685860421 ], [ -157.918207295322219, 21.333938503359921 ], [ -157.918203439943767, 21.333938318919433 ], [ -157.918203351920141, 21.33393831466633 ], [ -157.918199519233042, 21.333938127650239 ], [ -157.91819566497955, 21.333937938722791 ], [ -157.918195556375622, 21.333937933335218 ], [ -157.918191722727499, 21.333937740899415 ], [ -157.918187888891055, 21.333937548406119 ], [ -157.918187780284029, 21.333937542889082 ], [ -157.918183947602927, 21.33393734593778 ], [ -157.918180114919153, 21.333937148986138 ], [ -157.918180028048539, 21.333937144481148 ], [ -157.918176195368432, 21.333936943916836 ], [ -157.918172340974422, 21.333936741310374 ], [ -157.918168443157185, 21.333936533686114 ], [ -157.918164588767695, 21.333936327446459 ], [ -157.918160691307094, 21.333936116115339 ], [ -157.918156859250871, 21.333935908358789 ], [ -157.918152961159137, 21.333935694236693 ], [ -157.918149108041348, 21.33393548170832 ], [ -157.918145231648168, 21.333935266023822 ], [ -157.918141399937298, 21.333935052814553 ], [ -157.918137503112575, 21.333934833249497 ], [ -157.918133671406622, 21.333934617330858 ], [ -157.918129796289776, 21.333934397149132 ], [ -157.918125964584249, 21.333934179423785 ], [ -157.918122089478885, 21.333933957415855 ], [ -157.918118257416978, 21.333933737808696 ], [ -157.918114394481478, 21.333933514676019 ], [ -157.918110573627501, 21.333933294865108 ], [ -157.918106709671122, 21.333933070707751 ], [ -157.918102889483379, 21.333932850034419 ], [ -157.918099024567539, 21.333932624965485 ], [ -157.918095204010996, 21.333932403314812 ], [ -157.918091351943843, 21.333932178986014 ], [ -157.918087522968307, 21.333931955943978 ], [ -157.917655806531343, 21.333906836509637 ], [ -157.917224087145229, 21.333881715786614 ], [ -157.917219585843497, 21.333881452974698 ], [ -157.917215101732921, 21.333881192121538 ], [ -157.917210608184291, 21.333880930663629 ], [ -157.917206114830094, 21.333880669272506 ], [ -157.917201612039065, 21.333880406373485 ], [ -157.917197127926954, 21.333880145519693 ], [ -157.917192606636092, 21.333879880637248 ], [ -157.917188122525715, 21.333879618882079 ], [ -157.917183609912115, 21.333879354501899 ], [ -157.91717911751428, 21.333879091303853 ], [ -157.917174624159514, 21.333878828105668 ], [ -157.91717011154239, 21.333878562817766 ], [ -157.917165600073787, 21.333878296690138 ], [ -157.917161107104562, 21.333878031651707 ], [ -157.917156595832921, 21.333877764685102 ], [ -157.91715208320818, 21.333877496674777 ], [ -157.917147590241484, 21.333877229829753 ], [ -157.917143078777741, 21.333876960981023 ], [ -157.917138567313941, 21.333876691225214 ], [ -157.917134055849914, 21.333876420562266 ], [ -157.917129544390832, 21.333876148992701 ], [ -157.917125051426723, 21.333875878534435 ], [ -157.917120521247313, 21.333875603963914 ], [ -157.917116010977395, 21.33387532974518 ], [ -157.917111499522406, 21.333875054547658 ], [ -157.917107006328195, 21.333874780403622 ], [ -157.917102459085413, 21.333874500294545 ], [ -157.917097965883499, 21.333874223439544 ], [ -157.917093437148111, 21.33387394264048 ], [ -157.917088925445626, 21.333873661925836 ], [ -157.91708439646905, 21.333873378320384 ], [ -157.917079904474207, 21.333873097023165 ], [ -157.917075357012351, 21.33387280952611 ], [ -157.917070865018246, 21.33387252551907 ], [ -157.917066317278938, 21.33387223519987 ], [ -157.917061808052068, 21.333871946477952 ], [ -157.917057279093058, 21.333871654677036 ], [ -157.917052768318825, 21.333871363073268 ], [ -157.9170482224674, 21.333871066473684 ], [ -157.917043731127308, 21.333870773476477 ], [ -157.917039183053078, 21.333870473925341 ], [ -157.917034674839073, 21.333870176139403 ], [ -157.91703012838002, 21.333869873099211 ], [ -157.91702561887999, 21.333869571600559 ], [ -157.917021063496861, 21.333869263332858 ], [ -157.917016582379745, 21.333868961026141 ], [ -157.917016488673937, 21.333868954656733 ], [ -157.917011998622456, 21.333868647166693 ], [ -157.917007508568986, 21.333868339676236 ], [ -157.91700294462629, 21.333868023482996 ], [ -157.916998454186285, 21.333867712286416 ], [ -157.916998363194324, 21.333867705935404 ], [ -157.916993873147817, 21.333867390316254 ], [ -157.916989382689735, 21.333867074600718 ], [ -157.916984819730544, 21.333866750145063 ], [ -157.916980312182915, 21.333866428694932 ], [ -157.916975749245182, 21.333866099650169 ], [ -157.916971241707046, 21.333865773665924 ], [ -157.916971147970116, 21.333865766838965 ], [ -157.916966669090414, 21.33386543834941 ], [ -157.916962190210143, 21.333865110761032 ], [ -157.9169620794504, 21.333865102593123 ], [ -157.916957591342936, 21.333864768910455 ], [ -157.91695310323604, 21.333864435227742 ], [ -157.916952992507333, 21.333864426928411 ], [ -157.916948512892617, 21.333864088467795 ], [ -157.916944034241169, 21.333863750909227 ], [ -157.916943223191822, 21.333863686190107 ], [ -157.91687902221156, 21.333858278753102 ], [ -157.916815169601222, 21.333852894170843 ], [ -157.916813673010779, 21.333852755702068 ], [ -157.916749581561675, 21.333846299682193 ], [ -157.916685839937855, 21.33383987273729 ], [ -157.916684343950124, 21.333839709578459 ], [ -157.916620383241195, 21.33383220588993 ], [ -157.916556771318056, 21.333824737556924 ], [ -157.916555662018055, 21.333824600505629 ], [ -157.916524457359088, 21.333820553234876 ], [ -157.916494196378295, 21.333816628357081 ], [ -157.916493785997801, 21.333816574193886 ], [ -157.916489331153343, 21.333815976058521 ], [ -157.916484875341524, 21.333815377921933 ], [ -157.916484760938118, 21.333815362491837 ], [ -157.916480316168531, 21.333814760173407 ], [ -157.916475870435249, 21.333814158755306 ], [ -157.916475758660908, 21.333814143564886 ], [ -157.916471303486503, 21.333813535320079 ], [ -157.916466848310364, 21.333812927074842 ], [ -157.916466754731999, 21.333812914250188 ], [ -157.916462300524586, 21.333812301489676 ], [ -157.916457828136288, 21.333811685322885 ], [ -157.916453317683505, 21.333811061049612 ], [ -157.916448847978899, 21.333810441626319 ], [ -157.916448751730798, 21.333810428236291 ], [ -157.916444300805836, 21.33380980663302 ], [ -157.916439848914735, 21.333809185028723 ], [ -157.916435321265169, 21.333808549067612 ], [ -157.916430868993103, 21.333807923662839 ], [ -157.916430778181166, 21.33380791086055 ], [ -157.916426325911772, 21.33380728093973 ], [ -157.916421871874348, 21.333806650632738 ], [ -157.916417355643802, 21.333806007888253 ], [ -157.916412913007633, 21.333805376353574 ], [ -157.916412824994154, 21.333805363798884 ], [ -157.916408373692718, 21.333804726652659 ], [ -157.91640392059287, 21.333804089111428 ], [ -157.916399406311399, 21.333803439037208 ], [ -157.916394966437622, 21.333802800685717 ], [ -157.916394872938639, 21.333802787193818 ], [ -157.916390432638508, 21.333802144136133 ], [ -157.916385992338888, 21.333801501979675 ], [ -157.916381469978717, 21.333800844173265 ], [ -157.916377022010522, 21.333800197295623 ], [ -157.916372516398098, 21.333799539166986 ], [ -157.91636806799238, 21.333798889376034 ], [ -157.916363564747343, 21.333798228706943 ], [ -157.916359117765779, 21.33379757641503 ], [ -157.916354613114578, 21.333796912794931 ], [ -157.916350165675794, 21.333796257584851 ], [ -157.916345663411192, 21.333795591428963 ], [ -157.916341217404522, 21.333794933720888 ], [ -157.916336731838385, 21.333794268203366 ], [ -157.916332285372533, 21.333793608478608 ], [ -157.916327784546326, 21.333792937961704 ], [ -157.916323338080645, 21.333792275526772 ], [ -157.916318871590335, 21.333791609059684 ], [ -157.916314409887292, 21.33379094254315 ], [ -157.916309925280501, 21.333790270645075 ], [ -157.916305479776412, 21.333789604596621 ], [ -157.916301007115749, 21.333788932669364 ], [ -157.916296570670767, 21.333788267076784 ], [ -157.916292078453381, 21.33378759039481 ], [ -157.91628764152378, 21.333786922781986 ], [ -157.916283162713228, 21.333786247199072 ], [ -157.916278715273563, 21.333785576196799 ], [ -157.91627425263826, 21.333784901996811 ], [ -157.916269808101163, 21.333784230528856 ], [ -157.916265345466684, 21.333783555421657 ], [ -157.916260900934986, 21.333782883051118 ], [ -157.916256438304288, 21.333782207037526 ], [ -157.916251993768242, 21.333781533762771 ], [ -157.916247531138509, 21.333780856841983 ], [ -157.916243086112928, 21.33378018244375 ], [ -157.916238643038724, 21.33377950848709 ], [ -157.916234198510807, 21.333778834309975 ], [ -157.916229735383979, 21.333778156260227 ], [ -157.916225292315005, 21.333777481401164 ], [ -157.916220856335372, 21.333776807473072 ], [ -157.916216422316126, 21.333776134889476 ], [ -157.91542378002984, 21.33365574202104 ], [ -157.914631157770884, 21.333535349016476 ], [ -157.914626712740841, 21.333534673814952 ], [ -157.914622267727509, 21.333533998469939 ], [ -157.91461783372435, 21.333533324943208 ], [ -157.914613398257075, 21.333532652095375 ], [ -157.914608935146703, 21.333531974002852 ], [ -157.914604499681388, 21.333531300253725 ], [ -157.914600065176359, 21.333530627406034 ], [ -157.914595622123443, 21.333529953407094 ], [ -157.914591177603796, 21.333529279185306 ], [ -157.914586732598053, 21.333528604744199 ], [ -157.914582298586339, 21.333527932116226 ], [ -157.914577863120968, 21.333527260169067 ], [ -157.914573418606835, 21.333526586851058 ], [ -157.914568983139532, 21.333525914903401 ], [ -157.914564547673876, 21.333525243857249 ], [ -157.914560103158067, 21.333524570540433 ], [ -157.914555676744556, 21.333523901763115 ], [ -157.914551223175494, 21.333523227979679 ], [ -157.914546787709696, 21.333522557834364 ], [ -157.914542362751661, 21.33352188927671 ], [ -157.914537936826918, 21.333521222515902 ], [ -157.914533480352674, 21.333520550104332 ], [ -157.914529046342267, 21.333519881980695 ], [ -157.914524611362651, 21.333519213855496 ], [ -157.914520182537501, 21.333518547557063 ], [ -157.914515747075541, 21.33351788101718 ], [ -157.914511303040172, 21.333517213333288 ], [ -157.914506875663278, 21.333516548151866 ], [ -157.914502448291501, 21.333515884770314 ], [ -157.914498013305035, 21.333515220247836 ], [ -157.914493577352516, 21.333514556624944 ], [ -157.914489138046406, 21.333513892356926 ], [ -157.914484712115382, 21.33351323098935 ], [ -157.914480285219639, 21.333512570519812 ], [ -157.91447584782631, 21.333511909385262 ], [ -157.914471419493253, 21.333511249600555 ], [ -157.914466991159969, 21.333510591614747 ], [ -157.914462553770164, 21.333509932283182 ], [ -157.914458125442252, 21.333509275197514 ], [ -157.914453698537784, 21.333508619222368 ], [ -157.914449261608837, 21.333507962804642 ], [ -157.914444831853501, 21.333507307306622 ], [ -157.914440413049903, 21.33350665536506 ], [ -157.914435983760114, 21.333506002775955 ], [ -157.914431546821049, 21.333505349960856 ], [ -157.914427116570494, 21.333504698270367 ], [ -157.914422696344928, 21.333504049709575 ], [ -157.914418267503834, 21.333503400924222 ], [ -157.914413837250635, 21.333502752831212 ], [ -157.914409407001614, 21.333502105638392 ], [ -157.914404976751911, 21.333501459344891 ], [ -157.914400556975238, 21.33350081547654 ], [ -157.91439613483422, 21.333500173198242 ], [ -157.914391704586961, 21.333499530502955 ], [ -157.914387274776402, 21.333498888909027 ], [ -157.914382854031402, 21.333498249525423 ], [ -157.914378423251321, 21.333497610627294 ], [ -157.914373999720766, 21.33349697263651 ], [ -157.914369578014146, 21.333496337738747 ], [ -157.914365154920347, 21.333495702641564 ], [ -157.91436073182885, 21.333495070237969 ], [ -157.914356601916921, 21.333494478915743 ], [ -157.914248299419938, 21.333479791083239 ], [ -157.914140678458438, 21.333465195389291 ], [ -157.91413655623208, 21.333464666654116 ], [ -157.914132123586427, 21.333464098878121 ], [ -157.914127682103725, 21.333463531891304 ], [ -157.914123248499038, 21.333462965910062 ], [ -157.914118814894152, 21.333462402621748 ], [ -157.914114372444914, 21.333461837433205 ], [ -157.914109946733902, 21.333461277835905 ], [ -157.914105496379051, 21.333460714343872 ], [ -157.914101061816126, 21.333460155543122 ], [ -157.914096618133073, 21.333459595593045 ], [ -157.914092174449792, 21.333459037441873 ], [ -157.914087741105845, 21.333458480589069 ], [ -157.914083306801103, 21.333457926427897 ], [ -157.91407885302965, 21.333457368934219 ], [ -157.914074417508431, 21.33345681641606 ], [ -157.914069964698768, 21.333456260725903 ], [ -157.914065530632683, 21.333455710302058 ], [ -157.914061083582851, 21.333455158147547 ], [ -157.914056640144167, 21.333454608239954 ], [ -157.914052185408991, 21.333454057052762 ], [ -157.914047740765596, 21.333453507895292 ], [ -157.914043305487752, 21.33345296091024 ], [ -157.914038859881714, 21.333452414450278 ], [ -157.914034396021492, 21.333451864845141 ], [ -157.914029959548344, 21.333451320405395 ], [ -157.914025513946797, 21.333450775744833 ], [ -157.914021060395868, 21.333450231011366 ], [ -157.914016604703306, 21.333449686132894 ], [ -157.914012159101588, 21.333449143271043 ], [ -157.914007713719485, 21.333448601451902 ], [ -157.914003258021296, 21.333448059276655 ], [ -157.913998801144487, 21.333447516957886 ], [ -157.913994346410192, 21.333446975684531 ], [ -157.913989901027577, 21.333446435663362 ], [ -157.913985455637317, 21.33344589743994 ], [ -157.913980998978616, 21.333445357967861 ], [ -157.913976542107861, 21.333444819255849 ], [ -157.913972077274053, 21.333444278679636 ], [ -157.913967631881945, 21.333443742254051 ], [ -157.913963175224012, 21.333443204584384 ], [ -157.91395871952912, 21.333442667816712 ], [ -157.913954264031759, 21.333442131188004 ], [ -157.913949807370642, 21.33344159532038 ], [ -157.913945350505031, 21.33344105931301 ], [ -157.91394089500983, 21.333440524486402 ], [ -157.913936429215738, 21.333439987522297 ], [ -157.913931981689615, 21.333439454551694 ], [ -157.913927506551772, 21.333438917253812 ], [ -157.913923051057736, 21.333438383328172 ], [ -157.913918594396932, 21.333437849262509 ], [ -157.913914137736327, 21.333437316098252 ], [ -157.913909662798687, 21.333436779844032 ], [ -157.913905215275832, 21.333436247772639 ], [ -157.913900758614801, 21.333435715509282 ], [ -157.913896275701205, 21.333435179205733 ], [ -157.913891818074632, 21.333434646039784 ], [ -157.913887360252858, 21.333434113637402 ], [ -157.913882894453792, 21.333433580282165 ], [ -157.913878428654982, 21.333433046926878 ], [ -157.913873962856144, 21.333432513571481 ], [ -157.913869497056822, 21.333431980215924 ], [ -157.913865031408761, 21.333431446878336 ], [ -157.913756238839397, 21.333418454027218 ], [ -157.913647446967417, 21.333405461072186 ], [ -157.913642980922958, 21.333404927681119 ], [ -157.913638515123949, 21.333404394319153 ], [ -157.913634049328408, 21.333403860957635 ], [ -157.913629584688181, 21.333403327733883 ], [ -157.913625119087214, 21.333402794509876 ], [ -157.913620641832978, 21.333402258876099 ], [ -157.913616185175158, 21.333401726605398 ], [ -157.91361170109974, 21.333401190154891 ], [ -157.913607235303488, 21.33340065588925 ], [ -157.913602769506724, 21.333400121623459 ], [ -157.913598303708341, 21.333399587357253 ], [ -157.913593837913993, 21.333399053091547 ], [ -157.913589353837153, 21.333398515733133 ], [ -157.913584888045534, 21.333397980564243 ], [ -157.913580413111845, 21.333397443396365 ], [ -157.913575956452519, 21.333396909321557 ], [ -157.913571463042786, 21.333396368917207 ], [ -157.913567007550938, 21.333395834080882 ], [ -157.913562523482312, 21.333395294908929 ], [ -157.913558056318692, 21.333394757652389 ], [ -157.913553574586984, 21.333394217854369 ], [ -157.91354910741822, 21.333393679693234 ], [ -157.91354462569268, 21.333393138989209 ], [ -157.913540140249779, 21.333392596813848 ], [ -157.913535676586548, 21.333392057268632 ], [ -157.913531211970792, 21.33339151772396 ], [ -157.913526726530222, 21.333390974641208 ], [ -157.913522243429952, 21.333390430934045 ], [ -157.913517778602539, 21.333389889441108 ], [ -157.913513295508295, 21.333389344827587 ], [ -157.913508812412516, 21.333388799306658 ], [ -157.913504346191843, 21.333388255720617 ], [ -157.913499865459869, 21.333387709580265 ], [ -157.913495380966395, 21.333387161957361 ], [ -157.913490900248775, 21.333386614005615 ], [ -157.913486434016022, 21.33338606770641 ], [ -157.913481951890645, 21.333385518557961 ], [ -157.913477469765724, 21.333384968502347 ], [ -157.91347298764893, 21.333384417540831 ], [ -157.913468505529693, 21.333383865671927 ], [ -157.913464023414349, 21.333383312896483 ], [ -157.913459559554468, 21.333382762370427 ], [ -157.913455058952906, 21.333382205380119 ], [ -157.913450596295917, 21.333381653196277 ], [ -157.913446085363262, 21.333381092198 ], [ -157.91344163159917, 21.333380539192962 ], [ -157.913437132199277, 21.333379978707381 ], [ -157.913432669308833, 21.333379422762302 ], [ -157.913428160546744, 21.333378858262073 ], [ -157.913423707994298, 21.333378301802256 ], [ -157.913419190113018, 21.333377734330792 ], [ -157.913414728444195, 21.333377174022456 ], [ -157.91341022759525, 21.333376606858298 ], [ -157.913405764188525, 21.333376044282659 ], [ -157.913401268228881, 21.333375475912138 ], [ -157.913396788065739, 21.333374908626894 ], [ -157.913392288170115, 21.33337433690464 ], [ -157.913387827212034, 21.333373770120932 ], [ -157.913383311544038, 21.333373193659639 ], [ -157.913378850592096, 21.33337262416687 ], [ -157.913374353168365, 21.333372048203927 ], [ -157.913369872464528, 21.333371473346325 ], [ -157.913369329249122, 21.333371402013409 ], [ -157.913279573622447, 21.333359344396097 ], [ -157.913190454781642, 21.333347371909035 ], [ -157.913189903690153, 21.333347296181032 ], [ -157.913185451445742, 21.333346670690311 ], [ -157.913180999201813, 21.333346045199558 ], [ -157.913176492465936, 21.333345409326729 ], [ -157.913172038462619, 21.333344780742092 ], [ -157.913167552629204, 21.333344145987986 ], [ -157.913163080458162, 21.333343512119107 ], [ -157.913158592867632, 21.333342874248366 ], [ -157.9131541415897, 21.333342241531589 ], [ -157.913149652215964, 21.333341601447962 ], [ -157.913145185545602, 21.333340963825279 ], [ -157.913140696176185, 21.333340321008752 ], [ -157.913136245863171, 21.333339683775751 ], [ -157.913131759258903, 21.333339039532422 ], [ -157.913127308950891, 21.333338400493549 ], [ -157.913122820536756, 21.33333775402971 ], [ -157.913118354865702, 21.333337110066672 ], [ -157.913113884597095, 21.333336464395021 ], [ -157.913109435254228, 21.33333582174318 ], [ -157.913104939164413, 21.33333516961768 ], [ -157.913100498460011, 21.333334526271521 ], [ -157.913096005168825, 21.333333872725714 ], [ -157.913091564460416, 21.333333227575359 ], [ -157.91308708165127, 21.333332574635037 ], [ -157.913082630468921, 21.333331926155076 ], [ -157.913078145826461, 21.333331270986442 ], [ -157.913073697453626, 21.333330621109099 ], [ -157.913069220471755, 21.333329965241205 ], [ -157.913064780718486, 21.33332931558104 ], [ -157.913060298906458, 21.33332865809404 ], [ -157.913055831958474, 21.333328001735225 ], [ -157.913051385002404, 21.333327348452265 ], [ -157.913046916636091, 21.333326690977142 ], [ -157.913042451101916, 21.333326033010987 ], [ -157.91303800369883, 21.333325377714541 ], [ -157.913033538164768, 21.33332471884118 ], [ -157.913029090762734, 21.333324062641335 ], [ -157.913024623348718, 21.333323402441138 ], [ -157.913020160670584, 21.333322742175575 ], [ -157.913015711379558, 21.333322083747131 ], [ -157.913011248708671, 21.33332142257612 ], [ -157.913006799412329, 21.333320763242721 ], [ -157.913002336750452, 21.333320101166546 ], [ -157.912997887448597, 21.333319440928243 ], [ -157.912993441012702, 21.333318781115189 ], [ -157.912988967396245, 21.333318115458319 ], [ -157.912984530018832, 21.333317456087897 ], [ -157.912980065459806, 21.333316791773044 ], [ -157.912975619022831, 21.33331613015277 ], [ -157.912971172585713, 21.333315468532362 ], [ -157.912966708031746, 21.333314803310934 ], [ -157.912962261126523, 21.333314140574096 ], [ -157.912957816125925, 21.333313478264245 ], [ -157.912953359192898, 21.333312813272556 ], [ -157.912948921342604, 21.333312151884758 ], [ -157.912944459664629, 21.333311486184424 ], [ -157.912940013230696, 21.333310822757245 ], [ -157.912935564879746, 21.333310158900314 ], [ -157.912931110826975, 21.333309493432491 ], [ -157.912926674409078, 21.333308831356213 ], [ -157.912922229413027, 21.333308168142931 ], [ -157.912917773445969, 21.333307502246097 ], [ -157.912913337505159, 21.333306840383589 ], [ -157.911878181959537, 21.333152265403058 ], [ -157.910843040550418, 21.33299768583549 ], [ -157.910838361365421, 21.332996987221705 ], [ -157.910833678955868, 21.332996287982912 ], [ -157.910829000642735, 21.332995589355608 ], [ -157.910824328609039, 21.332994891808976 ], [ -157.910819656171924, 21.332994194960914 ], [ -157.910814969250396, 21.332993495049443 ], [ -157.910810298577189, 21.332992798606867 ], [ -157.910805617536312, 21.332992099573701 ], [ -157.910800955470336, 21.332991405314115 ], [ -157.910796265823535, 21.332990705900865 ], [ -157.910791595149789, 21.332990010359133 ], [ -157.910786914112947, 21.332989313130849 ], [ -157.910782243435023, 21.332988617588299 ], [ -157.91077757139692, 21.332987922744522 ], [ -157.910772898001426, 21.332987227698883 ], [ -157.910768226929292, 21.33298653375742 ], [ -157.910763556253556, 21.33298584001729 ], [ -157.910758885573188, 21.332985147177656 ], [ -157.910754212574318, 21.332984454135989 ], [ -157.910749547790147, 21.33298376307097 ], [ -157.910744877104179, 21.332983072032707 ], [ -157.910740204107555, 21.332982380794348 ], [ -157.910735532071641, 21.332981690457608 ], [ -157.910730869032051, 21.332981001591431 ], [ -157.910726204640639, 21.332980314325248 ], [ -157.910721531642452, 21.332979625790973 ], [ -157.910716867252432, 21.332978939424684 ], [ -157.910712202864886, 21.332978253958622 ], [ -157.910707531208544, 21.3329775683255 ], [ -157.91070286586114, 21.332976883758608 ], [ -157.910698210083609, 21.332976202252357 ], [ -157.910693546073418, 21.332975520580391 ], [ -157.910688872110342, 21.332974838355334 ], [ -157.910684206760777, 21.332974157387437 ], [ -157.910679542743878, 21.332973478413088 ], [ -157.910674885052117, 21.332972800498563 ], [ -157.910670226989339, 21.332972125086314 ], [ -157.91066555472176, 21.332971446853495 ], [ -157.910660897026588, 21.332970773429327 ], [ -157.910656239339545, 21.332970100006396 ], [ -157.910651581650512, 21.33296942927775 ], [ -157.910646908399883, 21.332968755546073 ], [ -157.910642249746843, 21.332968086612453 ], [ -157.910637591096787, 21.332967417678898 ], [ -157.910632932450625, 21.332966751440786 ], [ -157.91062827511368, 21.332966085389753 ], [ -157.910623616813297, 21.332965422031393 ], [ -157.910618949541458, 21.332964757259013 ], [ -157.910614290279625, 21.332964095695477 ], [ -157.910609638000807, 21.33296343588475 ], [ -157.910604979693971, 21.332962777912954 ], [ -157.910600320428102, 21.332962119940483 ], [ -157.910595668493016, 21.33296146569289 ], [ -157.910591009219218, 21.332960811311132 ], [ -157.910586348980956, 21.332960158723797 ], [ -157.910581696093146, 21.332959508062217 ], [ -157.910577034574288, 21.332958858888514 ], [ -157.910572382961078, 21.332958211093963 ], [ -157.910567730389971, 21.332957566884037 ], [ -157.910563077507504, 21.332956922498912 ], [ -157.910558425240879, 21.332956282047412 ], [ -157.910554276196308, 21.332955709957158 ], [ -157.910409572546968, 21.332937558964034 ], [ -157.910263841532355, 21.332919278881565 ], [ -157.910259697962033, 21.332918809751575 ], [ -157.910255027910665, 21.332918281910583 ], [ -157.910250350205672, 21.332917755898318 ], [ -157.910245670497659, 21.332917229768018 ], [ -157.910241000448792, 21.332916707306183 ], [ -157.910236340200214, 21.332916186941315 ], [ -157.910231669257712, 21.332915669074012 ], [ -157.910226979827343, 21.332915148152892 ], [ -157.910222308885011, 21.332914632974514 ], [ -157.910217619459388, 21.332914114753788 ], [ -157.910212949529267, 21.33291360237526 ], [ -157.910208276612479, 21.332913089773321 ], [ -157.910203603643652, 21.332912580648156 ], [ -157.91019890561779, 21.332912067996979 ], [ -157.910194224951397, 21.332911559829249 ], [ -157.910189544335964, 21.332911051770406 ], [ -157.910184871422643, 21.332910547237155 ], [ -157.910180190796865, 21.332910042769218 ], [ -157.910175500497758, 21.332909539160831 ], [ -157.910170809177202, 21.332909035340055 ], [ -157.910166127584574, 21.332908534462412 ], [ -157.910161445003553, 21.332908034376903 ], [ -157.91015675371483, 21.332907535161283 ], [ -157.910152071135485, 21.33290703687226 ], [ -157.910147388558471, 21.332906541278046 ], [ -157.91014268857532, 21.332906043042602 ], [ -157.91013800599228, 21.332905549243925 ], [ -157.910133314717797, 21.332905054629286 ], [ -157.910128622463532, 21.332904561710947 ], [ -157.910123930212109, 21.332904068792818 ], [ -157.910119237959691, 21.332903577674216 ], [ -157.91011454570932, 21.332903086555607 ], [ -157.910109853460256, 21.332902597236966 ], [ -157.910105162169913, 21.332902108018107 ], [ -157.910100469917921, 21.332901620597859 ], [ -157.910095767988025, 21.332901131172854 ], [ -157.910091084452006, 21.332900646453798 ], [ -157.910086372849463, 21.332900157928211 ], [ -157.910081680596051, 21.332899673107619 ], [ -157.910076979623881, 21.332899187484976 ], [ -157.910072277693217, 21.332898702664746 ], [ -157.910067584480032, 21.332898218743285 ], [ -157.91006289126662, 21.332897736621412 ], [ -157.910058181567507, 21.332897251904374 ], [ -157.910053488341646, 21.332896770778849 ], [ -157.910048784511133, 21.332896288467925 ], [ -157.91004408257939, 21.332895807252925 ], [ -157.910039371918003, 21.332895324340821 ], [ -157.910034677758063, 21.332894844821144 ], [ -157.910029968051816, 21.332894362811832 ], [ -157.910025274821066, 21.332893884384042 ], [ -157.910020553545564, 21.332893402193889 ], [ -157.910015851610723, 21.332892922781017 ], [ -157.910011148717871, 21.332892443367871 ], [ -157.910006445842868, 21.33289196476046 ], [ -157.910001727396008, 21.332891483762864 ], [ -157.909997024498466, 21.332891005250378 ], [ -157.909992312910902, 21.332890525756014 ], [ -157.909987602233656, 21.332890046451752 ], [ -157.90998289061983, 21.332889567052096 ], [ -157.909978186782581, 21.332889088443398 ], [ -157.909973483910704, 21.332888610737204 ], [ -157.909504838733852, 21.332840948458802 ], [ -157.909036202981838, 21.332793286191365 ], [ -157.909026782873468, 21.332792328460055 ], [ -157.909017368380262, 21.332791371396556 ], [ -157.909007954837421, 21.332790416136483 ], [ -157.908998545177099, 21.332789461366989 ], [ -157.908989135038098, 21.332788509254375 ], [ -157.908979738448238, 21.332787558512145 ], [ -157.908970340892949, 21.332786613172395 ], [ -157.908960947235698, 21.332785668224368 ], [ -157.908951558399707, 21.332784730059618 ], [ -157.908942172964515, 21.332783793229012 ], [ -157.908932787067783, 21.332782863547433 ], [ -157.908923410811695, 21.332781935718891 ], [ -157.908914032628019, 21.332781016873245 ], [ -157.908904662714804, 21.332780099735135 ], [ -157.908895287474706, 21.332779192946425 ], [ -157.908885926291305, 21.332778287424713 ], [ -157.908876563113552, 21.332777395438235 ], [ -157.908867203936325, 21.332776503741627 ], [ -157.908857852452343, 21.332775627288502 ], [ -157.908848500964297, 21.332774752625557 ], [ -157.908839147553977, 21.332773892290106 ], [ -157.908829802878728, 21.332773034546921 ], [ -157.908820456282797, 21.332772192907409 ], [ -157.908811122799392, 21.332771354235035 ], [ -157.908801783026519, 21.332770533940195 ], [ -157.908792447627803, 21.33276971492251 ], [ -157.908783114687253, 21.332768915934313 ], [ -157.908773790500305, 21.332768119479574 ], [ -157.908764464785179, 21.332767344468856 ], [ -157.90875514685527, 21.332766571965919 ], [ -157.90874582625591, 21.332765822575791 ], [ -157.908736507363102, 21.332765075029098 ], [ -157.908727193404076, 21.332764351334962 ], [ -157.908717888796559, 21.332763631852512 ], [ -157.908708577296807, 21.332762936979076 ], [ -157.90869927421727, 21.332762245401483 ], [ -157.908689969230551, 21.332761580501348 ], [ -157.908680673348073, 21.33276091891647 ], [ -157.908671378984849, 21.33276028605707 ], [ -157.90866208460659, 21.332759656748291 ], [ -157.908652791452141, 21.332759056117144 ], [ -157.908643503648676, 21.332758460206829 ], [ -157.90863421767051, 21.332757893857011 ], [ -157.908624940460868, 21.332757333357129 ], [ -157.908615660386715, 21.332756803861006 ], [ -157.908606384193263, 21.332756279899257 ], [ -157.908597111949547, 21.33275578807606 ], [ -157.908587842190826, 21.332755302675999 ], [ -157.90857857122927, 21.332754849994924 ], [ -157.908569308128705, 21.332754403929744 ], [ -157.908560044071066, 21.332753992332869 ], [ -157.908550788060609, 21.332753587315356 ], [ -157.908541534343044, 21.332753218665093 ], [ -157.908532280460349, 21.332752857068495 ], [ -157.908523030200143, 21.332752531818024 ], [ -157.90851378779837, 21.33275221480767 ], [ -157.908504544426961, 21.332751935692166 ], [ -157.908495304500519, 21.33275166463606 ], [ -157.908486067893222, 21.33275143244558 ], [ -157.908476835706097, 21.332751209166268 ], [ -157.908467607058611, 21.332751025578069 ], [ -157.908459893219998, 21.332750880226051 ], [ -157.908314994594548, 21.332753516977867 ], [ -157.908170262887495, 21.332761368843936 ], [ -157.908025959842604, 21.332774425334602 ], [ -157.907882298661235, 21.332792666325613 ], [ -157.907739540326418, 21.332816056569438 ], [ -157.907732001124742, 21.332817582009024 ], [ -157.907722976551725, 21.332819417858296 ], [ -157.90771396322782, 21.332821291353454 ], [ -157.90770494570387, 21.332823175796317 ], [ -157.907695928201406, 21.332825099015373 ], [ -157.90768691352767, 21.332827029961951 ], [ -157.90767790405917, 21.332828998834589 ], [ -157.907668892300535, 21.332830975674224 ], [ -157.907659884768975, 21.332832989834102 ], [ -157.907650873987109, 21.332835011110586 ], [ -157.907641873619667, 21.332837067475673 ], [ -157.907632865800309, 21.332839132160046 ], [ -157.90762386229099, 21.33284123139882 ], [ -157.907614860663756, 21.33284333594279 ], [ -157.907605862308543, 21.332845475323388 ], [ -157.907596857657467, 21.332847620851595 ], [ -157.907587862444728, 21.332849798254419 ], [ -157.907578858836985, 21.332851982348771 ], [ -157.907569863720283, 21.332854196580524 ], [ -157.907560865419015, 21.332856416261759 ], [ -157.907551876717577, 21.332858664931766 ], [ -157.907542879468764, 21.332860920651314 ], [ -157.907533884716969, 21.33286320493459 ], [ -157.907524888870398, 21.332865493530768 ], [ -157.907515899468109, 21.332867809068293 ], [ -157.907506902811122, 21.332870130274976 ], [ -157.907497909639602, 21.332872477451115 ], [ -157.907488917423734, 21.332874827293587 ], [ -157.907479931637312, 21.332877202353266 ], [ -157.907470933584278, 21.332879583326672 ], [ -157.907461943126492, 21.332881986576805 ], [ -157.907452947412565, 21.332884393905289 ], [ -157.907443955441721, 21.332886823416366 ], [ -157.907434964431928, 21.332889254708036 ], [ -157.907425974823724, 21.332891708837153 ], [ -157.907416973022833, 21.332894167187735 ], [ -157.907407981946932, 21.332896643185833 ], [ -157.907398984408644, 21.332899122749907 ], [ -157.907389989968777, 21.332901620651455 ], [ -157.907380988134634, 21.332904122031874 ], [ -157.907371992950175, 21.332906638726108 ], [ -157.907362991828194, 21.332909159138623 ], [ -157.907353990219065, 21.332911695357275 ], [ -157.907344984562741, 21.332914233611884 ], [ -157.907335983681122, 21.332916785309973 ], [ -157.907326977531596, 21.332919339397691 ], [ -157.907317972396157, 21.332921906839946 ], [ -157.907308954874452, 21.332924478086706 ], [ -157.907299947065582, 21.332927057256331 ], [ -157.907290931179745, 21.332929640534534 ], [ -157.907281914134046, 21.332932233058173 ], [ -157.907272897085818, 21.332934826480855 ], [ -157.907263878879291, 21.332937429156594 ], [ -157.907254847350941, 21.332940034776701 ], [ -157.907245825791421, 21.332942645271341 ], [ -157.907236788128444, 21.332945259524571 ], [ -157.907227760434722, 21.332947876852014 ], [ -157.907218723446533, 21.332950496873931 ], [ -157.907209687412461, 21.332953120502818 ], [ -157.90720063403711, 21.332955748263743 ], [ -157.907191589958927, 21.33295837512922 ], [ -157.907182540221612, 21.332961003918715 ], [ -157.907062801768831, 21.332995790010852 ], [ -157.906943063531713, 21.333030575596784 ], [ -157.906936722185065, 21.333032417528994 ], [ -157.906930384815212, 21.333034258305794 ], [ -157.906924035945366, 21.333036101518598 ], [ -157.906917698575427, 21.333037941391705 ], [ -157.906911349710299, 21.33303978369819 ], [ -157.906904996307873, 21.333041626135341 ], [ -157.906898623476053, 21.333043471488967 ], [ -157.906892280613306, 21.333045307876915 ], [ -157.906885906807759, 21.333047150506772 ], [ -157.906879562992998, 21.333048984179658 ], [ -157.906873154924853, 21.333050830699715 ], [ -157.906866819461612, 21.333052657168203 ], [ -157.906860400136082, 21.333054501802039 ], [ -157.906854056994717, 21.333056324508405 ], [ -157.906847635732106, 21.333058163653654 ], [ -157.906841279136358, 21.333059983337609 ], [ -157.906841191387798, 21.333060008409593 ], [ -157.90683484439387, 21.333061818469684 ], [ -157.906828497401108, 21.333063628529249 ], [ -157.906828383037407, 21.333063661063274 ], [ -157.906822033157425, 21.33306546299276 ], [ -157.90681568326832, 21.33306726492399 ], [ -157.906815572355555, 21.333067296322348 ], [ -157.906809220551594, 21.333069090121725 ], [ -157.906802864293525, 21.333070884905773 ], [ -157.906802726725488, 21.33307092363377 ], [ -157.906796371071493, 21.333072707495539 ], [ -157.906790015418636, 21.333074491356811 ], [ -157.906789877768318, 21.333074529875208 ], [ -157.906783519228384, 21.333076303799874 ], [ -157.906777160689501, 21.333078077724046 ], [ -157.90677700794194, 21.333078120194958 ], [ -157.906770645552967, 21.333079883279026 ], [ -157.906764259986915, 21.333081650975995 ], [ -157.906764118751369, 21.333081689951651 ], [ -157.906757752513386, 21.333083441291812 ], [ -157.906751363071578, 21.33308519720558 ], [ -157.906751210161246, 21.333085239084692 ], [ -157.906744840075277, 21.333086977777654 ], [ -157.906738442402769, 21.333088721925797 ], [ -157.906738269537215, 21.333088768870478 ], [ -157.906731895604253, 21.333090493110024 ], [ -157.906725494078984, 21.333092222741751 ], [ -157.9067253293519, 21.333092267084222 ], [ -157.906718950606916, 21.333093977772961 ], [ -157.906712536920026, 21.33309569511594 ], [ -157.906712345433164, 21.333095746166027 ], [ -157.906705961878174, 21.333097440594461 ], [ -157.906699539055268, 21.333099142471475 ], [ -157.906699350747886, 21.333099192152865 ], [ -157.906692962382834, 21.333100870320891 ], [ -157.906686550652182, 21.333102552817319 ], [ -157.906686335530736, 21.333102608987328 ], [ -157.906679942356703, 21.333104269991846 ], [ -157.906673505653941, 21.333105939083978 ], [ -157.906673285117222, 21.333105995977476 ], [ -157.906666887135145, 21.33310763801218 ], [ -157.906660457346106, 21.333109285902491 ], [ -157.906660230176271, 21.333109343813305 ], [ -157.906653825457227, 21.333110967780293 ], [ -157.906647385512855, 21.333112597962117 ], [ -157.906647134607709, 21.333112661097367 ], [ -157.906640725081644, 21.333114264288163 ], [ -157.906634283808472, 21.333115873124708 ], [ -157.906634035816353, 21.333115934697606 ], [ -157.906627620519259, 21.333117518014692 ], [ -157.90662114993421, 21.333119110870527 ], [ -157.906620898573664, 21.333119172370118 ], [ -157.906614476542558, 21.333120734006798 ], [ -157.906607991437994, 21.333122306207351 ], [ -157.906607751633345, 21.333122364000939 ], [ -157.906601323831211, 21.333123903957699 ], [ -157.906594817067344, 21.333125456915099 ], [ -157.90659455634389, 21.33312551873696 ], [ -157.906588122772746, 21.333127034304315 ], [ -157.90658163388764, 21.333128558817393 ], [ -157.906581343213304, 21.333128626608712 ], [ -157.906574901946129, 21.333130117785451 ], [ -157.906568397386621, 21.333131618852267 ], [ -157.906568121226087, 21.333131682131707 ], [ -157.90656167418993, 21.333133148919032 ], [ -157.906561585086763, 21.333133169144478 ], [ -157.906555136126599, 21.333134629608214 ], [ -157.906554859652232, 21.333134691770812 ], [ -157.906548405884052, 21.33313613236173 ], [ -157.906548316708779, 21.333136152220526 ], [ -157.906541861017587, 21.333137586487933 ], [ -157.906541023013631, 21.333137768560714 ], [ -157.906515667032039, 21.333143153648489 ], [ -157.906490575060701, 21.33314845927714 ], [ -157.906489175851192, 21.333148743784214 ], [ -157.906463723731378, 21.333153713349688 ], [ -157.906438531849716, 21.333158607519142 ], [ -157.906437134034263, 21.333158867875632 ], [ -157.906411593490191, 21.333163421019904 ], [ -157.906411507634203, 21.333163436283566 ], [ -157.906386314174284, 21.333167902912283 ], [ -157.906384910333031, 21.333168140617548 ], [ -157.906359288112753, 21.333172275537816 ], [ -157.906359201796533, 21.333172289425512 ], [ -157.906333929549447, 21.333176343251122 ], [ -157.906332520324412, 21.333176558130003 ], [ -157.906306825105986, 21.333180273024755 ], [ -157.906281396059399, 21.333183925361766 ], [ -157.906279981983033, 21.333184117306491 ], [ -157.906254221478406, 21.333187411276839 ], [ -157.906228729743674, 21.333190647388687 ], [ -157.906227310765274, 21.333190816371356 ], [ -157.906201492687558, 21.333193688518271 ], [ -157.906175947380916, 21.333196507519443 ], [ -157.906174523411636, 21.333196653498067 ], [ -157.906148656438745, 21.333199102923167 ], [ -157.906123060358283, 21.333201503456152 ], [ -157.906121634672076, 21.33320162603717 ], [ -157.90609572555212, 21.333203651841046 ], [ -157.90607009125506, 21.333205633552726 ], [ -157.906068663576434, 21.333205732814061 ], [ -157.906042720021333, 21.333207335001028 ], [ -157.906017051900562, 21.333208897266459 ], [ -157.906015622543805, 21.333208973168116 ], [ -157.905989653230591, 21.333210150839648 ], [ -157.905963957568304, 21.333211292738994 ], [ -157.905962530071292, 21.333211345139418 ], [ -157.905936543676006, 21.333212098300514 ], [ -157.905910829244419, 21.333212819780989 ], [ -157.905909403242788, 21.333212848796396 ], [ -157.905883405550497, 21.333213177450162 ], [ -157.905883318348174, 21.333213178511464 ], [ -157.905857680237034, 21.333213478461019 ], [ -157.905856249452995, 21.333213484143226 ], [ -157.905830250104657, 21.333213386488765 ], [ -157.905804527915848, 21.333213267009342 ], [ -157.905803098750482, 21.333213249335788 ], [ -157.905777105457162, 21.333212727183799 ], [ -157.905751387721807, 21.333212187246442 ], [ -157.905749956949762, 21.333212146136631 ], [ -157.905723977423406, 21.33321119858822 ], [ -157.905698275095119, 21.333210238261501 ], [ -157.905696845938365, 21.333210173796072 ], [ -157.905670887892029, 21.333208801758822 ], [ -157.905645208731613, 21.33320742200689 ], [ -157.905643777966077, 21.333207334007707 ], [ -157.90561784911182, 21.333205537485927 ], [ -157.905592198293846, 21.333203737216429 ], [ -157.905591397918499, 21.333203677550593 ], [ -157.90558723118184, 21.333203348742405 ], [ -157.90558595140871, 21.333203248245912 ], [ -157.905585683193522, 21.333203226791106 ], [ -157.905579073551934, 21.333202688398597 ], [ -157.905572401247099, 21.333202140285405 ], [ -157.905572087542282, 21.33320211397649 ], [ -157.905565479845677, 21.333201548489264 ], [ -157.905558809486422, 21.333200973018862 ], [ -157.905558519801616, 21.333200947566848 ], [ -157.90555191501295, 21.33320035679181 ], [ -157.905545235066654, 21.33319975375705 ], [ -157.90554495798051, 21.333199728321112 ], [ -157.905538356099925, 21.333199112258249 ], [ -157.905531691826752, 21.333198485835336 ], [ -157.905531413601409, 21.333198459257513 ], [ -157.905524814628819, 21.333197818810046 ], [ -157.905518153309799, 21.333197167773758 ], [ -157.905517888947998, 21.333197141552077 ], [ -157.905511291918401, 21.333196477622597 ], [ -157.905504632223881, 21.333195802751199 ], [ -157.905504380420922, 21.333195776884907 ], [ -157.905497786298298, 21.333195090377014 ], [ -157.905491141964831, 21.333194394914432 ], [ -157.905490890257596, 21.333194368218965 ], [ -157.905484299039955, 21.333193660035963 ], [ -157.905477670503473, 21.333192945125482 ], [ -157.90547741893073, 21.333192917643466 ], [ -157.905470829655087, 21.333192188688038 ], [ -157.905464202592327, 21.333191452727988 ], [ -157.905463963541166, 21.333191425864907 ], [ -157.905457377170592, 21.333190677040683 ], [ -157.905450753542539, 21.333189921262939 ], [ -157.90545052549308, 21.333189894954238 ], [ -157.905443942026466, 21.333189127164406 ], [ -157.905437333737751, 21.333188354669581 ], [ -157.905437119704033, 21.333188329396108 ], [ -157.905430538176461, 21.333187544446549 ], [ -157.905423907043911, 21.333186749953978 ], [ -157.905423716299367, 21.333186726898614 ], [ -157.905417137674817, 21.333185924789763 ], [ -157.905410522516036, 21.333185115626392 ], [ -157.905410331811737, 21.333185092097803 ], [ -157.905403755126144, 21.333184273732332 ], [ -157.90539715367288, 21.333183450474891 ], [ -157.90539696464873, 21.333183426703698 ], [ -157.905390389900134, 21.333182592984823 ], [ -157.905383789691143, 21.333181754104924 ], [ -157.905383602414219, 21.333181730107384 ], [ -157.905377029603642, 21.333180881035197 ], [ -157.90537045679045, 21.333180031962144 ], [ -157.905370278539039, 21.33318000875914 ], [ -157.905363708629437, 21.333179147043555 ], [ -157.905357114757919, 21.33317828050124 ], [ -157.905356975353357, 21.333178262073055 ], [ -157.905350406414811, 21.333177388616154 ], [ -157.905343811982846, 21.333176509831144 ], [ -157.905343662002593, 21.333176489719225 ], [ -157.905337095001016, 21.333175603618521 ], [ -157.905330515652196, 21.333174714947422 ], [ -157.905330376294188, 21.333174696016144 ], [ -157.905323811227589, 21.333173799077745 ], [ -157.90531724616406, 21.333172902139765 ], [ -157.905317108631834, 21.333172883244259 ], [ -157.905310544536292, 21.333171976370938 ], [ -157.9053039795958, 21.333171069248237 ], [ -157.905303856265533, 21.333171052121987 ], [ -157.905297293138972, 21.333170136217063 ], [ -157.905290729146429, 21.333169220056948 ], [ -157.90529062868211, 21.333169205978432 ], [ -157.905284067488537, 21.333168282848611 ], [ -157.905277493090324, 21.333167356821395 ], [ -157.905277394497432, 21.333167342879918 ], [ -157.905270840434127, 21.333166412496112 ], [ -157.905264286369487, 21.33316548301427 ], [ -157.905264184083251, 21.33316546844981 ], [ -157.90525763288349, 21.333164531883867 ], [ -157.905251080721001, 21.333163596219286 ], [ -157.905244445744671, 21.333162643000879 ], [ -157.905237877022444, 21.333161698501314 ], [ -157.905231268565728, 21.333160744521997 ], [ -157.905224711243164, 21.333159797909417 ], [ -157.90521809759602, 21.333158838492533 ], [ -157.905211547394913, 21.333157889159359 ], [ -157.905204954112293, 21.33315693086449 ], [ -157.905198397761012, 21.333155977929678 ], [ -157.905191816793518, 21.333155019606778 ], [ -157.905185259498893, 21.333154064587497 ], [ -157.905178692749104, 21.333153107427083 ], [ -157.905172128060968, 21.333152149522594 ], [ -157.90488186077485, 21.333109825992281 ], [ -157.90459159150825, 21.333067501227681 ], [ -157.904588305548828, 21.333067021355177 ], [ -157.904585039681052, 21.333066545314264 ], [ -157.904581760566515, 21.333066067202466 ], [ -157.904578496609133, 21.333065591439908 ], [ -157.904575230743518, 21.333065116299064 ], [ -157.904571927956141, 21.333064634879758 ], [ -157.904568661148204, 21.333064158562117 ], [ -157.904565397188378, 21.333063683698196 ], [ -157.904562119018834, 21.333063206767012 ], [ -157.904558853154867, 21.333062731625954 ], [ -157.904555587292151, 21.333062257385087 ], [ -157.904552309116895, 21.333061780456205 ], [ -157.904549055561972, 21.333061308898795 ], [ -157.904545765077927, 21.333060831085678 ], [ -157.904542499213704, 21.333060357743964 ], [ -157.90453924755559, 21.333059886461271 ], [ -157.904535994932075, 21.333059416968588 ], [ -157.904532702553553, 21.333058940695569 ], [ -157.904529437617498, 21.333058469425414 ], [ -157.904526169865193, 21.333057997610666 ], [ -157.904522915357887, 21.333057528742195 ], [ -157.904519649495455, 21.333057058999902 ], [ -157.904516384551442, 21.333056589527168 ], [ -157.904513130040442, 21.333056122450841 ], [ -157.904509863218379, 21.333055654507611 ], [ -157.904506610581024, 21.333055188596138 ], [ -157.904503356981877, 21.3330547244752 ], [ -157.904500075967746, 21.33305425540701 ], [ -157.904496832826652, 21.333053793670857 ], [ -157.904493578322786, 21.333053331077654 ], [ -157.904490312397229, 21.33305286789615 ], [ -157.904487056933817, 21.333052406198274 ], [ -157.90448380147248, 21.33305194629359 ], [ -157.904480535535384, 21.333051484013041 ], [ -157.904477293282724, 21.333051027893418 ], [ -157.904474035980172, 21.333050569522491 ], [ -157.904470781401187, 21.333050113460576 ], [ -157.904467525941328, 21.33304965714181 ], [ -157.904464282729407, 21.333049204590715 ], [ -157.904461024488484, 21.333048750706467 ], [ -157.904457768078601, 21.333048297973601 ], [ -157.904454525820597, 21.333047848100801 ], [ -157.904451270264275, 21.333047398306761 ], [ -157.904448025231346, 21.333046949966651 ], [ -157.904444780200492, 21.33304650430582 ], [ -157.904441512297012, 21.333046054607927 ], [ -157.904438278652009, 21.333045612419998 ], [ -157.904435033633348, 21.333045169439856 ], [ -157.904431777102218, 21.333044726810254 ], [ -157.904428532897526, 21.333044285855756 ], [ -157.904425298310628, 21.333043849006234 ], [ -157.904422052339214, 21.333043411383702 ], [ -157.904418794830178, 21.333042974126094 ], [ -157.904415547906183, 21.333042538289238 ], [ -157.904412313337872, 21.333042106779885 ], [ -157.904409068167269, 21.333041674748454 ], [ -157.904405822035841, 21.333041244500638 ], [ -157.904402586522224, 21.333040816549651 ], [ -157.904399338654969, 21.333040389643866 ], [ -157.904396104871125, 21.333039964589016 ], [ -157.904392870133108, 21.333039543089708 ], [ -157.904390453680293, 21.333039227555336 ], [ -157.904190684712944, 21.333017102625636 ], [ -157.90399070437428, 21.333000710357798 ], [ -157.903790284414157, 21.332990019410058 ], [ -157.903589187402105, 21.33298502920756 ], [ -157.90358677803485, 21.33298501601714 ], [ -157.903583498819216, 21.332984998957532 ], [ -157.903580219652042, 21.332984983683762 ], [ -157.903576952076236, 21.332984969357188 ], [ -157.903573672807227, 21.332984957654435 ], [ -157.903570393617599, 21.332984945951853 ], [ -157.90356712603861, 21.332984936961847 ], [ -157.903563846789467, 21.33298492883053 ], [ -157.903560567568206, 21.332984922484982 ], [ -157.903557300954276, 21.332984917053203 ], [ -157.903554020769803, 21.33298491427847 ], [ -157.903550728935471, 21.332984910600686 ], [ -157.903547462313867, 21.332984910505349 ], [ -157.903544169514333, 21.332984910408669 ], [ -157.903540890295318, 21.33298491209867 ], [ -157.903537611042566, 21.3329849146815 ], [ -157.903534318220039, 21.332984919066249 ], [ -157.903531039042434, 21.332984923434605 ], [ -157.903527759811169, 21.332984930481551 ], [ -157.903524467933551, 21.332984937555654 ], [ -157.903521187738249, 21.332984946387729 ], [ -157.90351790855081, 21.332984956113066 ], [ -157.903514616712698, 21.332984967668459 ], [ -157.903511312209389, 21.332984978371883 ], [ -157.903508032017413, 21.33298499166818 ], [ -157.903504752836, 21.332985004964645 ], [ -157.903501473598652, 21.332985020939933 ], [ -157.903498156473518, 21.332985036199915 ], [ -157.903494863683306, 21.332985053132219 ], [ -157.903491571902777, 21.332985070064638 ], [ -157.903488280060543, 21.332985088790039 ], [ -157.903484988124404, 21.332985107515878 ], [ -157.903481695345732, 21.332985128033023 ], [ -157.903478403561593, 21.332985148550435 ], [ -157.903475111716546, 21.332985170860798 ], [ -157.903471794662067, 21.332985192442148 ], [ -157.903468502815656, 21.332985215648645 ], [ -157.903465209903487, 21.332985238855422 ], [ -157.903461918155074, 21.332985263853644 ], [ -157.90345860110267, 21.332985288144368 ], [ -157.903455309250802, 21.332985314039512 ], [ -157.903452004802006, 21.332985340033847 ], [ -157.903448700347155, 21.332985366927797 ], [ -157.90344539481552, 21.332985393822195 ], [ -157.903442090478165, 21.332985421614822 ], [ -157.903438786022832, 21.33298544940833 ], [ -157.903435481568465, 21.332985478101509 ], [ -157.903432177115747, 21.332985506794675 ], [ -157.903428872661181, 21.332985536387518 ], [ -157.903425568204653, 21.332985565980273 ], [ -157.903422263748752, 21.332985596472692 ], [ -157.903418932997624, 21.332985626295066 ], [ -157.903415641272261, 21.332985656669909 ], [ -157.903412336816189, 21.332985688061893 ], [ -157.903409007156, 21.332985718790113 ], [ -157.903405702700439, 21.332985750181994 ], [ -157.903402385640419, 21.332985781693512 ], [ -157.903399068580711, 21.332985813204925 ], [ -157.903395751523647, 21.332985844716315 ], [ -157.903392447066864, 21.332985876107919 ], [ -157.90338914260866, 21.332985908399181 ], [ -157.90338580412589, 21.332985940107601 ], [ -157.903034913280266, 21.332989310089747 ], [ -157.902684017409086, 21.332992679387349 ], [ -157.902679039893911, 21.332992727098457 ], [ -157.902674063923968, 21.332992774794455 ], [ -157.902669088900751, 21.332992822491221 ], [ -157.902664095843988, 21.332992869446066 ], [ -157.902659112426647, 21.332992915415002 ], [ -157.902654144669611, 21.332992962130088 ], [ -157.9026491181979, 21.332993006673995 ], [ -157.902644142129418, 21.332993050757452 ], [ -157.902639150389263, 21.332993094084003 ], [ -157.902634157356403, 21.332993136506552 ], [ -157.902629130956228, 21.332993176487566 ], [ -157.902624155936678, 21.332993216054469 ], [ -157.902619129314076, 21.332993253300121 ], [ -157.90261413644771, 21.332993289377015 ], [ -157.902609109980858, 21.332993322971841 ], [ -157.902604118207819, 21.332993355423302 ], [ -157.902599074812258, 21.332993384564702 ], [ -157.902594098752502, 21.332993413292659 ], [ -157.902593997934076, 21.332993413819811 ], [ -157.902589030282456, 21.332993437089197 ], [ -157.902584062628932, 21.332993461260159 ], [ -157.902583945005091, 21.332993461757749 ], [ -157.902578977356114, 21.332993479616992 ], [ -157.902574009705376, 21.332993498377707 ], [ -157.902573892081449, 21.332993498747197 ], [ -157.902568916034681, 21.332993511217339 ], [ -157.902563941004217, 21.332993523687644 ], [ -157.902563823322652, 21.332993523907824 ], [ -157.902558847279892, 21.332993530055358 ], [ -157.902553871237018, 21.3329935362028 ], [ -157.902553753608657, 21.332993536273392 ], [ -157.902548777569933, 21.332993536098417 ], [ -157.902543784728834, 21.332993535018037 ], [ -157.902543650296053, 21.332993534891301 ], [ -157.902538674262331, 21.332993526587433 ], [ -157.90253369822932, 21.332993518283459 ], [ -157.902533563797448, 21.332993517961519 ], [ -157.902528587768671, 21.332993502431936 ], [ -157.902523578133554, 21.332993484984886 ], [ -157.902523460509769, 21.332993484500374 ], [ -157.902518484486023, 21.332993460841994 ], [ -157.902513474855454, 21.332993435211115 ], [ -157.902513340431398, 21.332993434425596 ], [ -157.90250836441362, 21.332993401735113 ], [ -157.902503355640135, 21.33299336701095 ], [ -157.902503204533787, 21.332993365839865 ], [ -157.902498228523029, 21.332993323214179 ], [ -157.9024932189092, 21.332993278488026 ], [ -157.90249306769465, 21.332993277014271 ], [ -157.902488091690941, 21.332993224453286 ], [ -157.902483082864592, 21.332993169723338 ], [ -157.902482915048836, 21.332993167737325 ], [ -157.902477939052062, 21.332993104338023 ], [ -157.902472946995999, 21.332993039817357 ], [ -157.90247274563572, 21.332993036995731 ], [ -157.902467769645938, 21.332992961854831 ], [ -157.902462777559094, 21.332992885551899 ], [ -157.902462592758582, 21.332992882542687 ], [ -157.902457617740851, 21.332992796563872 ], [ -157.902452609125675, 21.332992708191824 ], [ -157.902452407555529, 21.33299270441551 ], [ -157.902447432545813, 21.33299260579199 ], [ -157.902442440739037, 21.332992505930537 ], [ -157.902442222017442, 21.332992501296371 ], [ -157.902437247979691, 21.33299239002865 ], [ -157.902432239782513, 21.332992276205268 ], [ -157.902432037848115, 21.332992271395142 ], [ -157.902427063819346, 21.332992147482607 ], [ -157.90242203941483, 21.332992019591767 ], [ -157.902421837921366, 21.332992014242897 ], [ -157.902416863901607, 21.332991876782355 ], [ -157.90241182273229, 21.332991733828944 ], [ -157.902411620758301, 21.332991727879921 ], [ -157.902406647711558, 21.332991575968865 ], [ -157.902401624306634, 21.332991419796151 ], [ -157.902401389325036, 21.332991412191433 ], [ -157.902396416288298, 21.332991244926173 ], [ -157.902391393269284, 21.332991073224054 ], [ -157.902391175748079, 21.332991065531839 ], [ -157.902386202721317, 21.332990883815373 ], [ -157.90238114612589, 21.332990694455848 ], [ -157.90238092734856, 21.332990686002251 ], [ -157.902375956260812, 21.332990488029576 ], [ -157.90237091807316, 21.33299028374719 ], [ -157.902370078679866, 21.332990245890819 ], [ -157.902345395946213, 21.332989020395409 ], [ -157.902321005906401, 21.332987791760932 ], [ -157.902319560736998, 21.33298770762055 ], [ -157.902294904299453, 21.33298607841332 ], [ -157.902270539577302, 21.332984450258756 ], [ -157.902269099712782, 21.332984342742822 ], [ -157.902244477283233, 21.33298231073147 ], [ -157.902220147569409, 21.332980285126538 ], [ -157.902219147115318, 21.332980196355699 ], [ -157.902208941185705, 21.332979234858851 ], [ -157.902201107919041, 21.332978496515612 ], [ -157.90220072990212, 21.332978460100875 ], [ -157.902195781177426, 21.332977973119455 ], [ -157.902190749358425, 21.332977473406874 ], [ -157.902190529840766, 21.332977451340085 ], [ -157.902185583055029, 21.332976948102441 ], [ -157.902180568995789, 21.332976434284667 ], [ -157.902180336575952, 21.332976410169085 ], [ -157.902175390765223, 21.332975890674437 ], [ -157.902170393388786, 21.332975362836596 ], [ -157.902170177714765, 21.332975339799695 ], [ -157.902165233842084, 21.332974805855034 ], [ -157.902160239283489, 21.33297426360831 ], [ -157.902160019895717, 21.332974239524006 ], [ -157.902155078924011, 21.332973691129947 ], [ -157.902150088237022, 21.332973134494559 ], [ -157.902149870908858, 21.332973109993702 ], [ -157.90214493091014, 21.332972547149129 ], [ -157.902139956748726, 21.332971978489311 ], [ -157.902139756067641, 21.332971955324183 ], [ -157.902134818005948, 21.332971379836 ], [ -157.902129846848368, 21.332970798678016 ], [ -157.902129644191405, 21.332970774758884 ], [ -157.902124708066708, 21.332970186627087 ], [ -157.902119722334788, 21.332969589861232 ], [ -157.902119536251348, 21.33296956739586 ], [ -157.902114602062682, 21.332968966620371 ], [ -157.902109651347786, 21.332968362927755 ], [ -157.902109450947336, 21.332968338268262 ], [ -157.902104517729668, 21.332967725751757 ], [ -157.902099550266399, 21.33296710705055 ], [ -157.902099382963939, 21.332967086057447 ], [ -157.902094451682245, 21.332966462703641 ], [ -157.902089487394193, 21.332965833364881 ], [ -157.902089334419344, 21.332965813841682 ], [ -157.902084405072657, 21.332965180553771 ], [ -157.902079426244796, 21.332964538185536 ], [ -157.902079275567871, 21.332964518618638 ], [ -157.902074347192183, 21.332963874492922 ], [ -157.902069402334433, 21.332963227308227 ], [ -157.902069232919814, 21.33296320497552 ], [ -157.90206430764087, 21.332962551069937 ], [ -157.902059381398004, 21.332961897163656 ], [ -157.902059212028007, 21.332961874521942 ], [ -157.902054286557359, 21.332961211430717 ], [ -157.902049344621929, 21.332960545218011 ], [ -157.902049208183712, 21.332960526721294 ], [ -157.902044284646024, 21.332959855502168 ], [ -157.902039346075895, 21.332959181460186 ], [ -157.902039226105614, 21.332959165005754 ], [ -157.902034303536936, 21.332958486561513 ], [ -157.902029348072062, 21.332957801770842 ], [ -157.90202923052891, 21.33295778545045 ], [ -157.902024308929214, 21.332957098877909 ], [ -157.902019370889036, 21.332956409106924 ], [ -157.902019269813508, 21.332956394931109 ], [ -157.902014349182821, 21.332955702036664 ], [ -157.902009412119924, 21.332955005923512 ], [ -157.90200929463586, 21.332954989281426 ], [ -157.902004374973217, 21.33295428916178 ], [ -157.901999455309976, 21.332953589041807 ], [ -157.901999354276313, 21.332953574606591 ], [ -157.901994435581628, 21.332952869068233 ], [ -157.901989500465589, 21.332952160269354 ], [ -157.90198449814082, 21.332951437122009 ], [ -157.901979580410625, 21.332950726164139 ], [ -157.901979479409306, 21.332950711505262 ], [ -157.90197457085236, 21.332949996324551 ], [ -157.901969662296096, 21.33294928204532 ], [ -157.901964663504174, 21.332948550081163 ], [ -157.901959745157313, 21.332947829718528 ], [ -157.901954763754304, 21.332947096483174 ], [ -157.901949831564394, 21.332946369562908 ], [ -157.901944882980786, 21.332945638412294 ], [ -157.901939949181269, 21.332944908392616 ], [ -157.901935001566756, 21.332944174514129 ], [ -157.901930070350573, 21.332943442157038 ], [ -157.901925122416031, 21.332942705359802 ], [ -157.901920208891397, 21.332941973822397 ], [ -157.901915276044974, 21.332941238359719 ], [ -157.901910345802293, 21.332940502378513 ], [ -157.901905423751316, 21.33293976671521 ], [ -157.901900518090201, 21.332939034401555 ], [ -157.901895579655417, 21.332938295385979 ], [ -157.901890673994586, 21.332937562170482 ], [ -157.900722616167883, 21.33276287481085 ], [ -157.89955456119776, 21.332588179595774 ], [ -157.899546374674344, 21.33258695489361 ], [ -157.89953819446967, 21.332585732181983 ], [ -157.899530010303891, 21.332584509637197 ], [ -157.899521836580618, 21.33258328879495 ], [ -157.899513661105772, 21.332582070538471 ], [ -157.899505494872727, 21.332580853516138 ], [ -157.899497329231906, 21.332579641226523 ], [ -157.899489163592193, 21.332578428036879 ], [ -157.899481006823805, 21.332577222601845 ], [ -157.899472854977887, 21.332576017893992 ], [ -157.899464702168586, 21.332574820375125 ], [ -157.899456550125507, 21.332573622070413 ], [ -157.899448405998982, 21.332572434185355 ], [ -157.899440261112915, 21.332571246189357 ], [ -157.899432120187726, 21.332570067881811 ], [ -157.899423985697155, 21.332568891401642 ], [ -157.899415847572072, 21.332567724671268 ], [ -157.899407724439669, 21.332566560848793 ], [ -157.899399595211491, 21.332565408962076 ], [ -157.899391466721028, 21.33256425717946 ], [ -157.899383345210225, 21.33256311931012 ], [ -157.899375227895831, 21.332561983815996 ], [ -157.899367108667974, 21.332560861727703 ], [ -157.899358999323113, 21.332559742790195 ], [ -157.899350883845727, 21.332558638453328 ], [ -157.89934277304954, 21.332557535774672 ], [ -157.899334668548335, 21.332556450386839 ], [ -157.899326568298449, 21.332555368241351 ], [ -157.899318461893273, 21.332554302466942 ], [ -157.899310365104895, 21.332553239861653 ], [ -157.89930226476497, 21.332552195863254 ], [ -157.899294174328389, 21.332551154919738 ], [ -157.899286081036252, 21.332550134429994 ], [ -157.899277993354758, 21.332549116424953 ], [ -157.89926990185478, 21.332548119745677 ], [ -157.899261814662282, 21.332547125373274 ], [ -157.89925373453994, 21.332546154398607 ], [ -157.899245655051118, 21.332545187048435 ], [ -157.899237571754242, 21.332544241872341 ], [ -157.899229498376513, 21.332543301400094 ], [ -157.899221421193744, 21.332542384847045 ], [ -157.899213348390816, 21.332541472332871 ], [ -157.899205278303242, 21.332540585223651 ], [ -157.899197212239386, 21.332539703081782 ], [ -157.899189143321877, 21.332538846584551 ], [ -157.899181083412572, 21.332537995559107 ], [ -157.899173020118837, 21.332537171858839 ], [ -157.899164957375604, 21.332536352631084 ], [ -157.899156896342447, 21.332535561322466 ], [ -157.899148838808657, 21.332534775742449 ], [ -157.899140787916849, 21.332534019281983 ], [ -157.899132737535751, 21.332533269918418 ], [ -157.899124683839773, 21.33253254878921 ], [ -157.899116638242361, 21.332531835509339 ], [ -157.89910859121818, 21.332531152190057 ], [ -157.899100547302425, 21.33253047632904 ], [ -157.899092506064676, 21.332529831614611 ], [ -157.899084469324208, 21.332529195240738 ], [ -157.899076429739694, 21.332528590485438 ], [ -157.899068394202658, 21.332527994004923 ], [ -157.899060360463977, 21.332527430326987 ], [ -157.89905325121822, 21.332526939278669 ], [ -157.898916801182025, 21.332520810593394 ], [ -157.898781131951068, 21.332520728962319 ], [ -157.898645609317157, 21.332526654296288 ], [ -157.898510536988567, 21.332538571902738 ], [ -157.898376216929279, 21.332556455602823 ], [ -157.898242947813856, 21.332580266231719 ], [ -157.898111028824019, 21.332609948626434 ], [ -157.897980754531915, 21.332645439000196 ], [ -157.897852414518042, 21.332686656162252 ], [ -157.897726295707116, 21.332733508955954 ], [ -157.897601829801999, 21.332786252458096 ], [ -157.897595414295466, 21.33278915953138 ], [ -157.897588161612589, 21.332792455979789 ], [ -157.897580925989757, 21.332795779570723 ], [ -157.897573690030697, 21.332799113818293 ], [ -157.89756646500237, 21.33280247718038 ], [ -157.897559243719229, 21.332805848452139 ], [ -157.897552027352049, 21.332809251718196 ], [ -157.897544809783824, 21.332812663042152 ], [ -157.897537607231868, 21.332816100784338 ], [ -157.897530407500312, 21.33281954468718 ], [ -157.897523218802519, 21.332823016932366 ], [ -157.897516024817946, 21.332826498384879 ], [ -157.897508842077599, 21.332830006353348 ], [ -157.897501659153903, 21.332833520663876 ], [ -157.89749448524833, 21.33283706174312 ], [ -157.897487307405214, 21.332840610114946 ], [ -157.897480149728466, 21.332844178465034 ], [ -157.897472986767411, 21.332847756164377 ], [ -157.897465826118804, 21.332851360974065 ], [ -157.897458669460349, 21.332854968265472 ], [ -157.897451526016482, 21.332858597686297 ], [ -157.89744437845178, 21.33286223370396 ], [ -157.897437239278474, 21.332865892977118 ], [ -157.897430092117588, 21.332869559977169 ], [ -157.897422960177295, 21.332873244508843 ], [ -157.897415826264819, 21.332876934587308 ], [ -157.89740869771282, 21.332880646429341 ], [ -157.897401570097571, 21.332884360940632 ], [ -157.897394450004526, 21.332888096125593 ], [ -157.897387321036206, 21.332891838243807 ], [ -157.897380208490375, 21.332895594114547 ], [ -157.897373089697936, 21.33289935695754 ], [ -157.897365971809933, 21.332903139886277 ], [ -157.897358858001439, 21.332906922548737 ], [ -157.897351753155419, 21.332910721537544 ], [ -157.897344636894417, 21.332914528413301 ], [ -157.897337530153038, 21.332918348677179 ], [ -157.897330421223899, 21.332922171901433 ], [ -157.8973233192566, 21.332926009385531 ], [ -157.897316212286484, 21.332929850982133 ], [ -157.897309106974035, 21.332933708329929 ], [ -157.897302001662382, 21.332937565677103 ], [ -157.897294903973716, 21.332941435551017 ], [ -157.897287790604253, 21.332945313974289 ], [ -157.897280688917675, 21.332949199005103 ], [ -157.897273584431446, 21.332953086985928 ], [ -157.897266485682934, 21.332956983927161 ], [ -157.897259379731253, 21.332960886245029 ], [ -157.89725227385523, 21.332964798701685 ], [ -157.897245165189844, 21.332968713222069 ], [ -157.89723806035542, 21.332972634927401 ], [ -157.897230946791922, 21.332976561980523 ], [ -157.897223837635181, 21.332980493583509 ], [ -157.89721672694381, 21.332984426933574 ], [ -157.89720961635706, 21.332988366848834 ], [ -157.897202495405168, 21.332992312507027 ], [ -157.897195377625167, 21.332996260541837 ], [ -157.897188259281108, 21.333000209423307 ], [ -157.897181140647689, 21.333004162235298 ], [ -157.897174005436909, 21.333008122814036 ], [ -157.897166884040217, 21.333012078595857 ], [ -157.897159747302339, 21.333016042363056 ], [ -157.897052244599479, 21.333075756699092 ], [ -157.896944737363526, 21.333135472363789 ], [ -157.896937602034882, 21.333139435331951 ], [ -157.896930470949712, 21.333143396478086 ], [ -157.896923321629174, 21.333147365776902 ], [ -157.896916189579457, 21.333151326019486 ], [ -157.896909022154119, 21.333155302115934 ], [ -157.896901885973563, 21.333159260871536 ], [ -157.896894703758505, 21.333163239930048 ], [ -157.896887562604178, 21.333167195856362 ], [ -157.896880373070189, 21.33317117281365 ], [ -157.896873231098397, 21.333175123441489 ], [ -157.896866020654613, 21.333179103987408 ], [ -157.896858870417248, 21.333183050726404 ], [ -157.896858792879442, 21.333183093474442 ], [ -157.896851643208436, 21.333187030546885 ], [ -157.896844486049702, 21.333190970839123 ], [ -157.89684439963267, 21.333191018352139 ], [ -157.89683724418262, 21.333194947291886 ], [ -157.896830081228842, 21.333198879447856 ], [ -157.896829979747167, 21.333198935070421 ], [ -157.896822818520121, 21.333202854071057 ], [ -157.896815657288471, 21.333206773073297 ], [ -157.896815536280371, 21.333206839172572 ], [ -157.896808368311298, 21.333210747330408 ], [ -157.89680118746432, 21.333214661079168 ], [ -157.896801066335854, 21.333214726974752 ], [ -157.896793890662792, 21.333218623385896 ], [ -157.896786707443425, 21.333222522990724 ], [ -157.896786566699291, 21.333222599232485 ], [ -157.896779383323178, 21.33322648209062 ], [ -157.896772179489034, 21.333230373676045 ], [ -157.896772034209079, 21.333230451982573 ], [ -157.896764841203009, 21.333234320383394 ], [ -157.896757640613345, 21.333238191958564 ], [ -157.896757472379932, 21.333238282179444 ], [ -157.896750270707798, 21.333242134317072 ], [ -157.896743050818571, 21.333245994261397 ], [ -157.896742882351901, 21.333246084094462 ], [ -157.896735670087736, 21.333249919967781 ], [ -157.896728437275414, 21.333253764446695 ], [ -157.896728244611069, 21.33325386654985 ], [ -157.89672102079092, 21.333257683448771 ], [ -157.896713784045829, 21.333261505762938 ], [ -157.896713583431961, 21.333261611395073 ], [ -157.896706348056767, 21.33326540931948 ], [ -157.89669908439555, 21.333269218869656 ], [ -157.896698883429423, 21.333269323941771 ], [ -157.896691636501231, 21.333273101085478 ], [ -157.896684350715731, 21.333276894252418 ], [ -157.896684141694891, 21.333277002720994 ], [ -157.896676881284662, 21.33328075817959 ], [ -157.896669587231031, 21.33328452732486 ], [ -157.896669358058915, 21.333284645325755 ], [ -157.896662084168668, 21.333288377292845 ], [ -157.896654768823538, 21.333292125914053 ], [ -157.896654534942144, 21.333292245325385 ], [ -157.896647246608865, 21.333295952897164 ], [ -157.896639916733761, 21.333299676994287 ], [ -157.896639670396553, 21.333299801669071 ], [ -157.896632366657229, 21.333303483941748 ], [ -157.896625013472175, 21.333307185636446 ], [ -157.896624755158967, 21.333307315148019 ], [ -157.89661743697863, 21.333310969412782 ], [ -157.896610071927427, 21.333314642008464 ], [ -157.896609796822048, 21.333314778596627 ], [ -157.896602461308646, 21.333318404851596 ], [ -157.89659507610483, 21.333322050183444 ], [ -157.896594796639846, 21.333322187518597 ], [ -157.896587445723412, 21.333325783958653 ], [ -157.896580026847403, 21.333329406308739 ], [ -157.896579746716128, 21.333329542478246 ], [ -157.896572378468676, 21.333333108199096 ], [ -157.89656494722621, 21.333336697557964 ], [ -157.896564642248563, 21.333336844149954 ], [ -157.89655725570708, 21.333340377344491 ], [ -157.896549806025575, 21.333343933909866 ], [ -157.896549492327608, 21.333344082921979 ], [ -157.896542087494112, 21.3333475826871 ], [ -157.89653461132815, 21.33335110844088 ], [ -157.896534288777985, 21.333351259766967 ], [ -157.896526865652419, 21.333354724296189 ], [ -157.896519366010438, 21.333358216374393 ], [ -157.896519034547538, 21.333358369888089 ], [ -157.896511592166945, 21.333361798277792 ], [ -157.896511511220325, 21.333361835517525 ], [ -157.896504064988733, 21.333365256679123 ], [ -157.896503732638649, 21.333365408554481 ], [ -157.896496271003002, 21.333368799901468 ], [ -157.896496169558532, 21.333368845932167 ], [ -157.896488703109895, 21.333372228244048 ], [ -157.896487901796064, 21.333372586511381 ], [ -157.896464380214525, 21.333382964869998 ], [ -157.896464285113353, 21.333383006765288 ], [ -157.896441075012859, 21.333393215515429 ], [ -157.896439796275644, 21.333393766139967 ], [ -157.896416085054739, 21.333403758718855 ], [ -157.896415988336514, 21.333403799412075 ], [ -157.896392592448677, 21.333413626900882 ], [ -157.896391302251004, 21.333414157103434 ], [ -157.896367408141629, 21.333423760293993 ], [ -157.896367311228801, 21.333423799178526 ], [ -157.896343735340594, 21.333433242699702 ], [ -157.896342436118459, 21.333433751467801 ], [ -157.896318366834777, 21.333442962565012 ], [ -157.896318269770745, 21.333442999646426 ], [ -157.896294521596133, 21.333452056495254 ], [ -157.896293212189391, 21.333452544286221 ], [ -157.896268974480307, 21.333461360584689 ], [ -157.896268875538226, 21.333461396508945 ], [ -157.896244962791258, 21.333470063077126 ], [ -157.896243647101869, 21.333470528462822 ], [ -157.896219249646464, 21.333478947258129 ], [ -157.896219148385853, 21.333478982132981 ], [ -157.896195076852564, 21.333487256617808 ], [ -157.896193750269475, 21.333487701205986 ], [ -157.896169199817706, 21.333495718889427 ], [ -157.896169100266718, 21.333495751337221 ], [ -157.896144877662095, 21.333503631033686 ], [ -157.896143545787595, 21.333504052996261 ], [ -157.896118850052517, 21.333511668669335 ], [ -157.896118747498065, 21.333511700228826 ], [ -157.896094382499143, 21.333519182432624 ], [ -157.896093043401436, 21.333519582426593 ], [ -157.896068209133034, 21.333526793383903 ], [ -157.896068106421694, 21.33352682314213 ], [ -157.896043605778431, 21.333533906051048 ], [ -157.896042254575406, 21.333534285425714 ], [ -157.896017289488697, 21.333541088059039 ], [ -157.896017192518684, 21.333541114424651 ], [ -157.895992563944162, 21.33354779623691 ], [ -157.895991203557628, 21.333548154088653 ], [ -157.89596611536561, 21.333554547499588 ], [ -157.895966018169531, 21.333554572212005 ], [ -157.895941269376721, 21.333560850222778 ], [ -157.895939902847772, 21.33356118570368 ], [ -157.895914699264551, 21.333567168090529 ], [ -157.895914600992285, 21.333567191359428 ], [ -157.895889738732194, 21.333573063766412 ], [ -157.89588836690902, 21.333573376685067 ], [ -157.89586305564751, 21.333578946246117 ], [ -157.895862953211861, 21.333578968724932 ], [ -157.895837985198511, 21.333584432823223 ], [ -157.895836611828059, 21.333584722386682 ], [ -157.895811201564356, 21.333589877320939 ], [ -157.895811100469302, 21.333589897770793 ], [ -157.895786034414698, 21.333594953565186 ], [ -157.895784651981614, 21.333595221391182 ], [ -157.895759148503657, 21.333599959895636 ], [ -157.895759046958688, 21.333599978703532 ], [ -157.895733890576878, 21.333604623489222 ], [ -157.895732503421186, 21.333604868640116 ], [ -157.895706916369022, 21.333609188914455 ], [ -157.895706816253011, 21.333609205761871 ], [ -157.895681577257051, 21.333613438640267 ], [ -157.895680187905327, 21.333613660752096 ], [ -157.89565452402698, 21.333617562800335 ], [ -157.895654419660218, 21.333617578607548 ], [ -157.895629105764016, 21.333621397777144 ], [ -157.895627711151775, 21.333621597298375 ], [ -157.895601978162262, 21.333625078415803 ], [ -157.895601878962992, 21.333625091780508 ], [ -157.895576497878636, 21.33362849724589 ], [ -157.895575098420693, 21.333628674136406 ], [ -157.895549304995995, 21.333631734328314 ], [ -157.895549200571963, 21.333631746657115 ], [ -157.895523759048444, 21.333634735712888 ], [ -157.895522361518488, 21.333634889128415 ], [ -157.89549651537169, 21.333637527496407 ], [ -157.895496409410669, 21.33363753825116 ], [ -157.895470916126015, 21.33364011090282 ], [ -157.895469513668218, 21.333640241641998 ], [ -157.895443622512289, 21.333642456384474 ], [ -157.895443518218087, 21.333642465246367 ], [ -157.895417980884304, 21.333644620595301 ], [ -157.89541657644736, 21.33364472836233 ], [ -157.895390647030297, 21.333646519483377 ], [ -157.895390544941932, 21.333646526478564 ], [ -157.895364972236052, 21.333648264530279 ], [ -157.895363562656769, 21.33364834952911 ], [ -157.895337603656628, 21.333649716130932 ], [ -157.895337499929099, 21.333649721533249 ], [ -157.895311898599118, 21.333651040485428 ], [ -157.895310494003013, 21.333651102154267 ], [ -157.895284514095778, 21.33365204514546 ], [ -157.895284405398826, 21.33365204902687 ], [ -157.895258783157772, 21.333652948884449 ], [ -157.895257376972097, 21.333652987574204 ], [ -157.895231382905791, 21.333653505152576 ], [ -157.895231275835584, 21.333653507222529 ], [ -157.895205640396512, 21.333653987990267 ], [ -157.895204232689849, 21.333654003684657 ], [ -157.895178234105572, 21.333654095856204 ], [ -157.895178131873593, 21.333654096162189 ], [ -157.895152490946458, 21.333654158747997 ], [ -157.895151078334692, 21.333654151418781 ], [ -157.89512508198132, 21.333653818187702 ], [ -157.895124978159544, 21.333653816798641 ], [ -157.8950993404234, 21.333653459401614 ], [ -157.895097932754283, 21.333653429069926 ], [ -157.895071945378902, 21.3336526713436 ], [ -157.895071839851795, 21.333652668206465 ], [ -157.89504621301765, 21.333651891734629 ], [ -157.895044803722612, 21.333651838284673 ], [ -157.895018834965299, 21.333650655166018 ], [ -157.89501873105786, 21.333650650373542 ], [ -157.894993122838713, 21.333649454831569 ], [ -157.894991718339725, 21.333649378558853 ], [ -157.894965775912453, 21.333647771859084 ], [ -157.894965670689317, 21.333647765282066 ], [ -157.894940087832168, 21.333646151577558 ], [ -157.894938678553103, 21.33364605187203 ], [ -157.894912769204865, 21.33364401978892 ], [ -157.894912668356312, 21.333644011823793 ], [ -157.894887120501238, 21.333641979962771 ], [ -157.894885716301729, 21.333641857504826 ], [ -157.894859848708563, 21.333639402753377 ], [ -157.894859746281497, 21.333639392975829 ], [ -157.894834240176522, 21.333636943865685 ], [ -157.894832837663159, 21.333636798385744 ], [ -157.894807019535051, 21.333633920970968 ], [ -157.894806915493888, 21.333633909315918 ], [ -157.894781458850957, 21.333631042961439 ], [ -157.894780064002816, 21.333630875147406 ], [ -157.894754304015805, 21.333627576880893 ], [ -157.894730443038355, 21.33362450622851 ], [ -157.894729701274429, 21.333624407711135 ], [ -157.894727760010369, 21.333624141864941 ], [ -157.894727554647403, 21.333624113506346 ], [ -157.89471935103694, 21.333622971270447 ], [ -157.894719259331708, 21.333622958454857 ], [ -157.894711057655286, 21.333621808091255 ], [ -157.894710685525808, 21.333621755122859 ], [ -157.894702488693355, 21.33362057134433 ], [ -157.894702397028055, 21.333620558059099 ], [ -157.894694202129614, 21.333619366152774 ], [ -157.894693840185539, 21.333619312776126 ], [ -157.894685650130128, 21.333618088358087 ], [ -157.894685558512037, 21.333618074614048 ], [ -157.894677370390639, 21.333616842068288 ], [ -157.894677028430436, 21.333616789936965 ], [ -157.894668845151045, 21.333615526685804 ], [ -157.894660582049852, 21.333614243552073 ], [ -157.894660240393051, 21.33361418983942 ], [ -157.894652063889652, 21.333612888658319 ], [ -157.894643817397338, 21.333611569681484 ], [ -157.89464348584201, 21.333611516029784 ], [ -157.894635316112613, 21.333610178725177 ], [ -157.894627077161971, 21.333608823581503 ], [ -157.894626753971437, 21.333608769831205 ], [ -157.894618591015103, 21.333607397306075 ], [ -157.894610368670214, 21.3336060091932 ], [ -157.894610065232513, 21.333605957443453 ], [ -157.894601909047168, 21.333604552407515 ], [ -157.894593683768022, 21.333603128952138 ], [ -157.894593392113677, 21.333603077994439 ], [ -157.894585241735342, 21.333601640446883 ], [ -157.894577041808958, 21.33360018945946 ], [ -157.894576748538356, 21.333600137074438 ], [ -157.894568604931038, 21.333598668822457 ], [ -157.894560422434523, 21.333597189936768 ], [ -157.89456012938092, 21.33359713648035 ], [ -157.894551991578595, 21.333595638426356 ], [ -157.894543823715338, 21.333594131946121 ], [ -157.894543552167875, 21.33359408143987 ], [ -157.894535420169575, 21.333592556293468 ], [ -157.894527248423685, 21.333591019889273 ], [ -157.894526998427636, 21.333590972527837 ], [ -157.894518871267366, 21.333589421191522 ], [ -157.894510703377875, 21.333587858089743 ], [ -157.894510472927863, 21.333587813682755 ], [ -157.894502351569571, 21.333586237963623 ], [ -157.894494189470208, 21.333584650342701 ], [ -157.894493959188253, 21.333584605244667 ], [ -157.894485843630946, 21.333583005142625 ], [ -157.894477699107796, 21.333581396614097 ], [ -157.894477486267704, 21.33358135431715 ], [ -157.894469375547402, 21.333579732541082 ], [ -157.894461234809, 21.333578101854965 ], [ -157.894461033773354, 21.333578061351485 ], [ -157.894452927887102, 21.333576418804512 ], [ -157.894444793106146, 21.3335747676872 ], [ -157.894444609365337, 21.333574730197789 ], [ -157.894436508313106, 21.333573068686501 ], [ -157.894428378394167, 21.33357139853927 ], [ -157.894428196842853, 21.333571361051582 ], [ -157.894420099660607, 21.333569680575192 ], [ -157.894411992867845, 21.333567997200003 ], [ -157.894411818869145, 21.333567960893387 ], [ -157.894403726518902, 21.333566264162087 ], [ -157.894395625744522, 21.333564564961879 ], [ -157.894395463562915, 21.333564530790095 ], [ -157.894387374115723, 21.333562818705893 ], [ -157.894379275074698, 21.333561103686876 ], [ -157.894379134305723, 21.333561073762848 ], [ -157.894371047760501, 21.333559348132038 ], [ -157.894362950414234, 21.333557619086378 ], [ -157.894362821470764, 21.33355759145584 ], [ -157.894354737826603, 21.333555853181526 ], [ -157.894346652954539, 21.333554114435952 ], [ -157.894346533640004, 21.333554088692907 ], [ -157.89433845289679, 21.33355233958158 ], [ -157.894330361340309, 21.333550587017079 ], [ -157.894330263430305, 21.333550565754571 ], [ -157.894322184622069, 21.333548806708638 ], [ -157.894314104563676, 21.333547047180971 ], [ -157.894314014032574, 21.333547027418849 ], [ -157.894305938122386, 21.333545260245408 ], [ -157.894297862212454, 21.33354349307152 ], [ -157.894289716849073, 21.333541703925825 ], [ -157.894281634584388, 21.333539927917293 ], [ -157.894273503419441, 21.333538135300369 ], [ -157.894265435034413, 21.333536357192845 ], [ -157.894257315218027, 21.333534563220368 ], [ -157.894249233624521, 21.333532776775087 ], [ -157.894241141197824, 21.333530985912272 ], [ -157.894233070126461, 21.333529199772681 ], [ -157.894224979948916, 21.333527407595369 ], [ -157.894216908876899, 21.333525619647862 ], [ -157.893648846605657, 21.333399774769219 ], [ -157.893080794978516, 21.333273930430693 ], [ -157.893072957586071, 21.333272194573663 ], [ -157.893065119211627, 21.333270457808773 ], [ -157.893057288350491, 21.333268724512251 ], [ -157.893049462408271, 21.333266992304083 ], [ -157.893041637619916, 21.333265263055452 ], [ -157.893033821704478, 21.333263535979064 ], [ -157.893026004633043, 21.333261813149011 ], [ -157.893018185142836, 21.333260089096616 ], [ -157.893010372217447, 21.333258372100502 ], [ -157.893002564217539, 21.333256656186744 ], [ -157.892994756406409, 21.333254946817579 ], [ -157.89298695254692, 21.333253238522801 ], [ -157.892979152650554, 21.33325153848762 ], [ -157.892971362784579, 21.333249841743072 ], [ -157.892963564931705, 21.333248152648181 ], [ -157.892955768042356, 21.333246463554886 ], [ -157.892947978305358, 21.33324478579819 ], [ -157.892940194453729, 21.333243110894323 ], [ -157.892932406770285, 21.33324144583699 ], [ -157.892924629912812, 21.333239784679044 ], [ -157.892916845406376, 21.333238134333691 ], [ -157.892909064722829, 21.33323648569262 ], [ -157.892901286110344, 21.333234850608651 ], [ -157.892893513546966, 21.333233218581896 ], [ -157.892885737158366, 21.33323159994713 ], [ -157.892877970662255, 21.333229985154894 ], [ -157.892870200350018, 21.333228385522464 ], [ -157.892862436065542, 21.333226788913084 ], [ -157.892854665935261, 21.333225208122276 ], [ -157.892846906680717, 21.333223631131673 ], [ -157.892839139826691, 21.333222071371612 ], [ -157.892831374858645, 21.333220513070124 ], [ -157.892823618017303, 21.333218975638729 ], [ -157.892815864249059, 21.333217441855926 ], [ -157.892808102651713, 21.333215926644261 ], [ -157.892800345152352, 21.333214414377682 ], [ -157.892792592776459, 21.333212924254259 ], [ -157.892784839464866, 21.3332114376812 ], [ -157.892777083362404, 21.33320997170204 ], [ -157.892769335328239, 21.333208511148225 ], [ -157.89276158250803, 21.33320707255686 ], [ -157.892753834730144, 21.333205638617638 ], [ -157.892746087207428, 21.333204228604213 ], [ -157.892738339687497, 21.333202823186031 ], [ -157.892730590525218, 21.333201441486324 ], [ -157.892722845444979, 21.33320006581733 ], [ -157.892715097511172, 21.333198714334884 ], [ -157.892707356786843, 21.333197369732609 ], [ -157.892699612287032, 21.333196050722481 ], [ -157.892691866800334, 21.333194737158628 ], [ -157.892684125745973, 21.333193450703654 ], [ -157.892676389672062, 21.333192172277819 ], [ -157.892668642887912, 21.333190919452221 ], [ -157.892660904374821, 21.333189674277509 ], [ -157.892653161162116, 21.333188457269245 ], [ -157.892645422899108, 21.333187247343186 ], [ -157.892637689084125, 21.333186067978705 ], [ -157.89262995431551, 21.333184896517352 ], [ -157.892622208826396, 21.33318375329036 ], [ -157.892614471735271, 21.333182618464463 ], [ -157.892606740102536, 21.333181515812132 ], [ -157.892599606133246, 21.33318050660791 ], [ -157.89246947629556, 21.333164359848052 ], [ -157.892340087504294, 21.333154677355445 ], [ -157.892208871854251, 21.333151266340554 ], [ -157.892201657186575, 21.333151201858481 ], [ -157.892193834829754, 21.333151140714655 ], [ -157.892186006286749, 21.333151110244316 ], [ -157.892178168301655, 21.333151087642484 ], [ -157.892170329359431, 21.333151094038069 ], [ -157.892162491379651, 21.333151108342573 ], [ -157.892154648174312, 21.333151151673803 ], [ -157.892146794571488, 21.333151202105945 ], [ -157.892138940939361, 21.33315127983284 ], [ -157.892131092470521, 21.333151364547462 ], [ -157.892123233675051, 21.333151477567025 ], [ -157.892115365562688, 21.333151596027612 ], [ -157.892107498189006, 21.333151740958094 ], [ -157.892099629839578, 21.333151891181632 ], [ -157.892091757336061, 21.333152067986521 ], [ -157.892083879648794, 21.333152249324332 ], [ -157.892076002887592, 21.333152456280537 ], [ -157.892068115753489, 21.333152667931557 ], [ -157.892060229718709, 21.333152903460434 ], [ -157.892052339287517, 21.333153143574698 ], [ -157.892044448647084, 21.333153406708306 ], [ -157.892036552988742, 21.333153674437447 ], [ -157.892028647892971, 21.333153964690148 ], [ -157.892020743014996, 21.333154257594998 ], [ -157.892012844984748, 21.333154572473802 ], [ -157.892004930458398, 21.33315489152351 ], [ -157.891997018053161, 21.333155230100754 ], [ -157.891989099979298, 21.333155572474578 ], [ -157.891981182127012, 21.333155933498936 ], [ -157.891973260309499, 21.333156298304075 ], [ -157.891965328817292, 21.333156681405512 ], [ -157.89195740249491, 21.333157066036275 ], [ -157.891949472216396, 21.333157469601694 ], [ -157.891941532262706, 21.333157874599589 ], [ -157.891933597170805, 21.333158296277141 ], [ -157.891925652322357, 21.333158720256776 ], [ -157.891917709069276, 21.333159159419036 ], [ -157.89190975968819, 21.333159600651705 ], [ -157.891901807032099, 21.333160056464461 ], [ -157.891893848250987, 21.333160513466538 ], [ -157.891885896867734, 21.333160983552013 ], [ -157.891877929316394, 21.333161456382989 ], [ -157.891869962088094, 21.333161939933948 ], [ -157.891861995815532, 21.333162425275116 ], [ -157.891854024021882, 21.333162921699397 ], [ -157.891846047756815, 21.333163419297904 ], [ -157.891838073051474, 21.333163926776511 ], [ -157.891830086700537, 21.333164435831748 ], [ -157.891822101297038, 21.333164952963742 ], [ -157.891814110128053, 21.33316547130401 ], [ -157.891806116074548, 21.333165997143809 ], [ -157.891798121294869, 21.333166523031032 ], [ -157.891790126505924, 21.333167056106348 ], [ -157.891782116225244, 21.333167589314666 ], [ -157.891774116262866, 21.333168128128595 ], [ -157.891766096027027, 21.333168667406824 ], [ -157.891758087075146, 21.333169210491565 ], [ -157.89175006742343, 21.333169754301522 ], [ -157.891742047767963, 21.333170300815418 ], [ -157.891734017789133, 21.333170848032413 ], [ -157.891725987808826, 21.333171396151766 ], [ -157.891717955415743, 21.333171944435378 ], [ -157.891613277655637, 21.333179095870896 ], [ -157.891508597692734, 21.333186246421359 ], [ -157.891500092547517, 21.33318682783279 ], [ -157.89149157359995, 21.333187409217018 ], [ -157.891483057051914, 21.33318798959931 ], [ -157.891474539786088, 21.333188569125955 ], [ -157.891466011094877, 21.333189147554389 ], [ -157.891457494543801, 21.333189724319272 ], [ -157.891448941478785, 21.333190298963736 ], [ -157.891440437880135, 21.333190871173766 ], [ -157.891431861145293, 21.333191441957485 ], [ -157.891423351011042, 21.333192008218436 ], [ -157.891423263232525, 21.333192014017254 ], [ -157.891414758682004, 21.333192571782728 ], [ -157.891406254132448, 21.333193130450404 ], [ -157.891406156580246, 21.33319313680688 ], [ -157.891397647158641, 21.333193686762797 ], [ -157.891389136092812, 21.333194236761578 ], [ -157.891389018347866, 21.333194244295044 ], [ -157.891380507337885, 21.333194783389743 ], [ -157.891371997293561, 21.333195322484482 ], [ -157.891371879529004, 21.333195329869231 ], [ -157.891363368195357, 21.333195858145945 ], [ -157.891354845486347, 21.33319638616403 ], [ -157.891354708843949, 21.333196394528109 ], [ -157.891346196555332, 21.333196909255719 ], [ -157.891337664745066, 21.333197423355017 ], [ -157.891337526816926, 21.333197431562706 ], [ -157.89132901261226, 21.333197931837407 ], [ -157.891320480461047, 21.333198431415099 ], [ -157.891320323006539, 21.333198440499736 ], [ -157.891311807848837, 21.33319892451582 ], [ -157.891303274721821, 21.333199407799981 ], [ -157.891303097729605, 21.333199417654015 ], [ -157.891294581620997, 21.333199883605083 ], [ -157.891286055744104, 21.333200349186455 ], [ -157.891285850562014, 21.333200360162543 ], [ -157.891277334468356, 21.333200806242811 ], [ -157.891268807087499, 21.333201251959082 ], [ -157.891268600783718, 21.33320126251142 ], [ -157.891260081812106, 21.333201688719075 ], [ -157.891251544787025, 21.333202114070218 ], [ -157.891251319420093, 21.333202125023483 ], [ -157.891242800465449, 21.333202528650926 ], [ -157.891234260493036, 21.333202931418977 ], [ -157.891234035581192, 21.333202941752162 ], [ -157.891225515679537, 21.333203322798692 ], [ -157.891216955223143, 21.333203701993781 ], [ -157.891216720011613, 21.333203712112752 ], [ -157.891208198200957, 21.333204067868273 ], [ -157.891199635857021, 21.333204421653473 ], [ -157.891199381469136, 21.333204431813726 ], [ -157.891190858713486, 21.333204760472434 ], [ -157.891182296817504, 21.333205087019302 ], [ -157.891182041568072, 21.333205096401457 ], [ -157.891173516904416, 21.33320539796274 ], [ -157.891164943304517, 21.33320569672609 ], [ -157.891164659391336, 21.333205706182969 ], [ -157.891156134750645, 21.33320597703554 ], [ -157.891147569644602, 21.333206245521005 ], [ -157.891147275558382, 21.333206254271445 ], [ -157.891138749012697, 21.333206494413801 ], [ -157.89113017350337, 21.333206731406083 ], [ -157.891129869588354, 21.333206739305165 ], [ -157.891121342101684, 21.333206946931806 ], [ -157.891112765639207, 21.333207151221629 ], [ -157.891112451904831, 21.333207158162196 ], [ -157.891103923479164, 21.333207332369824 ], [ -157.891095326473788, 21.333207501630351 ], [ -157.891095012903548, 21.333207507271748 ], [ -157.89108648450383, 21.333207646254657 ], [ -157.891077876575025, 21.333207779258132 ], [ -157.891077553166525, 21.333207783688884 ], [ -157.891069023829829, 21.333207885640157 ], [ -157.891060414999657, 21.333207981270228 ], [ -157.89106007205217, 21.333207984443195 ], [ -157.89105154274452, 21.333208047557061 ], [ -157.891042933980174, 21.3332081039919 ], [ -157.891042581105239, 21.333208105631275 ], [ -157.891034050862515, 21.333208129003811 ], [ -157.891025442207052, 21.3332081453322 ], [ -157.891025069711191, 21.33320814528793 ], [ -157.891016539499532, 21.333208127113547 ], [ -157.891016451277466, 21.333208126883545 ], [ -157.891007921071804, 21.333208100580151 ], [ -157.89100754858876, 21.333208098682245 ], [ -157.890999018408053, 21.333208038057634 ], [ -157.890998920393372, 21.333208037309145 ], [ -157.890990390219685, 21.333207967652534 ], [ -157.890989998059041, 21.333207963619483 ], [ -157.890981468876305, 21.333207857835848 ], [ -157.89098138066808, 21.333207856699804 ], [ -157.89097285149137, 21.33320774278728 ], [ -157.890971943753044, 21.333207726211644 ], [ -157.890945952508702, 21.333207124094702 ], [ -157.890945845071542, 21.333207121543396 ], [ -157.890920213406389, 21.333206497979539 ], [ -157.890918809329776, 21.333206453158351 ], [ -157.890892832858469, 21.333205426550172 ], [ -157.890892727003745, 21.333205422306033 ], [ -157.890867111072595, 21.333204380573946 ], [ -157.890865702311402, 21.33320431252654 ], [ -157.890839748328091, 21.333202860529038 ], [ -157.890839643913409, 21.333202854628343 ], [ -157.890814051427299, 21.333201393829818 ], [ -157.890812647289408, 21.333201302964152 ], [ -157.89078672543215, 21.333199427389918 ], [ -157.890786619927496, 21.333199419695461 ], [ -157.890761057635387, 21.333197540738123 ], [ -157.890759654839826, 21.333197426885299 ], [ -157.890733771856588, 21.333195127738829 ], [ -157.890733664558496, 21.333195118144669 ], [ -157.890708142100522, 21.3331928210348 ], [ -157.890706744743142, 21.333192684558728 ], [ -157.890680907381011, 21.333189962747529 ], [ -157.890680801425077, 21.333189951523906 ], [ -157.890655325549119, 21.333187238072309 ], [ -157.890654397427028, 21.333187134468794 ], [ -157.890644720940259, 21.333186004739364 ], [ -157.890638800748178, 21.333185313687498 ], [ -157.890638369424721, 21.33318526231113 ], [ -157.890629909369096, 21.333184234412382 ], [ -157.890629820113929, 21.333184223523734 ], [ -157.890621361992316, 21.333183187497106 ], [ -157.890620970302763, 21.333183138669028 ], [ -157.89061251702816, 21.333182066518166 ], [ -157.890612427791609, 21.333182055155863 ], [ -157.890603976451047, 21.333180974877202 ], [ -157.890603605637835, 21.333180926714729 ], [ -157.890595158178257, 21.333179812117546 ], [ -157.890595059362994, 21.333179799025075 ], [ -157.890586613838423, 21.333178675396887 ], [ -157.890586261208256, 21.333178627789096 ], [ -157.890577820528677, 21.333177471649297 ], [ -157.890569302203659, 21.33317629734977 ], [ -157.890568941682034, 21.333176246922989 ], [ -157.890560506816485, 21.333175050143169 ], [ -157.890552003913285, 21.333173837087042 ], [ -157.890551659927411, 21.333173787349818 ], [ -157.890543232801889, 21.333172552640871 ], [ -157.890534738701092, 21.333171301770566 ], [ -157.890534404524999, 21.333171251931681 ], [ -157.890525983211461, 21.333169980195414 ], [ -157.8905175045779, 21.333168694364613 ], [ -157.890517169066243, 21.333168642849319 ], [ -157.890508754527701, 21.333167334989636 ], [ -157.890500292289744, 21.333166015186578 ], [ -157.890499979235699, 21.333165965809226 ], [ -157.890491569542206, 21.333164624534334 ], [ -157.89048311156796, 21.333163270875609 ], [ -157.890482806626579, 21.333163221546016 ], [ -157.890474403705042, 21.333161847760294 ], [ -157.890465962734083, 21.333160464132298 ], [ -157.890465667488172, 21.333160415242997 ], [ -157.890457270373673, 21.333159010752262 ], [ -157.890448825762292, 21.333157593787572 ], [ -157.890448549691087, 21.33315754703192 ], [ -157.890440158381608, 21.333156112739367 ], [ -157.890431738609379, 21.333154670866584 ], [ -157.89043146443035, 21.333154623486951 ], [ -157.890423077962907, 21.33315316119818 ], [ -157.890414662278829, 21.333151690932212 ], [ -157.890414407208766, 21.333151645999855 ], [ -157.890406026544326, 21.333150157521963 ], [ -157.890397617491288, 21.333148661286909 ], [ -157.890397372044873, 21.333148617270822 ], [ -157.8903889962194, 21.333147103506235 ], [ -157.890380601492552, 21.333145584516473 ], [ -157.890380365632637, 21.333145541521002 ], [ -157.890371994645193, 21.333144004276196 ], [ -157.890363604777434, 21.33314246175501 ], [ -157.890363387911833, 21.333142421614131 ], [ -157.890355021760371, 21.333140862695409 ], [ -157.890346627320298, 21.333139295790449 ], [ -157.890346438822974, 21.333139260401932 ], [ -157.890338077506556, 21.3331376816156 ], [ -157.890329688859481, 21.333136095135657 ], [ -157.890329500440117, 21.333136059297601 ], [ -157.890321142994651, 21.333134460643169 ], [ -157.890312776137023, 21.333132859283808 ], [ -157.890312591634654, 21.333132823775745 ], [ -157.890304237095251, 21.333131207058898 ], [ -157.890295872180985, 21.333129587243789 ], [ -157.890295715971178, 21.333129556854313 ], [ -157.890287365298775, 21.333127924785156 ], [ -157.890279004239972, 21.333126289593416 ], [ -157.890278850061435, 21.33312625930343 ], [ -157.890270502294015, 21.333124611881374 ], [ -157.890262153520098, 21.333122964070704 ], [ -157.890262016201518, 21.333122936859176 ], [ -157.890253672300105, 21.333121276794301 ], [ -157.890245319018476, 21.333119613958967 ], [ -157.890245202503735, 21.333119590686746 ], [ -157.890236860538351, 21.333117918880959 ], [ -157.890228517539754, 21.333116246675203 ], [ -157.890228403068335, 21.33311622365574 ], [ -157.890220066720104, 21.333114541754743 ], [ -157.89021173133483, 21.333112860756827 ], [ -157.890211633628553, 21.333112840997195 ], [ -157.890203296498186, 21.333111150226305 ], [ -157.890194950002552, 21.33310945665173 ], [ -157.890186545214561, 21.333107744507085 ], [ -157.89017821001778, 21.333106046510608 ], [ -157.890169808240103, 21.333104328405039 ], [ -157.890161474012359, 21.333102624086276 ], [ -157.890153101284312, 21.333100908074965 ], [ -157.890144758668697, 21.333099197321957 ], [ -157.890136405624332, 21.333097482423526 ], [ -157.890128063974828, 21.33309576895758 ], [ -157.890119722327938, 21.33309405458736 ], [ -157.890111378900542, 21.33309233942591 ], [ -157.888839130558978, 21.332830772043096 ], [ -157.887566910672717, 21.332569199929658 ], [ -157.887559273077017, 21.33256762956081 ], [ -157.887551625558302, 21.332566056247583 ], [ -157.88754398823886, 21.33256448503133 ], [ -157.88753635092354, 21.332562913815522 ], [ -157.887528703406645, 21.332561339596754 ], [ -157.887521055891483, 21.332559764473526 ], [ -157.887513396902335, 21.33255818497851 ], [ -157.887505750353455, 21.332556607141768 ], [ -157.887498093608002, 21.332555025390949 ], [ -157.887490445785488, 21.332553444377897 ], [ -157.887482769617606, 21.332551853881025 ], [ -157.887475132954137, 21.332550271360152 ], [ -157.887467447569776, 21.332548674211079 ], [ -157.887459811869576, 21.332547087172127 ], [ -157.887452115978817, 21.332545481979349 ], [ -157.887444473311774, 21.332543886960341 ], [ -157.887436787293922, 21.332542277957657 ], [ -157.887429147866555, 21.332540677987566 ], [ -157.887429061852373, 21.332540659930107 ], [ -157.887421432276369, 21.332539054393639 ], [ -157.887413802698944, 21.332537448856275 ], [ -157.887413716699882, 21.33253743071597 ], [ -157.887406089057862, 21.332535817954703 ], [ -157.887398460088491, 21.332534204708903 ], [ -157.887398366221902, 21.332534184808299 ], [ -157.887390740514945, 21.332532563919028 ], [ -157.887383104639071, 21.332530939964201 ], [ -157.887383006196956, 21.332530918971639 ], [ -157.887375383389013, 21.332529289051759 ], [ -157.887367751766931, 21.332527656548798 ], [ -157.887367633025349, 21.332527631066217 ], [ -157.887360012154375, 21.332525990308838 ], [ -157.887352391284395, 21.332524349551363 ], [ -157.887352272573338, 21.332524323910885 ], [ -157.887344654601378, 21.332522673219994 ], [ -157.887337016324182, 21.332521016319564 ], [ -157.88733689764797, 21.332520990493911 ], [ -157.887329282578008, 21.332519328062908 ], [ -157.887321657365987, 21.33251766251373 ], [ -157.887321530952192, 21.332517634808113 ], [ -157.887313917819256, 21.332515960636311 ], [ -157.887306283010048, 21.332514279676676 ], [ -157.887306141760746, 21.332514248460846 ], [ -157.887298533458818, 21.332512560744039 ], [ -157.8872909164578, 21.332510870406839 ], [ -157.887290755020985, 21.332510834428533 ], [ -157.887283149622021, 21.332509132262214 ], [ -157.887275544222888, 21.33250743009545 ], [ -157.88727537273482, 21.332507391541959 ], [ -157.887267771202829, 21.33250567492664 ], [ -157.887260169671862, 21.332503958311229 ], [ -157.88725998816318, 21.332503917128278 ], [ -157.887252390499242, 21.332502185160955 ], [ -157.887244782739316, 21.332500449987933 ], [ -157.887244611426752, 21.332500410742178 ], [ -157.887237017630838, 21.332498663422736 ], [ -157.887229413749452, 21.332496912878334 ], [ -157.887229219888809, 21.332496868026496 ], [ -157.887221630925893, 21.33249510354926 ], [ -157.887214021814827, 21.332493332577879 ], [ -157.887213838123103, 21.332493289625287 ], [ -157.887206253994208, 21.332491507990241 ], [ -157.887198649743539, 21.332489719819019 ], [ -157.887198458626159, 21.332489674660582 ], [ -157.88719087836725, 21.33248787496392 ], [ -157.887183266388263, 21.332486064791421 ], [ -157.887183072860751, 21.332486018547041 ], [ -157.88717549839987, 21.332484199886874 ], [ -157.8871678922321, 21.332482370666245 ], [ -157.887167688787258, 21.332482321493124 ], [ -157.887160120126396, 21.332480482966353 ], [ -157.887152521404488, 21.332478634421577 ], [ -157.887152298109612, 21.332478579803194 ], [ -157.887144734285755, 21.332476719602791 ], [ -157.887137157146157, 21.332474854749762 ], [ -157.887136926652346, 21.332474797704212 ], [ -157.887129368628507, 21.332472916733916 ], [ -157.887121777272483, 21.332471024272092 ], [ -157.887121554344105, 21.33247096840007 ], [ -157.887114003085259, 21.332469065757358 ], [ -157.887106420200269, 21.332467152187377 ], [ -157.887106184825996, 21.332467092456977 ], [ -157.887098640332198, 21.332465167238752 ], [ -157.887091054275913, 21.332463227544505 ], [ -157.887090227162446, 21.332463011930695 ], [ -157.887050758639617, 21.332452525739452 ], [ -157.887011603000786, 21.332442104647438 ], [ -157.887010187652692, 21.332441715744597 ], [ -157.88697092110425, 21.332430585706032 ], [ -157.886931965339357, 21.332419525462374 ], [ -157.886930559084277, 21.332419113952398 ], [ -157.88689150511226, 21.332407343686704 ], [ -157.886852762101967, 21.332395649200173 ], [ -157.886851360043323, 21.332395213611377 ], [ -157.886812532141732, 21.332382805837572 ], [ -157.886774014613508, 21.332370480229667 ], [ -157.886772622877118, 21.332370022457223 ], [ -157.886734031646995, 21.33235698260161 ], [ -157.886695745434537, 21.332344026403231 ], [ -157.886694364685582, 21.332343546699601 ], [ -157.886656021691948, 21.332329877479889 ], [ -157.886617985575867, 21.332316299425422 ], [ -157.886616609765866, 21.332315795680891 ], [ -157.88657852753974, 21.332301500718589 ], [ -157.886540751615797, 21.332287303430789 ], [ -157.886539385425181, 21.332286777280217 ], [ -157.886501575531554, 21.332271862002624 ], [ -157.886464069869419, 21.33225704911548 ], [ -157.886462713970104, 21.332256500819433 ], [ -157.886425187973003, 21.332240969750465 ], [ -157.886387962206783, 21.332225544467665 ], [ -157.88638662002603, 21.332224975490345 ], [ -157.886349388525502, 21.332208834056708 ], [ -157.886312453543098, 21.332192801458906 ], [ -157.886311120858238, 21.332192210028527 ], [ -157.88627419638334, 21.332175461851737 ], [ -157.886237566228715, 21.3321588275046 ], [ -157.886236881024018, 21.332158512847055 ], [ -157.886234701305142, 21.332157500718303 ], [ -157.886233486529562, 21.332156936516697 ], [ -157.886226054398605, 21.332153047876261 ], [ -157.886219064864974, 21.332148495426068 ], [ -157.886212585241708, 21.332143323008744 ], [ -157.886206677931199, 21.332137580437561 ], [ -157.886201399824017, 21.332131323016693 ], [ -157.886196801751254, 21.332124611008563 ], [ -157.886192927994756, 21.33211750905356 ], [ -157.886189815860888, 21.332110085547431 ], [ -157.88618749532111, 21.332102411982653 ], [ -157.886185988723327, 21.332094562259883 ], [ -157.88618531057682, 21.332086611976273 ], [ -157.886185467412361, 21.332078637697421 ], [ -157.886186457719447, 21.332070716219985 ], [ -157.886188271960634, 21.332062923832126 ], [ -157.886190892663819, 21.332055335578765 ], [ -157.886194294589927, 21.332048024538917 ], [ -157.886198444976571, 21.332041061121835 ], [ -157.886203303853137, 21.332034512388997 ], [ -157.886208824425921, 21.332028441408205 ], [ -157.886214953528793, 21.332022906646287 ], [ -157.886221632135118, 21.332017961405942 ], [ -157.886228795926286, 21.332013653312487 ], [ -157.886236375911096, 21.332010023855155 ], [ -157.886244299090322, 21.332007107987547 ], [ -157.886252489159403, 21.332004933791023 ], [ -157.886260867243664, 21.332003522204236 ], [ -157.886269352657706, 21.33200288682152 ], [ -157.886277863682466, 21.332003033761939 ], [ -157.886286318352234, 21.332003961610368 ], [ -157.88629463524407, 21.332005661431129 ], [ -157.886302734261903, 21.332008116854048 ], [ -157.886310537407866, 21.332011304232076 ], [ -157.886311741149399, 21.332011863309283 ], [ -157.886313575325971, 21.332012714989155 ] ] ] } }
]
}
